[Train] convnextv2 using /root/Computer_Vision_Contest-Private-/configs/fulltrain_convnextv2_large_offline.yaml
2025-11-11 15:22:33 - INFO - Starting run: 20251111-152233_convnextv2_large.fcmae_ft_in22k_in1k_384px_rot90_jitter_affine_rrc_no-reg_ls0.05_cosine
2025-11-11 15:22:33 - INFO - Configuration:
{
  "experiment": {
    "name": "convnextv2_large_fulltrain_384",
    "seed": 2024,
    "deterministic": false
  },
  "paths": {
    "data_root": "data/processed/offline_aug",
    "train_csv": "data/processed/offline_aug/train_offline_aug.csv",
    "meta_csv": "data/raw/meta.csv",
    "image_dir": "data/processed/offline_aug/images",
    "test_dir": "data/raw/test",
    "output_root": "outputs"
  },
  "data": {
    "num_classes": 17,
    "input_size": 384,
    "mean": [
      0.485,
      0.456,
      0.406
    ],
    "std": [
      0.229,
      0.224,
      0.225
    ],
    "excluded_ids": [],
    "loader": {
      "batch_size": 10,
      "num_workers": 8,
      "pin_memory": true,
      "persistent_workers": true,
      "prefetch_factor": 3,
      "timeout": 120,
      "mp_context": "spawn"
    }
  },
  "split": {
    "full_train": true,
    "full_train_holdout_fraction": 0.02,
    "seed": 2024
  },
  "sampler": {
    "name": "weighted_random",
    "minority_classes": [
      1,
      13,
      14
    ],
    "weights_power": 0.85,
    "replacement": true
  },
  "augmentations": {
    "name": "rot90_jitter_affine_rrc",
    "use_reference_pipeline": true,
    "random_resized_crop_scale": [
      0.95,
      1.0
    ],
    "random_resized_crop_ratio": [
      0.9,
      1.1
    ],
    "random_rotate90": true,
    "random_rotate90_prob": 0.5,
    "max_rotate": 12,
    "rotate_prob": 1.0,
    "affine_scale": [
      0.95,
      1.05
    ],
    "affine_translate": [
      0.05,
      0.05
    ],
    "horizontal_flip": true,
    "horizontal_flip_prob": 0.5,
    "brightness_contrast": [
      0.1,
      0.1
    ],
    "color_jitter": {
      "p": 0.35,
      "brightness": 0.25,
      "contrast": 0.1,
      "saturation": 0.15,
      "hue": 0.0
    },
    "blur": {
      "p": 0.35,
      "blur_limit": [
        3,
        7
      ],
      "sigma_limit": [
        0.2,
        1.0
      ]
    }
  },
  "regularization": {
    "mixup_alpha": 0.0,
    "cutmix_alpha": 0.0,
    "tag": "no-reg"
  },
  "model": {
    "name": "convnextv2_large.fcmae_ft_in22k_in1k",
    "pretrained": true,
    "drop_path_rate": 0.3
  },
  "loss": {
    "name": "cross_entropy",
    "label_smoothing": 0.05
  },
  "optimizer": {
    "name": "adamw",
    "lr": 6e-05,
    "weight_decay": 0.05,
    "betas": [
      0.9,
      0.999
    ]
  },
  "scheduler": {
    "name": "cosine",
    "warmup_epochs": 3,
    "min_lr": 1e-06
  },
  "training": {
    "epochs": 20,
    "amp": true,
    "grad_clip_norm": null,
    "save_best_metric": "f1",
    "validation_interval": 1,
    "early_stopping": {},
    "ema": {
      "enabled": false
    },
    "swa": {
      "enabled": false
    }
  },
  "logging": {
    "project": "document_type_classification",
    "log_interval": 50
  },
  "submission": {
    "metric_name": "f1",
    "leaderboard_score": 0.0,
    "tta": {
      "enabled": true,
      "rotations": [
        0,
        90,
        180,
        270
      ],
      "jitter_degrees": 0,
      "horizontal_flip": true,
      "vertical_flip": false
    }
  },
  "performance": {
    "allow_tf32": true,
    "matmul_precision": "high",
    "cudnn_benchmark": true,
    "channels_last": true
  }
}
2025-11-11 15:23:16 - INFO - [Epoch 1] Step 50/1372 - loss: 2.8861
2025-11-11 15:23:33 - INFO - [Epoch 1] Step 100/1372 - loss: 2.8990
2025-11-11 15:23:50 - INFO - [Epoch 1] Step 150/1372 - loss: 2.8997
2025-11-11 15:24:07 - INFO - [Epoch 1] Step 200/1372 - loss: 2.8983
2025-11-11 15:24:24 - INFO - [Epoch 1] Step 250/1372 - loss: 2.9074
2025-11-11 15:24:40 - INFO - [Epoch 1] Step 300/1372 - loss: 2.9045
2025-11-11 15:24:57 - INFO - [Epoch 1] Step 350/1372 - loss: 2.9058
2025-11-11 15:25:14 - INFO - [Epoch 1] Step 400/1372 - loss: 2.9050
2025-11-11 15:25:31 - INFO - [Epoch 1] Step 450/1372 - loss: 2.8995
2025-11-11 15:25:48 - INFO - [Epoch 1] Step 500/1372 - loss: 2.9010
2025-11-11 15:26:05 - INFO - [Epoch 1] Step 550/1372 - loss: 2.9001
2025-11-11 15:26:21 - INFO - [Epoch 1] Step 600/1372 - loss: 2.8981
2025-11-11 15:26:38 - INFO - [Epoch 1] Step 650/1372 - loss: 2.8985
2025-11-11 15:26:55 - INFO - [Epoch 1] Step 700/1372 - loss: 2.8979
2025-11-11 15:27:12 - INFO - [Epoch 1] Step 750/1372 - loss: 2.8971
2025-11-11 15:27:29 - INFO - [Epoch 1] Step 800/1372 - loss: 2.8965
2025-11-11 15:27:46 - INFO - [Epoch 1] Step 850/1372 - loss: 2.8967
2025-11-11 15:28:03 - INFO - [Epoch 1] Step 900/1372 - loss: 2.8945
2025-11-11 15:28:19 - INFO - [Epoch 1] Step 950/1372 - loss: 2.8908
2025-11-11 15:28:36 - INFO - [Epoch 1] Step 1000/1372 - loss: 2.8922
2025-11-11 15:28:53 - INFO - [Epoch 1] Step 1050/1372 - loss: 2.8903
2025-11-11 15:29:10 - INFO - [Epoch 1] Step 1100/1372 - loss: 2.8892
2025-11-11 15:29:27 - INFO - [Epoch 1] Step 1150/1372 - loss: 2.8886
2025-11-11 15:29:44 - INFO - [Epoch 1] Step 1200/1372 - loss: 2.8882
2025-11-11 15:30:01 - INFO - [Epoch 1] Step 1250/1372 - loss: 2.8874
2025-11-11 15:30:17 - INFO - [Epoch 1] Step 1300/1372 - loss: 2.8876
2025-11-11 15:30:34 - INFO - [Epoch 1] Step 1350/1372 - loss: 2.8884
2025-11-11 15:30:42 - INFO - [Epoch 1] Step 1372/1372 - loss: 2.8887
2025-11-11 15:30:51 - INFO - [Epoch 1] Top misclassified classes: 4: 17/17 (acc=0.000), 8: 17/17 (acc=0.000), 9: 17/17 (acc=0.000), 10: 17/17 (acc=0.000), 0: 16/17 (acc=0.059), 1: 16/17 (acc=0.059), 2: 16/16 (acc=0.000), 3: 16/16 (acc=0.000), 12: 16/16 (acc=0.000), 15: 16/16 (acc=0.000)
2025-11-11 15:30:53 - INFO - Epoch 1/20 - train_loss: 2.8887 - val_loss: 2.8390 - f1: 0.0992
2025-11-11 15:31:11 - INFO - [Epoch 2] Step 50/1372 - loss: 2.6249
2025-11-11 15:31:28 - INFO - [Epoch 2] Step 100/1372 - loss: 2.4179
2025-11-11 15:31:44 - INFO - [Epoch 2] Step 150/1372 - loss: 2.2547
2025-11-11 15:32:01 - INFO - [Epoch 2] Step 200/1372 - loss: 2.0860
2025-11-11 15:32:18 - INFO - [Epoch 2] Step 250/1372 - loss: 1.9537
2025-11-11 15:32:35 - INFO - [Epoch 2] Step 300/1372 - loss: 1.8567
2025-11-11 15:32:52 - INFO - [Epoch 2] Step 350/1372 - loss: 1.7532
2025-11-11 15:33:08 - INFO - [Epoch 2] Step 400/1372 - loss: 1.6700
2025-11-11 15:33:25 - INFO - [Epoch 2] Step 450/1372 - loss: 1.6082
2025-11-11 15:33:42 - INFO - [Epoch 2] Step 500/1372 - loss: 1.5511
2025-11-11 15:33:59 - INFO - [Epoch 2] Step 550/1372 - loss: 1.5052
2025-11-11 15:34:16 - INFO - [Epoch 2] Step 600/1372 - loss: 1.4661
2025-11-11 15:34:33 - INFO - [Epoch 2] Step 650/1372 - loss: 1.4298
2025-11-11 15:34:50 - INFO - [Epoch 2] Step 700/1372 - loss: 1.3974
2025-11-11 15:35:06 - INFO - [Epoch 2] Step 750/1372 - loss: 1.3674
2025-11-11 15:35:23 - INFO - [Epoch 2] Step 800/1372 - loss: 1.3346
2025-11-11 15:35:40 - INFO - [Epoch 2] Step 850/1372 - loss: 1.3102
2025-11-11 15:35:57 - INFO - [Epoch 2] Step 900/1372 - loss: 1.2907
2025-11-11 15:36:14 - INFO - [Epoch 2] Step 950/1372 - loss: 1.2719
2025-11-11 15:36:31 - INFO - [Epoch 2] Step 1000/1372 - loss: 1.2509
2025-11-11 15:36:47 - INFO - [Epoch 2] Step 1050/1372 - loss: 1.2312
2025-11-11 15:37:04 - INFO - [Epoch 2] Step 1100/1372 - loss: 1.2158
2025-11-11 15:37:21 - INFO - [Epoch 2] Step 1150/1372 - loss: 1.1988
2025-11-11 15:37:38 - INFO - [Epoch 2] Step 1200/1372 - loss: 1.1835
2025-11-11 15:37:55 - INFO - [Epoch 2] Step 1250/1372 - loss: 1.1721
2025-11-11 15:38:12 - INFO - [Epoch 2] Step 1300/1372 - loss: 1.1567
2025-11-11 15:38:28 - INFO - [Epoch 2] Step 1350/1372 - loss: 1.1457
2025-11-11 15:38:36 - INFO - [Epoch 2] Step 1372/1372 - loss: 1.1409
2025-11-11 15:38:40 - INFO - [Epoch 2] Top misclassified classes: 7: 10/17 (acc=0.412), 3: 4/16 (acc=0.750), 4: 1/17 (acc=0.941), 14: 1/17 (acc=0.941), 12: 1/16 (acc=0.938), 15: 1/16 (acc=0.938), 0: 0/17 (acc=1.000), 1: 0/17 (acc=1.000), 8: 0/17 (acc=1.000), 9: 0/17 (acc=1.000)
2025-11-11 15:38:43 - INFO - Epoch 2/20 - train_loss: 1.1409 - val_loss: 0.5363 - f1: 0.9327
2025-11-11 15:39:00 - INFO - [Epoch 3] Step 50/1372 - loss: 0.9956
2025-11-11 15:39:17 - INFO - [Epoch 3] Step 100/1372 - loss: 0.9468
2025-11-11 15:39:34 - INFO - [Epoch 3] Step 150/1372 - loss: 0.8965
2025-11-11 15:39:51 - INFO - [Epoch 3] Step 200/1372 - loss: 0.8787
2025-11-11 15:40:08 - INFO - [Epoch 3] Step 250/1372 - loss: 0.8796
2025-11-11 15:40:24 - INFO - [Epoch 3] Step 300/1372 - loss: 0.8596
2025-11-11 15:40:41 - INFO - [Epoch 3] Step 350/1372 - loss: 0.8595
2025-11-11 15:40:58 - INFO - [Epoch 3] Step 400/1372 - loss: 0.8536
2025-11-11 15:41:15 - INFO - [Epoch 3] Step 450/1372 - loss: 0.8424
2025-11-11 15:41:32 - INFO - [Epoch 3] Step 500/1372 - loss: 0.8357
2025-11-11 15:41:49 - INFO - [Epoch 3] Step 550/1372 - loss: 0.8279
2025-11-11 15:42:06 - INFO - [Epoch 3] Step 600/1372 - loss: 0.8302
2025-11-11 15:42:22 - INFO - [Epoch 3] Step 650/1372 - loss: 0.8252
2025-11-11 15:42:39 - INFO - [Epoch 3] Step 700/1372 - loss: 0.8224
2025-11-11 15:42:56 - INFO - [Epoch 3] Step 750/1372 - loss: 0.8183
2025-11-11 15:43:13 - INFO - [Epoch 3] Step 800/1372 - loss: 0.8135
2025-11-11 15:43:30 - INFO - [Epoch 3] Step 850/1372 - loss: 0.8113
2025-11-11 15:43:47 - INFO - [Epoch 3] Step 900/1372 - loss: 0.8120
2025-11-11 15:44:03 - INFO - [Epoch 3] Step 950/1372 - loss: 0.8086
2025-11-11 15:44:20 - INFO - [Epoch 3] Step 1000/1372 - loss: 0.8077
2025-11-11 15:44:37 - INFO - [Epoch 3] Step 1050/1372 - loss: 0.8054
2025-11-11 15:44:54 - INFO - [Epoch 3] Step 1100/1372 - loss: 0.8033
2025-11-11 15:45:11 - INFO - [Epoch 3] Step 1150/1372 - loss: 0.7984
2025-11-11 15:45:28 - INFO - [Epoch 3] Step 1200/1372 - loss: 0.7966
2025-11-11 15:45:44 - INFO - [Epoch 3] Step 1250/1372 - loss: 0.7943
2025-11-11 15:46:01 - INFO - [Epoch 3] Step 1300/1372 - loss: 0.7928
2025-11-11 15:46:18 - INFO - [Epoch 3] Step 1350/1372 - loss: 0.7902
2025-11-11 15:46:25 - INFO - [Epoch 3] Step 1372/1372 - loss: 0.7885
/opt/conda/lib/python3.10/site-packages/torch/optim/lr_scheduler.py:149: UserWarning: The epoch parameter in `scheduler.step()` was not necessary and is being deprecated where possible. Please use `scheduler.step()` to step the scheduler. During the deprecation, if epoch is different from None, the closed form is used instead of the new chainable form, where available. Please open an issue if you are unable to replicate your use case: https://github.com/pytorch/pytorch/issues/new/choose.
  warnings.warn(EPOCH_DEPRECATION_WARNING, UserWarning)
2025-11-11 15:46:30 - INFO - [Epoch 3] Top misclassified classes: 7: 9/17 (acc=0.471), 3: 4/16 (acc=0.750), 4: 2/17 (acc=0.882), 9: 1/17 (acc=0.941), 14: 1/17 (acc=0.941), 0: 0/17 (acc=1.000), 1: 0/17 (acc=1.000), 8: 0/17 (acc=1.000), 10: 0/17 (acc=1.000), 11: 0/17 (acc=1.000)
2025-11-11 15:46:34 - INFO - Epoch 3/20 - train_loss: 0.7885 - val_loss: 0.4966 - f1: 0.9369
2025-11-11 15:46:52 - INFO - [Epoch 4] Step 50/1372 - loss: 0.7721
2025-11-11 15:47:09 - INFO - [Epoch 4] Step 100/1372 - loss: 0.7719
2025-11-11 15:47:25 - INFO - [Epoch 4] Step 150/1372 - loss: 0.7942
2025-11-11 15:47:42 - INFO - [Epoch 4] Step 200/1372 - loss: 0.7696
2025-11-11 15:47:59 - INFO - [Epoch 4] Step 250/1372 - loss: 0.7637
2025-11-11 15:48:16 - INFO - [Epoch 4] Step 300/1372 - loss: 0.7639
2025-11-11 15:48:33 - INFO - [Epoch 4] Step 350/1372 - loss: 0.7684
2025-11-11 15:48:49 - INFO - [Epoch 4] Step 400/1372 - loss: 0.7621
2025-11-11 15:49:06 - INFO - [Epoch 4] Step 450/1372 - loss: 0.7569
2025-11-11 15:49:23 - INFO - [Epoch 4] Step 500/1372 - loss: 0.7529
2025-11-11 15:49:40 - INFO - [Epoch 4] Step 550/1372 - loss: 0.7521
2025-11-11 15:49:57 - INFO - [Epoch 4] Step 600/1372 - loss: 0.7500
2025-11-11 15:50:14 - INFO - [Epoch 4] Step 650/1372 - loss: 0.7485
2025-11-11 15:50:30 - INFO - [Epoch 4] Step 700/1372 - loss: 0.7530
2025-11-11 15:50:47 - INFO - [Epoch 4] Step 750/1372 - loss: 0.7500
2025-11-11 15:51:04 - INFO - [Epoch 4] Step 800/1372 - loss: 0.7486
2025-11-11 15:51:21 - INFO - [Epoch 4] Step 850/1372 - loss: 0.7468
2025-11-11 15:51:38 - INFO - [Epoch 4] Step 900/1372 - loss: 0.7453
2025-11-11 15:51:55 - INFO - [Epoch 4] Step 950/1372 - loss: 0.7469
2025-11-11 15:52:11 - INFO - [Epoch 4] Step 1000/1372 - loss: 0.7453
2025-11-11 15:52:28 - INFO - [Epoch 4] Step 1050/1372 - loss: 0.7466
2025-11-11 15:52:45 - INFO - [Epoch 4] Step 1100/1372 - loss: 0.7442
2025-11-11 15:53:02 - INFO - [Epoch 4] Step 1150/1372 - loss: 0.7401
2025-11-11 15:53:19 - INFO - [Epoch 4] Step 1200/1372 - loss: 0.7401
2025-11-11 15:53:36 - INFO - [Epoch 4] Step 1250/1372 - loss: 0.7368
2025-11-11 15:53:52 - INFO - [Epoch 4] Step 1300/1372 - loss: 0.7354
2025-11-11 15:54:09 - INFO - [Epoch 4] Step 1350/1372 - loss: 0.7332
2025-11-11 15:54:17 - INFO - [Epoch 4] Step 1372/1372 - loss: 0.7318
2025-11-11 15:54:21 - INFO - [Epoch 4] Top misclassified classes: 7: 8/17 (acc=0.529), 6: 2/16 (acc=0.875), 4: 1/17 (acc=0.941), 3: 1/16 (acc=0.938), 5: 1/16 (acc=0.938), 0: 0/17 (acc=1.000), 1: 0/17 (acc=1.000), 8: 0/17 (acc=1.000), 9: 0/17 (acc=1.000), 10: 0/17 (acc=1.000)
2025-11-11 15:54:24 - INFO - Epoch 4/20 - train_loss: 0.7318 - val_loss: 0.4639 - f1: 0.9511
2025-11-11 15:54:41 - INFO - [Epoch 5] Step 50/1372 - loss: 0.7527
2025-11-11 15:54:58 - INFO - [Epoch 5] Step 100/1372 - loss: 0.7237
2025-11-11 15:55:15 - INFO - [Epoch 5] Step 150/1372 - loss: 0.7136
2025-11-11 15:55:32 - INFO - [Epoch 5] Step 200/1372 - loss: 0.6979
2025-11-11 15:55:49 - INFO - [Epoch 5] Step 250/1372 - loss: 0.7130
2025-11-11 15:56:05 - INFO - [Epoch 5] Step 300/1372 - loss: 0.7066
2025-11-11 15:56:22 - INFO - [Epoch 5] Step 350/1372 - loss: 0.7035
2025-11-11 15:56:39 - INFO - [Epoch 5] Step 400/1372 - loss: 0.7040
2025-11-11 15:56:56 - INFO - [Epoch 5] Step 450/1372 - loss: 0.6996
2025-11-11 15:57:13 - INFO - [Epoch 5] Step 500/1372 - loss: 0.6963
2025-11-11 15:57:30 - INFO - [Epoch 5] Step 550/1372 - loss: 0.6993
2025-11-11 15:57:46 - INFO - [Epoch 5] Step 600/1372 - loss: 0.6976
2025-11-11 15:58:03 - INFO - [Epoch 5] Step 650/1372 - loss: 0.6928
2025-11-11 15:58:20 - INFO - [Epoch 5] Step 700/1372 - loss: 0.6948
2025-11-11 15:58:37 - INFO - [Epoch 5] Step 750/1372 - loss: 0.6908
2025-11-11 15:58:54 - INFO - [Epoch 5] Step 800/1372 - loss: 0.6927
2025-11-11 15:59:11 - INFO - [Epoch 5] Step 850/1372 - loss: 0.6937
2025-11-11 15:59:27 - INFO - [Epoch 5] Step 900/1372 - loss: 0.6931
2025-11-11 15:59:44 - INFO - [Epoch 5] Step 950/1372 - loss: 0.6925
2025-11-11 16:00:01 - INFO - [Epoch 5] Step 1000/1372 - loss: 0.6917
2025-11-11 16:00:18 - INFO - [Epoch 5] Step 1050/1372 - loss: 0.6889
2025-11-11 16:00:35 - INFO - [Epoch 5] Step 1100/1372 - loss: 0.6872
2025-11-11 16:00:52 - INFO - [Epoch 5] Step 1150/1372 - loss: 0.6861
2025-11-11 16:01:08 - INFO - [Epoch 5] Step 1200/1372 - loss: 0.6842
2025-11-11 16:01:25 - INFO - [Epoch 5] Step 1250/1372 - loss: 0.6836
2025-11-11 16:01:42 - INFO - [Epoch 5] Step 1300/1372 - loss: 0.6841
2025-11-11 16:01:59 - INFO - [Epoch 5] Step 1350/1372 - loss: 0.6850
2025-11-11 16:02:06 - INFO - [Epoch 5] Step 1372/1372 - loss: 0.6836
2025-11-11 16:02:11 - INFO - [Epoch 5] Top misclassified classes: 7: 7/17 (acc=0.588), 3: 3/16 (acc=0.812), 4: 1/17 (acc=0.941), 0: 0/17 (acc=1.000), 1: 0/17 (acc=1.000), 8: 0/17 (acc=1.000), 9: 0/17 (acc=1.000), 10: 0/17 (acc=1.000), 11: 0/17 (acc=1.000), 14: 0/17 (acc=1.000)
2025-11-11 16:02:15 - INFO - Epoch 5/20 - train_loss: 0.6836 - val_loss: 0.4199 - f1: 0.9596
2025-11-11 16:02:33 - INFO - [Epoch 6] Step 50/1372 - loss: 0.5827
2025-11-11 16:02:49 - INFO - [Epoch 6] Step 100/1372 - loss: 0.6251
2025-11-11 16:03:06 - INFO - [Epoch 6] Step 150/1372 - loss: 0.6290
2025-11-11 16:03:23 - INFO - [Epoch 6] Step 200/1372 - loss: 0.6274
2025-11-11 16:03:40 - INFO - [Epoch 6] Step 250/1372 - loss: 0.6269
2025-11-11 16:03:57 - INFO - [Epoch 6] Step 300/1372 - loss: 0.6274
2025-11-11 16:04:14 - INFO - [Epoch 6] Step 350/1372 - loss: 0.6279
2025-11-11 16:04:30 - INFO - [Epoch 6] Step 400/1372 - loss: 0.6252
2025-11-11 16:04:47 - INFO - [Epoch 6] Step 450/1372 - loss: 0.6376
2025-11-11 16:05:04 - INFO - [Epoch 6] Step 500/1372 - loss: 0.6356
2025-11-11 16:05:21 - INFO - [Epoch 6] Step 550/1372 - loss: 0.6328
2025-11-11 16:05:38 - INFO - [Epoch 6] Step 600/1372 - loss: 0.6318
2025-11-11 16:05:54 - INFO - [Epoch 6] Step 650/1372 - loss: 0.6352
2025-11-11 16:06:11 - INFO - [Epoch 6] Step 700/1372 - loss: 0.6328
2025-11-11 16:06:28 - INFO - [Epoch 6] Step 750/1372 - loss: 0.6302
2025-11-11 16:06:45 - INFO - [Epoch 6] Step 800/1372 - loss: 0.6307
2025-11-11 16:07:02 - INFO - [Epoch 6] Step 850/1372 - loss: 0.6319
2025-11-11 16:07:19 - INFO - [Epoch 6] Step 900/1372 - loss: 0.6344
2025-11-11 16:07:35 - INFO - [Epoch 6] Step 950/1372 - loss: 0.6345
2025-11-11 16:07:52 - INFO - [Epoch 6] Step 1000/1372 - loss: 0.6340
2025-11-11 16:08:09 - INFO - [Epoch 6] Step 1050/1372 - loss: 0.6330
2025-11-11 16:08:26 - INFO - [Epoch 6] Step 1100/1372 - loss: 0.6321
2025-11-11 16:08:43 - INFO - [Epoch 6] Step 1150/1372 - loss: 0.6338
2025-11-11 16:09:00 - INFO - [Epoch 6] Step 1200/1372 - loss: 0.6317
2025-11-11 16:09:16 - INFO - [Epoch 6] Step 1250/1372 - loss: 0.6309
2025-11-11 16:09:33 - INFO - [Epoch 6] Step 1300/1372 - loss: 0.6312
2025-11-11 16:09:50 - INFO - [Epoch 6] Step 1350/1372 - loss: 0.6304
2025-11-11 16:09:57 - INFO - [Epoch 6] Step 1372/1372 - loss: 0.6298
2025-11-11 16:10:02 - INFO - [Epoch 6] Top misclassified classes: 3: 13/16 (acc=0.188), 4: 5/17 (acc=0.706), 7: 1/17 (acc=0.941), 14: 1/17 (acc=0.941), 0: 0/17 (acc=1.000), 1: 0/17 (acc=1.000), 8: 0/17 (acc=1.000), 9: 0/17 (acc=1.000), 10: 0/17 (acc=1.000), 11: 0/17 (acc=1.000)
2025-11-11 16:10:02 - INFO - Epoch 6/20 - train_loss: 0.6298 - val_loss: 0.4999 - f1: 0.9193
2025-11-11 16:10:20 - INFO - [Epoch 7] Step 50/1372 - loss: 0.6293
2025-11-11 16:10:37 - INFO - [Epoch 7] Step 100/1372 - loss: 0.6248
2025-11-11 16:10:53 - INFO - [Epoch 7] Step 150/1372 - loss: 0.6214
2025-11-11 16:11:10 - INFO - [Epoch 7] Step 200/1372 - loss: 0.6136
2025-11-11 16:11:27 - INFO - [Epoch 7] Step 250/1372 - loss: 0.6116
2025-11-11 16:11:44 - INFO - [Epoch 7] Step 300/1372 - loss: 0.6074
2025-11-11 16:12:01 - INFO - [Epoch 7] Step 350/1372 - loss: 0.6075
2025-11-11 16:12:18 - INFO - [Epoch 7] Step 400/1372 - loss: 0.6058
2025-11-11 16:12:34 - INFO - [Epoch 7] Step 450/1372 - loss: 0.6037
2025-11-11 16:12:51 - INFO - [Epoch 7] Step 500/1372 - loss: 0.6075
2025-11-11 16:13:08 - INFO - [Epoch 7] Step 550/1372 - loss: 0.6050
2025-11-11 16:13:25 - INFO - [Epoch 7] Step 600/1372 - loss: 0.6075
2025-11-11 16:13:42 - INFO - [Epoch 7] Step 650/1372 - loss: 0.6067
2025-11-11 16:13:58 - INFO - [Epoch 7] Step 700/1372 - loss: 0.6064
2025-11-11 16:14:15 - INFO - [Epoch 7] Step 750/1372 - loss: 0.6081
2025-11-11 16:14:32 - INFO - [Epoch 7] Step 800/1372 - loss: 0.6082
2025-11-11 16:14:49 - INFO - [Epoch 7] Step 850/1372 - loss: 0.6068
2025-11-11 16:15:06 - INFO - [Epoch 7] Step 900/1372 - loss: 0.6058
2025-11-11 16:15:23 - INFO - [Epoch 7] Step 950/1372 - loss: 0.6049
2025-11-11 16:15:39 - INFO - [Epoch 7] Step 1000/1372 - loss: 0.6050
2025-11-11 16:15:56 - INFO - [Epoch 7] Step 1050/1372 - loss: 0.6022
2025-11-11 16:16:13 - INFO - [Epoch 7] Step 1100/1372 - loss: 0.6031
2025-11-11 16:16:30 - INFO - [Epoch 7] Step 1150/1372 - loss: 0.6034
2025-11-11 16:16:47 - INFO - [Epoch 7] Step 1200/1372 - loss: 0.6019
2025-11-11 16:17:04 - INFO - [Epoch 7] Step 1250/1372 - loss: 0.6020
2025-11-11 16:17:20 - INFO - [Epoch 7] Step 1300/1372 - loss: 0.6014
2025-11-11 16:17:37 - INFO - [Epoch 7] Step 1350/1372 - loss: 0.6012
2025-11-11 16:17:45 - INFO - [Epoch 7] Step 1372/1372 - loss: 0.6024
2025-11-11 16:17:49 - INFO - [Epoch 7] Top misclassified classes: 3: 8/16 (acc=0.500), 7: 2/17 (acc=0.882), 4: 1/17 (acc=0.941), 0: 0/17 (acc=1.000), 1: 0/17 (acc=1.000), 8: 0/17 (acc=1.000), 9: 0/17 (acc=1.000), 10: 0/17 (acc=1.000), 11: 0/17 (acc=1.000), 14: 0/17 (acc=1.000)
2025-11-11 16:17:49 - INFO - Epoch 7/20 - train_loss: 0.6024 - val_loss: 0.4308 - f1: 0.9583
2025-11-11 16:18:07 - INFO - [Epoch 8] Step 50/1372 - loss: 0.5962
2025-11-11 16:18:23 - INFO - [Epoch 8] Step 100/1372 - loss: 0.6197
2025-11-11 16:18:40 - INFO - [Epoch 8] Step 150/1372 - loss: 0.6210
2025-11-11 16:18:57 - INFO - [Epoch 8] Step 200/1372 - loss: 0.6179
2025-11-11 16:19:14 - INFO - [Epoch 8] Step 250/1372 - loss: 0.6198
2025-11-11 16:19:31 - INFO - [Epoch 8] Step 300/1372 - loss: 0.6131
2025-11-11 16:19:48 - INFO - [Epoch 8] Step 350/1372 - loss: 0.6097
2025-11-11 16:20:04 - INFO - [Epoch 8] Step 400/1372 - loss: 0.6055
2025-11-11 16:20:21 - INFO - [Epoch 8] Step 450/1372 - loss: 0.6039
2025-11-11 16:20:38 - INFO - [Epoch 8] Step 500/1372 - loss: 0.6012
2025-11-11 16:20:55 - INFO - [Epoch 8] Step 550/1372 - loss: 0.5993
2025-11-11 16:21:12 - INFO - [Epoch 8] Step 600/1372 - loss: 0.6006
2025-11-11 16:21:29 - INFO - [Epoch 8] Step 650/1372 - loss: 0.5998
2025-11-11 16:21:45 - INFO - [Epoch 8] Step 700/1372 - loss: 0.6017
2025-11-11 16:22:02 - INFO - [Epoch 8] Step 750/1372 - loss: 0.5958
2025-11-11 16:22:19 - INFO - [Epoch 8] Step 800/1372 - loss: 0.5935
2025-11-11 16:22:36 - INFO - [Epoch 8] Step 850/1372 - loss: 0.5903
2025-11-11 16:22:53 - INFO - [Epoch 8] Step 900/1372 - loss: 0.5891
2025-11-11 16:23:10 - INFO - [Epoch 8] Step 950/1372 - loss: 0.5891
2025-11-11 16:23:26 - INFO - [Epoch 8] Step 1000/1372 - loss: 0.5923
2025-11-11 16:23:43 - INFO - [Epoch 8] Step 1050/1372 - loss: 0.5912
2025-11-11 16:24:00 - INFO - [Epoch 8] Step 1100/1372 - loss: 0.5904
2025-11-11 16:24:17 - INFO - [Epoch 8] Step 1150/1372 - loss: 0.5881
2025-11-11 16:24:34 - INFO - [Epoch 8] Step 1200/1372 - loss: 0.5880
2025-11-11 16:24:50 - INFO - [Epoch 8] Step 1250/1372 - loss: 0.5874
2025-11-11 16:25:07 - INFO - [Epoch 8] Step 1300/1372 - loss: 0.5869
2025-11-11 16:25:24 - INFO - [Epoch 8] Step 1350/1372 - loss: 0.5853
2025-11-11 16:25:32 - INFO - [Epoch 8] Step 1372/1372 - loss: 0.5839
2025-11-11 16:25:36 - INFO - [Epoch 8] Top misclassified classes: 7: 4/17 (acc=0.765), 3: 4/16 (acc=0.750), 4: 3/17 (acc=0.824), 14: 2/17 (acc=0.882), 6: 1/16 (acc=0.938), 0: 0/17 (acc=1.000), 1: 0/17 (acc=1.000), 8: 0/17 (acc=1.000), 9: 0/17 (acc=1.000), 10: 0/17 (acc=1.000)
2025-11-11 16:25:36 - INFO - Epoch 8/20 - train_loss: 0.5839 - val_loss: 0.4544 - f1: 0.9507
2025-11-11 16:25:54 - INFO - [Epoch 9] Step 50/1372 - loss: 0.5528
2025-11-11 16:26:11 - INFO - [Epoch 9] Step 100/1372 - loss: 0.5532
2025-11-11 16:26:27 - INFO - [Epoch 9] Step 150/1372 - loss: 0.5621
2025-11-11 16:26:44 - INFO - [Epoch 9] Step 200/1372 - loss: 0.5559
2025-11-11 16:27:01 - INFO - [Epoch 9] Step 250/1372 - loss: 0.5474
2025-11-11 16:27:18 - INFO - [Epoch 9] Step 300/1372 - loss: 0.5458
2025-11-11 16:27:35 - INFO - [Epoch 9] Step 350/1372 - loss: 0.5480
2025-11-11 16:27:51 - INFO - [Epoch 9] Step 400/1372 - loss: 0.5516
2025-11-11 16:28:08 - INFO - [Epoch 9] Step 450/1372 - loss: 0.5521
2025-11-11 16:28:25 - INFO - [Epoch 9] Step 500/1372 - loss: 0.5591
2025-11-11 16:28:42 - INFO - [Epoch 9] Step 550/1372 - loss: 0.5619
2025-11-11 16:28:59 - INFO - [Epoch 9] Step 600/1372 - loss: 0.5578
2025-11-11 16:29:16 - INFO - [Epoch 9] Step 650/1372 - loss: 0.5553
2025-11-11 16:29:32 - INFO - [Epoch 9] Step 700/1372 - loss: 0.5549
2025-11-11 16:29:49 - INFO - [Epoch 9] Step 750/1372 - loss: 0.5589
2025-11-11 16:30:06 - INFO - [Epoch 9] Step 800/1372 - loss: 0.5581
2025-11-11 16:30:23 - INFO - [Epoch 9] Step 850/1372 - loss: 0.5573
2025-11-11 16:30:40 - INFO - [Epoch 9] Step 900/1372 - loss: 0.5598
2025-11-11 16:30:57 - INFO - [Epoch 9] Step 950/1372 - loss: 0.5597
2025-11-11 16:31:13 - INFO - [Epoch 9] Step 1000/1372 - loss: 0.5594
2025-11-11 16:31:30 - INFO - [Epoch 9] Step 1050/1372 - loss: 0.5568
2025-11-11 16:31:47 - INFO - [Epoch 9] Step 1100/1372 - loss: 0.5582
2025-11-11 16:32:04 - INFO - [Epoch 9] Step 1150/1372 - loss: 0.5618
2025-11-11 16:32:21 - INFO - [Epoch 9] Step 1200/1372 - loss: 0.5614
2025-11-11 16:32:37 - INFO - [Epoch 9] Step 1250/1372 - loss: 0.5614
2025-11-11 16:32:54 - INFO - [Epoch 9] Step 1300/1372 - loss: 0.5609
2025-11-11 16:33:11 - INFO - [Epoch 9] Step 1350/1372 - loss: 0.5611
2025-11-11 16:33:19 - INFO - [Epoch 9] Step 1372/1372 - loss: 0.5603
2025-11-11 16:33:23 - INFO - [Epoch 9] Top misclassified classes: 3: 3/16 (acc=0.812), 4: 1/17 (acc=0.941), 14: 1/17 (acc=0.941), 0: 0/17 (acc=1.000), 1: 0/17 (acc=1.000), 7: 0/17 (acc=1.000), 8: 0/17 (acc=1.000), 9: 0/17 (acc=1.000), 10: 0/17 (acc=1.000), 11: 0/17 (acc=1.000)
2025-11-11 16:33:26 - INFO - Epoch 9/20 - train_loss: 0.5603 - val_loss: 0.3885 - f1: 0.9822
2025-11-11 16:33:43 - INFO - [Epoch 10] Step 50/1372 - loss: 0.5128
2025-11-11 16:34:00 - INFO - [Epoch 10] Step 100/1372 - loss: 0.5454
2025-11-11 16:34:17 - INFO - [Epoch 10] Step 150/1372 - loss: 0.5445
2025-11-11 16:34:34 - INFO - [Epoch 10] Step 200/1372 - loss: 0.5505
2025-11-11 16:34:51 - INFO - [Epoch 10] Step 250/1372 - loss: 0.5455
2025-11-11 16:35:07 - INFO - [Epoch 10] Step 300/1372 - loss: 0.5476
2025-11-11 16:35:24 - INFO - [Epoch 10] Step 350/1372 - loss: 0.5543
2025-11-11 16:35:41 - INFO - [Epoch 10] Step 400/1372 - loss: 0.5540
2025-11-11 16:35:58 - INFO - [Epoch 10] Step 450/1372 - loss: 0.5583
2025-11-11 16:36:15 - INFO - [Epoch 10] Step 500/1372 - loss: 0.5513
2025-11-11 16:36:32 - INFO - [Epoch 10] Step 550/1372 - loss: 0.5524
2025-11-11 16:36:48 - INFO - [Epoch 10] Step 600/1372 - loss: 0.5550
2025-11-11 16:37:05 - INFO - [Epoch 10] Step 650/1372 - loss: 0.5545
2025-11-11 16:37:22 - INFO - [Epoch 10] Step 700/1372 - loss: 0.5585
2025-11-11 16:37:39 - INFO - [Epoch 10] Step 750/1372 - loss: 0.5579
2025-11-11 16:37:56 - INFO - [Epoch 10] Step 800/1372 - loss: 0.5571
2025-11-11 16:38:13 - INFO - [Epoch 10] Step 850/1372 - loss: 0.5561
2025-11-11 16:38:29 - INFO - [Epoch 10] Step 900/1372 - loss: 0.5539
2025-11-11 16:38:46 - INFO - [Epoch 10] Step 950/1372 - loss: 0.5531
2025-11-11 16:39:03 - INFO - [Epoch 10] Step 1000/1372 - loss: 0.5522
2025-11-11 16:39:20 - INFO - [Epoch 10] Step 1050/1372 - loss: 0.5539
2025-11-11 16:39:37 - INFO - [Epoch 10] Step 1100/1372 - loss: 0.5534
2025-11-11 16:39:53 - INFO - [Epoch 10] Step 1150/1372 - loss: 0.5518
2025-11-11 16:40:10 - INFO - [Epoch 10] Step 1200/1372 - loss: 0.5495
2025-11-11 16:40:27 - INFO - [Epoch 10] Step 1250/1372 - loss: 0.5487
2025-11-11 16:40:44 - INFO - [Epoch 10] Step 1300/1372 - loss: 0.5449
2025-11-11 16:41:01 - INFO - [Epoch 10] Step 1350/1372 - loss: 0.5428
2025-11-11 16:41:08 - INFO - [Epoch 10] Step 1372/1372 - loss: 0.5426
2025-11-11 16:41:12 - INFO - [Epoch 10] Top misclassified classes: 3: 4/16 (acc=0.750), 4: 1/17 (acc=0.941), 7: 1/17 (acc=0.941), 0: 0/17 (acc=1.000), 1: 0/17 (acc=1.000), 8: 0/17 (acc=1.000), 9: 0/17 (acc=1.000), 10: 0/17 (acc=1.000), 11: 0/17 (acc=1.000), 14: 0/17 (acc=1.000)
2025-11-11 16:41:13 - INFO - Epoch 10/20 - train_loss: 0.5426 - val_loss: 0.3748 - f1: 0.9781
2025-11-11 16:41:30 - INFO - [Epoch 11] Step 50/1372 - loss: 0.5388
2025-11-11 16:41:47 - INFO - [Epoch 11] Step 100/1372 - loss: 0.4977
2025-11-11 16:42:04 - INFO - [Epoch 11] Step 150/1372 - loss: 0.5019
2025-11-11 16:42:21 - INFO - [Epoch 11] Step 200/1372 - loss: 0.4950
2025-11-11 16:42:38 - INFO - [Epoch 11] Step 250/1372 - loss: 0.4995
2025-11-11 16:42:54 - INFO - [Epoch 11] Step 300/1372 - loss: 0.4987
2025-11-11 16:43:11 - INFO - [Epoch 11] Step 350/1372 - loss: 0.4997
2025-11-11 16:43:28 - INFO - [Epoch 11] Step 400/1372 - loss: 0.5000
2025-11-11 16:43:45 - INFO - [Epoch 11] Step 450/1372 - loss: 0.5083
2025-11-11 16:44:02 - INFO - [Epoch 11] Step 500/1372 - loss: 0.5088
2025-11-11 16:44:18 - INFO - [Epoch 11] Step 550/1372 - loss: 0.5120
2025-11-11 16:44:35 - INFO - [Epoch 11] Step 600/1372 - loss: 0.5153
2025-11-11 16:44:52 - INFO - [Epoch 11] Step 650/1372 - loss: 0.5191
2025-11-11 16:45:09 - INFO - [Epoch 11] Step 700/1372 - loss: 0.5196
2025-11-11 16:45:26 - INFO - [Epoch 11] Step 750/1372 - loss: 0.5198
2025-11-11 16:45:43 - INFO - [Epoch 11] Step 800/1372 - loss: 0.5180
2025-11-11 16:45:59 - INFO - [Epoch 11] Step 850/1372 - loss: 0.5164
2025-11-11 16:46:16 - INFO - [Epoch 11] Step 900/1372 - loss: 0.5145
2025-11-11 16:46:33 - INFO - [Epoch 11] Step 950/1372 - loss: 0.5193
2025-11-11 16:46:50 - INFO - [Epoch 11] Step 1000/1372 - loss: 0.5196
2025-11-11 16:47:07 - INFO - [Epoch 11] Step 1050/1372 - loss: 0.5198
2025-11-11 16:47:24 - INFO - [Epoch 11] Step 1100/1372 - loss: 0.5187
2025-11-11 16:47:40 - INFO - [Epoch 11] Step 1150/1372 - loss: 0.5214
2025-11-11 16:47:57 - INFO - [Epoch 11] Step 1200/1372 - loss: 0.5208
2025-11-11 16:48:14 - INFO - [Epoch 11] Step 1250/1372 - loss: 0.5204
2025-11-11 16:48:31 - INFO - [Epoch 11] Step 1300/1372 - loss: 0.5211
2025-11-11 16:48:48 - INFO - [Epoch 11] Step 1350/1372 - loss: 0.5206
2025-11-11 16:48:55 - INFO - [Epoch 11] Step 1372/1372 - loss: 0.5202
2025-11-11 16:48:59 - INFO - [Epoch 11] Top misclassified classes: 7: 3/17 (acc=0.824), 3: 3/16 (acc=0.812), 0: 0/17 (acc=1.000), 1: 0/17 (acc=1.000), 4: 0/17 (acc=1.000), 8: 0/17 (acc=1.000), 9: 0/17 (acc=1.000), 10: 0/17 (acc=1.000), 11: 0/17 (acc=1.000), 14: 0/17 (acc=1.000)
2025-11-11 16:49:00 - INFO - Epoch 11/20 - train_loss: 0.5202 - val_loss: 0.3798 - f1: 0.9783
2025-11-11 16:49:17 - INFO - [Epoch 12] Step 50/1372 - loss: 0.4999
2025-11-11 16:49:34 - INFO - [Epoch 12] Step 100/1372 - loss: 0.4942
2025-11-11 16:49:51 - INFO - [Epoch 12] Step 150/1372 - loss: 0.4992
2025-11-11 16:50:08 - INFO - [Epoch 12] Step 200/1372 - loss: 0.4885
2025-11-11 16:50:25 - INFO - [Epoch 12] Step 250/1372 - loss: 0.4916
2025-11-11 16:50:42 - INFO - [Epoch 12] Step 300/1372 - loss: 0.4985
2025-11-11 16:50:58 - INFO - [Epoch 12] Step 350/1372 - loss: 0.5069
2025-11-11 16:51:15 - INFO - [Epoch 12] Step 400/1372 - loss: 0.5074
2025-11-11 16:51:32 - INFO - [Epoch 12] Step 450/1372 - loss: 0.5099
2025-11-11 16:51:49 - INFO - [Epoch 12] Step 500/1372 - loss: 0.5093
2025-11-11 16:52:06 - INFO - [Epoch 12] Step 550/1372 - loss: 0.5100
2025-11-11 16:52:23 - INFO - [Epoch 12] Step 600/1372 - loss: 0.5075
2025-11-11 16:52:39 - INFO - [Epoch 12] Step 650/1372 - loss: 0.5101
2025-11-11 16:52:56 - INFO - [Epoch 12] Step 700/1372 - loss: 0.5066
2025-11-11 16:53:13 - INFO - [Epoch 12] Step 750/1372 - loss: 0.5038
2025-11-11 16:53:30 - INFO - [Epoch 12] Step 800/1372 - loss: 0.5028
2025-11-11 16:53:47 - INFO - [Epoch 12] Step 850/1372 - loss: 0.5035
2025-11-11 16:54:03 - INFO - [Epoch 12] Step 900/1372 - loss: 0.5032
2025-11-11 16:54:20 - INFO - [Epoch 12] Step 950/1372 - loss: 0.5036
2025-11-11 16:54:37 - INFO - [Epoch 12] Step 1000/1372 - loss: 0.5017
2025-11-11 16:54:54 - INFO - [Epoch 12] Step 1050/1372 - loss: 0.5014
2025-11-11 16:55:11 - INFO - [Epoch 12] Step 1100/1372 - loss: 0.5018
2025-11-11 16:55:28 - INFO - [Epoch 12] Step 1150/1372 - loss: 0.5017
2025-11-11 16:55:44 - INFO - [Epoch 12] Step 1200/1372 - loss: 0.5000
2025-11-11 16:56:01 - INFO - [Epoch 12] Step 1250/1372 - loss: 0.5008
2025-11-11 16:56:18 - INFO - [Epoch 12] Step 1300/1372 - loss: 0.5004
2025-11-11 16:56:35 - INFO - [Epoch 12] Step 1350/1372 - loss: 0.4997
2025-11-11 16:56:42 - INFO - [Epoch 12] Step 1372/1372 - loss: 0.4998
2025-11-11 16:56:47 - INFO - [Epoch 12] Top misclassified classes: 3: 3/16 (acc=0.812), 7: 1/17 (acc=0.941), 0: 0/17 (acc=1.000), 1: 0/17 (acc=1.000), 4: 0/17 (acc=1.000), 8: 0/17 (acc=1.000), 9: 0/17 (acc=1.000), 10: 0/17 (acc=1.000), 11: 0/17 (acc=1.000), 14: 0/17 (acc=1.000)
2025-11-11 16:56:50 - INFO - Epoch 12/20 - train_loss: 0.4998 - val_loss: 0.3625 - f1: 0.9855
2025-11-11 16:57:08 - INFO - [Epoch 13] Step 50/1372 - loss: 0.4716
2025-11-11 16:57:24 - INFO - [Epoch 13] Step 100/1372 - loss: 0.4888
2025-11-11 16:57:41 - INFO - [Epoch 13] Step 150/1372 - loss: 0.4943
2025-11-11 16:57:58 - INFO - [Epoch 13] Step 200/1372 - loss: 0.4939
2025-11-11 16:58:15 - INFO - [Epoch 13] Step 250/1372 - loss: 0.4939
2025-11-11 16:58:32 - INFO - [Epoch 13] Step 300/1372 - loss: 0.5004
2025-11-11 16:58:48 - INFO - [Epoch 13] Step 350/1372 - loss: 0.4991
2025-11-11 16:59:05 - INFO - [Epoch 13] Step 400/1372 - loss: 0.4977
2025-11-11 16:59:22 - INFO - [Epoch 13] Step 450/1372 - loss: 0.4991
2025-11-11 16:59:39 - INFO - [Epoch 13] Step 500/1372 - loss: 0.4994
2025-11-11 16:59:56 - INFO - [Epoch 13] Step 550/1372 - loss: 0.4989
2025-11-11 17:00:13 - INFO - [Epoch 13] Step 600/1372 - loss: 0.4954
2025-11-11 17:00:29 - INFO - [Epoch 13] Step 650/1372 - loss: 0.4962
2025-11-11 17:00:46 - INFO - [Epoch 13] Step 700/1372 - loss: 0.4952
2025-11-11 17:01:03 - INFO - [Epoch 13] Step 750/1372 - loss: 0.4945
2025-11-11 17:01:20 - INFO - [Epoch 13] Step 800/1372 - loss: 0.4955
2025-11-11 17:01:37 - INFO - [Epoch 13] Step 850/1372 - loss: 0.4940
2025-11-11 17:01:54 - INFO - [Epoch 13] Step 900/1372 - loss: 0.4926
2025-11-11 17:02:10 - INFO - [Epoch 13] Step 950/1372 - loss: 0.4934
2025-11-11 17:02:27 - INFO - [Epoch 13] Step 1000/1372 - loss: 0.4928
2025-11-11 17:02:44 - INFO - [Epoch 13] Step 1050/1372 - loss: 0.4939
2025-11-11 17:03:01 - INFO - [Epoch 13] Step 1100/1372 - loss: 0.4929
2025-11-11 17:03:18 - INFO - [Epoch 13] Step 1150/1372 - loss: 0.4936
2025-11-11 17:03:34 - INFO - [Epoch 13] Step 1200/1372 - loss: 0.4930
2025-11-11 17:03:51 - INFO - [Epoch 13] Step 1250/1372 - loss: 0.4923
2025-11-11 17:04:08 - INFO - [Epoch 13] Step 1300/1372 - loss: 0.4913
2025-11-11 17:04:25 - INFO - [Epoch 13] Step 1350/1372 - loss: 0.4917
2025-11-11 17:04:32 - INFO - [Epoch 13] Step 1372/1372 - loss: 0.4919
2025-11-11 17:04:37 - INFO - [Epoch 13] Top misclassified classes: 7: 2/17 (acc=0.882), 14: 2/17 (acc=0.882), 4: 1/17 (acc=0.941), 3: 1/16 (acc=0.938), 0: 0/17 (acc=1.000), 1: 0/17 (acc=1.000), 8: 0/17 (acc=1.000), 9: 0/17 (acc=1.000), 10: 0/17 (acc=1.000), 11: 0/17 (acc=1.000)
2025-11-11 17:04:37 - INFO - Epoch 13/20 - train_loss: 0.4919 - val_loss: 0.3610 - f1: 0.9790
2025-11-11 17:04:55 - INFO - [Epoch 14] Step 50/1372 - loss: 0.5125
2025-11-11 17:05:11 - INFO - [Epoch 14] Step 100/1372 - loss: 0.4957
2025-11-11 17:05:28 - INFO - [Epoch 14] Step 150/1372 - loss: 0.4866
2025-11-11 17:05:45 - INFO - [Epoch 14] Step 200/1372 - loss: 0.4887
2025-11-11 17:06:02 - INFO - [Epoch 14] Step 250/1372 - loss: 0.4829
2025-11-11 17:06:19 - INFO - [Epoch 14] Step 300/1372 - loss: 0.4803
2025-11-11 17:06:35 - INFO - [Epoch 14] Step 350/1372 - loss: 0.4746
2025-11-11 17:06:52 - INFO - [Epoch 14] Step 400/1372 - loss: 0.4736
2025-11-11 17:07:09 - INFO - [Epoch 14] Step 450/1372 - loss: 0.4750
2025-11-11 17:07:26 - INFO - [Epoch 14] Step 500/1372 - loss: 0.4725
2025-11-11 17:07:43 - INFO - [Epoch 14] Step 550/1372 - loss: 0.4714
2025-11-11 17:08:00 - INFO - [Epoch 14] Step 600/1372 - loss: 0.4730
2025-11-11 17:08:16 - INFO - [Epoch 14] Step 650/1372 - loss: 0.4730
2025-11-11 17:08:33 - INFO - [Epoch 14] Step 700/1372 - loss: 0.4746
2025-11-11 17:08:50 - INFO - [Epoch 14] Step 750/1372 - loss: 0.4745
2025-11-11 17:09:07 - INFO - [Epoch 14] Step 800/1372 - loss: 0.4736
2025-11-11 17:09:24 - INFO - [Epoch 14] Step 850/1372 - loss: 0.4733
2025-11-11 17:09:40 - INFO - [Epoch 14] Step 900/1372 - loss: 0.4698
2025-11-11 17:09:57 - INFO - [Epoch 14] Step 950/1372 - loss: 0.4678
2025-11-11 17:10:14 - INFO - [Epoch 14] Step 1000/1372 - loss: 0.4690
2025-11-11 17:10:31 - INFO - [Epoch 14] Step 1050/1372 - loss: 0.4693
2025-11-11 17:10:48 - INFO - [Epoch 14] Step 1100/1372 - loss: 0.4683
2025-11-11 17:11:05 - INFO - [Epoch 14] Step 1150/1372 - loss: 0.4689
2025-11-11 17:11:21 - INFO - [Epoch 14] Step 1200/1372 - loss: 0.4692
2025-11-11 17:11:38 - INFO - [Epoch 14] Step 1250/1372 - loss: 0.4686
2025-11-11 17:11:55 - INFO - [Epoch 14] Step 1300/1372 - loss: 0.4684
2025-11-11 17:12:12 - INFO - [Epoch 14] Step 1350/1372 - loss: 0.4690
2025-11-11 17:12:19 - INFO - [Epoch 14] Step 1372/1372 - loss: 0.4677
2025-11-11 17:12:23 - INFO - [Epoch 14] Top misclassified classes: 7: 1/17 (acc=0.941), 3: 1/16 (acc=0.938), 0: 0/17 (acc=1.000), 1: 0/17 (acc=1.000), 4: 0/17 (acc=1.000), 8: 0/17 (acc=1.000), 9: 0/17 (acc=1.000), 10: 0/17 (acc=1.000), 11: 0/17 (acc=1.000), 14: 0/17 (acc=1.000)
2025-11-11 17:12:26 - INFO - Epoch 14/20 - train_loss: 0.4677 - val_loss: 0.3498 - f1: 0.9929
2025-11-11 17:12:44 - INFO - [Epoch 15] Step 50/1372 - loss: 0.4448
2025-11-11 17:13:00 - INFO - [Epoch 15] Step 100/1372 - loss: 0.4539
2025-11-11 17:13:17 - INFO - [Epoch 15] Step 150/1372 - loss: 0.4601
2025-11-11 17:13:34 - INFO - [Epoch 15] Step 200/1372 - loss: 0.4496
2025-11-11 17:13:51 - INFO - [Epoch 15] Step 250/1372 - loss: 0.4464
2025-11-11 17:14:08 - INFO - [Epoch 15] Step 300/1372 - loss: 0.4533
2025-11-11 17:14:25 - INFO - [Epoch 15] Step 350/1372 - loss: 0.4539
2025-11-11 17:14:41 - INFO - [Epoch 15] Step 400/1372 - loss: 0.4526
2025-11-11 17:14:58 - INFO - [Epoch 15] Step 450/1372 - loss: 0.4523
2025-11-11 17:15:15 - INFO - [Epoch 15] Step 500/1372 - loss: 0.4516
2025-11-11 17:15:32 - INFO - [Epoch 15] Step 550/1372 - loss: 0.4487
2025-11-11 17:15:49 - INFO - [Epoch 15] Step 600/1372 - loss: 0.4493
2025-11-11 17:16:05 - INFO - [Epoch 15] Step 650/1372 - loss: 0.4505
2025-11-11 17:16:22 - INFO - [Epoch 15] Step 700/1372 - loss: 0.4544
2025-11-11 17:16:39 - INFO - [Epoch 15] Step 750/1372 - loss: 0.4548
2025-11-11 17:16:56 - INFO - [Epoch 15] Step 800/1372 - loss: 0.4545
2025-11-11 17:17:13 - INFO - [Epoch 15] Step 850/1372 - loss: 0.4534
2025-11-11 17:17:29 - INFO - [Epoch 15] Step 900/1372 - loss: 0.4548
2025-11-11 17:17:46 - INFO - [Epoch 15] Step 950/1372 - loss: 0.4555
2025-11-11 17:18:03 - INFO - [Epoch 15] Step 1000/1372 - loss: 0.4537
2025-11-11 17:18:20 - INFO - [Epoch 15] Step 1050/1372 - loss: 0.4540
2025-11-11 17:18:37 - INFO - [Epoch 15] Step 1100/1372 - loss: 0.4560
2025-11-11 17:18:54 - INFO - [Epoch 15] Step 1150/1372 - loss: 0.4571
2025-11-11 17:19:10 - INFO - [Epoch 15] Step 1200/1372 - loss: 0.4572
2025-11-11 17:19:27 - INFO - [Epoch 15] Step 1250/1372 - loss: 0.4563
2025-11-11 17:19:44 - INFO - [Epoch 15] Step 1300/1372 - loss: 0.4569
2025-11-11 17:20:01 - INFO - [Epoch 15] Step 1350/1372 - loss: 0.4566
2025-11-11 17:20:08 - INFO - [Epoch 15] Step 1372/1372 - loss: 0.4563
2025-11-11 17:20:13 - INFO - [Epoch 15] Top misclassified classes: 7: 2/17 (acc=0.882), 0: 0/17 (acc=1.000), 1: 0/17 (acc=1.000), 4: 0/17 (acc=1.000), 8: 0/17 (acc=1.000), 9: 0/17 (acc=1.000), 10: 0/17 (acc=1.000), 11: 0/17 (acc=1.000), 14: 0/17 (acc=1.000), 2: 0/16 (acc=1.000)
2025-11-11 17:20:16 - INFO - Epoch 15/20 - train_loss: 0.4563 - val_loss: 0.3402 - f1: 0.9929
2025-11-11 17:20:33 - INFO - [Epoch 16] Step 50/1372 - loss: 0.4278
2025-11-11 17:20:50 - INFO - [Epoch 16] Step 100/1372 - loss: 0.4392
2025-11-11 17:21:07 - INFO - [Epoch 16] Step 150/1372 - loss: 0.4461
2025-11-11 17:21:24 - INFO - [Epoch 16] Step 200/1372 - loss: 0.4508
2025-11-11 17:21:41 - INFO - [Epoch 16] Step 250/1372 - loss: 0.4472
2025-11-11 17:21:57 - INFO - [Epoch 16] Step 300/1372 - loss: 0.4456
2025-11-11 17:22:14 - INFO - [Epoch 16] Step 350/1372 - loss: 0.4502
2025-11-11 17:22:31 - INFO - [Epoch 16] Step 400/1372 - loss: 0.4505
2025-11-11 17:22:48 - INFO - [Epoch 16] Step 450/1372 - loss: 0.4490
2025-11-11 17:23:05 - INFO - [Epoch 16] Step 500/1372 - loss: 0.4486
2025-11-11 17:23:22 - INFO - [Epoch 16] Step 550/1372 - loss: 0.4509
2025-11-11 17:23:38 - INFO - [Epoch 16] Step 600/1372 - loss: 0.4487
2025-11-11 17:23:55 - INFO - [Epoch 16] Step 650/1372 - loss: 0.4496
2025-11-11 17:24:12 - INFO - [Epoch 16] Step 700/1372 - loss: 0.4514
2025-11-11 17:24:29 - INFO - [Epoch 16] Step 750/1372 - loss: 0.4513
2025-11-11 17:24:46 - INFO - [Epoch 16] Step 800/1372 - loss: 0.4528
2025-11-11 17:25:02 - INFO - [Epoch 16] Step 850/1372 - loss: 0.4516
2025-11-11 17:25:19 - INFO - [Epoch 16] Step 900/1372 - loss: 0.4515
2025-11-11 17:25:36 - INFO - [Epoch 16] Step 950/1372 - loss: 0.4507
2025-11-11 17:25:53 - INFO - [Epoch 16] Step 1000/1372 - loss: 0.4487
2025-11-11 17:26:10 - INFO - [Epoch 16] Step 1050/1372 - loss: 0.4484
2025-11-11 17:26:27 - INFO - [Epoch 16] Step 1100/1372 - loss: 0.4474
2025-11-11 17:26:43 - INFO - [Epoch 16] Step 1150/1372 - loss: 0.4470
2025-11-11 17:27:00 - INFO - [Epoch 16] Step 1200/1372 - loss: 0.4473
2025-11-11 17:27:17 - INFO - [Epoch 16] Step 1250/1372 - loss: 0.4468
2025-11-11 17:27:34 - INFO - [Epoch 16] Step 1300/1372 - loss: 0.4479
2025-11-11 17:27:51 - INFO - [Epoch 16] Step 1350/1372 - loss: 0.4486
2025-11-11 17:27:58 - INFO - [Epoch 16] Step 1372/1372 - loss: 0.4481
2025-11-11 17:28:02 - INFO - [Epoch 16] Top misclassified classes: 0: 0/17 (acc=1.000), 1: 0/17 (acc=1.000), 4: 0/17 (acc=1.000), 7: 0/17 (acc=1.000), 8: 0/17 (acc=1.000), 9: 0/17 (acc=1.000), 10: 0/17 (acc=1.000), 11: 0/17 (acc=1.000), 14: 0/17 (acc=1.000), 2: 0/16 (acc=1.000)
2025-11-11 17:28:05 - INFO - Epoch 16/20 - train_loss: 0.4481 - val_loss: 0.3348 - f1: 1.0000
2025-11-11 17:28:23 - INFO - [Epoch 17] Step 50/1372 - loss: 0.4678
2025-11-11 17:28:40 - INFO - [Epoch 17] Step 100/1372 - loss: 0.4430
2025-11-11 17:28:56 - INFO - [Epoch 17] Step 150/1372 - loss: 0.4508
2025-11-11 17:29:13 - INFO - [Epoch 17] Step 200/1372 - loss: 0.4487
2025-11-11 17:29:30 - INFO - [Epoch 17] Step 250/1372 - loss: 0.4526
2025-11-11 17:29:47 - INFO - [Epoch 17] Step 300/1372 - loss: 0.4507
2025-11-11 17:30:04 - INFO - [Epoch 17] Step 350/1372 - loss: 0.4446
2025-11-11 17:30:21 - INFO - [Epoch 17] Step 400/1372 - loss: 0.4480
2025-11-11 17:30:37 - INFO - [Epoch 17] Step 450/1372 - loss: 0.4450
2025-11-11 17:30:54 - INFO - [Epoch 17] Step 500/1372 - loss: 0.4430
2025-11-11 17:31:11 - INFO - [Epoch 17] Step 550/1372 - loss: 0.4405
2025-11-11 17:31:28 - INFO - [Epoch 17] Step 600/1372 - loss: 0.4432
2025-11-11 17:31:45 - INFO - [Epoch 17] Step 650/1372 - loss: 0.4414
2025-11-11 17:32:01 - INFO - [Epoch 17] Step 700/1372 - loss: 0.4423
2025-11-11 17:32:18 - INFO - [Epoch 17] Step 750/1372 - loss: 0.4406
2025-11-11 17:32:35 - INFO - [Epoch 17] Step 800/1372 - loss: 0.4407
2025-11-11 17:32:52 - INFO - [Epoch 17] Step 850/1372 - loss: 0.4388
2025-11-11 17:33:09 - INFO - [Epoch 17] Step 900/1372 - loss: 0.4390
2025-11-11 17:33:25 - INFO - [Epoch 17] Step 950/1372 - loss: 0.4402
2025-11-11 17:33:42 - INFO - [Epoch 17] Step 1000/1372 - loss: 0.4402
2025-11-11 17:33:59 - INFO - [Epoch 17] Step 1050/1372 - loss: 0.4421
2025-11-11 17:34:16 - INFO - [Epoch 17] Step 1100/1372 - loss: 0.4431
2025-11-11 17:34:33 - INFO - [Epoch 17] Step 1150/1372 - loss: 0.4440
2025-11-11 17:34:50 - INFO - [Epoch 17] Step 1200/1372 - loss: 0.4449
2025-11-11 17:35:06 - INFO - [Epoch 17] Step 1250/1372 - loss: 0.4436
2025-11-11 17:35:23 - INFO - [Epoch 17] Step 1300/1372 - loss: 0.4441
2025-11-11 17:35:40 - INFO - [Epoch 17] Step 1350/1372 - loss: 0.4448
2025-11-11 17:35:47 - INFO - [Epoch 17] Step 1372/1372 - loss: 0.4461
2025-11-11 17:35:52 - INFO - [Epoch 17] Top misclassified classes: 4: 1/17 (acc=0.941), 0: 0/17 (acc=1.000), 1: 0/17 (acc=1.000), 7: 0/17 (acc=1.000), 8: 0/17 (acc=1.000), 9: 0/17 (acc=1.000), 10: 0/17 (acc=1.000), 11: 0/17 (acc=1.000), 14: 0/17 (acc=1.000), 2: 0/16 (acc=1.000)
2025-11-11 17:35:52 - INFO - Epoch 17/20 - train_loss: 0.4461 - val_loss: 0.3381 - f1: 0.9965
2025-11-11 17:36:10 - INFO - [Epoch 18] Step 50/1372 - loss: 0.4536
2025-11-11 17:36:26 - INFO - [Epoch 18] Step 100/1372 - loss: 0.4530
2025-11-11 17:36:43 - INFO - [Epoch 18] Step 150/1372 - loss: 0.4526
2025-11-11 17:37:00 - INFO - [Epoch 18] Step 200/1372 - loss: 0.4427
2025-11-11 17:37:17 - INFO - [Epoch 18] Step 250/1372 - loss: 0.4420
2025-11-11 17:37:34 - INFO - [Epoch 18] Step 300/1372 - loss: 0.4387
2025-11-11 17:37:51 - INFO - [Epoch 18] Step 350/1372 - loss: 0.4408
2025-11-11 17:38:07 - INFO - [Epoch 18] Step 400/1372 - loss: 0.4412
2025-11-11 17:38:24 - INFO - [Epoch 18] Step 450/1372 - loss: 0.4396
2025-11-11 17:38:41 - INFO - [Epoch 18] Step 500/1372 - loss: 0.4431
2025-11-11 17:38:58 - INFO - [Epoch 18] Step 550/1372 - loss: 0.4438
2025-11-11 17:39:15 - INFO - [Epoch 18] Step 600/1372 - loss: 0.4394
2025-11-11 17:39:31 - INFO - [Epoch 18] Step 650/1372 - loss: 0.4389
2025-11-11 17:39:48 - INFO - [Epoch 18] Step 700/1372 - loss: 0.4395
2025-11-11 17:40:05 - INFO - [Epoch 18] Step 750/1372 - loss: 0.4387
2025-11-11 17:40:22 - INFO - [Epoch 18] Step 800/1372 - loss: 0.4388
2025-11-11 17:40:39 - INFO - [Epoch 18] Step 850/1372 - loss: 0.4393
2025-11-11 17:40:55 - INFO - [Epoch 18] Step 900/1372 - loss: 0.4414
2025-11-11 17:41:12 - INFO - [Epoch 18] Step 950/1372 - loss: 0.4417
2025-11-11 17:41:29 - INFO - [Epoch 18] Step 1000/1372 - loss: 0.4406
2025-11-11 17:41:46 - INFO - [Epoch 18] Step 1050/1372 - loss: 0.4389
2025-11-11 17:42:03 - INFO - [Epoch 18] Step 1100/1372 - loss: 0.4375
2025-11-11 17:42:20 - INFO - [Epoch 18] Step 1150/1372 - loss: 0.4385
2025-11-11 17:42:36 - INFO - [Epoch 18] Step 1200/1372 - loss: 0.4383
2025-11-11 17:42:53 - INFO - [Epoch 18] Step 1250/1372 - loss: 0.4385
2025-11-11 17:43:10 - INFO - [Epoch 18] Step 1300/1372 - loss: 0.4384
2025-11-11 17:43:27 - INFO - [Epoch 18] Step 1350/1372 - loss: 0.4382
2025-11-11 17:43:34 - INFO - [Epoch 18] Step 1372/1372 - loss: 0.4378
2025-11-11 17:43:39 - INFO - [Epoch 18] Top misclassified classes: 4: 1/17 (acc=0.941), 0: 0/17 (acc=1.000), 1: 0/17 (acc=1.000), 7: 0/17 (acc=1.000), 8: 0/17 (acc=1.000), 9: 0/17 (acc=1.000), 10: 0/17 (acc=1.000), 11: 0/17 (acc=1.000), 14: 0/17 (acc=1.000), 2: 0/16 (acc=1.000)
2025-11-11 17:43:39 - INFO - Epoch 18/20 - train_loss: 0.4378 - val_loss: 0.3330 - f1: 0.9965
2025-11-11 17:43:56 - INFO - [Epoch 19] Step 50/1372 - loss: 0.4005
2025-11-11 17:44:13 - INFO - [Epoch 19] Step 100/1372 - loss: 0.4263
2025-11-11 17:44:30 - INFO - [Epoch 19] Step 150/1372 - loss: 0.4436
2025-11-11 17:44:47 - INFO - [Epoch 19] Step 200/1372 - loss: 0.4425
2025-11-11 17:45:04 - INFO - [Epoch 19] Step 250/1372 - loss: 0.4407
2025-11-11 17:45:20 - INFO - [Epoch 19] Step 300/1372 - loss: 0.4347
2025-11-11 17:45:37 - INFO - [Epoch 19] Step 350/1372 - loss: 0.4375
2025-11-11 17:45:54 - INFO - [Epoch 19] Step 400/1372 - loss: 0.4374
2025-11-11 17:46:11 - INFO - [Epoch 19] Step 450/1372 - loss: 0.4386
2025-11-11 17:46:28 - INFO - [Epoch 19] Step 500/1372 - loss: 0.4401
2025-11-11 17:46:45 - INFO - [Epoch 19] Step 550/1372 - loss: 0.4390
2025-11-11 17:47:01 - INFO - [Epoch 19] Step 600/1372 - loss: 0.4382
2025-11-11 17:47:18 - INFO - [Epoch 19] Step 650/1372 - loss: 0.4372
2025-11-11 17:47:35 - INFO - [Epoch 19] Step 700/1372 - loss: 0.4356
2025-11-11 17:47:52 - INFO - [Epoch 19] Step 750/1372 - loss: 0.4357
2025-11-11 17:48:09 - INFO - [Epoch 19] Step 800/1372 - loss: 0.4369
2025-11-11 17:48:25 - INFO - [Epoch 19] Step 850/1372 - loss: 0.4351
2025-11-11 17:48:42 - INFO - [Epoch 19] Step 900/1372 - loss: 0.4347
2025-11-11 17:48:59 - INFO - [Epoch 19] Step 950/1372 - loss: 0.4317
2025-11-11 17:49:16 - INFO - [Epoch 19] Step 1000/1372 - loss: 0.4313
2025-11-11 17:49:33 - INFO - [Epoch 19] Step 1050/1372 - loss: 0.4304
2025-11-11 17:49:50 - INFO - [Epoch 19] Step 1100/1372 - loss: 0.4303
2025-11-11 17:50:06 - INFO - [Epoch 19] Step 1150/1372 - loss: 0.4300
2025-11-11 17:50:23 - INFO - [Epoch 19] Step 1200/1372 - loss: 0.4299
2025-11-11 17:50:40 - INFO - [Epoch 19] Step 1250/1372 - loss: 0.4294
2025-11-11 17:50:57 - INFO - [Epoch 19] Step 1300/1372 - loss: 0.4301
2025-11-11 17:51:14 - INFO - [Epoch 19] Step 1350/1372 - loss: 0.4293
2025-11-11 17:51:21 - INFO - [Epoch 19] Step 1372/1372 - loss: 0.4303
2025-11-11 17:51:25 - INFO - [Epoch 19] Top misclassified classes: 0: 0/17 (acc=1.000), 1: 0/17 (acc=1.000), 4: 0/17 (acc=1.000), 7: 0/17 (acc=1.000), 8: 0/17 (acc=1.000), 9: 0/17 (acc=1.000), 10: 0/17 (acc=1.000), 11: 0/17 (acc=1.000), 14: 0/17 (acc=1.000), 2: 0/16 (acc=1.000)
2025-11-11 17:51:26 - INFO - Epoch 19/20 - train_loss: 0.4303 - val_loss: 0.3294 - f1: 1.0000
2025-11-11 17:51:43 - INFO - [Epoch 20] Step 50/1372 - loss: 0.4291
2025-11-11 17:52:00 - INFO - [Epoch 20] Step 100/1372 - loss: 0.4516
2025-11-11 17:52:17 - INFO - [Epoch 20] Step 150/1372 - loss: 0.4502
2025-11-11 17:52:34 - INFO - [Epoch 20] Step 200/1372 - loss: 0.4393
2025-11-11 17:52:51 - INFO - [Epoch 20] Step 250/1372 - loss: 0.4354
2025-11-11 17:53:07 - INFO - [Epoch 20] Step 300/1372 - loss: 0.4365
2025-11-11 17:53:24 - INFO - [Epoch 20] Step 350/1372 - loss: 0.4329
2025-11-11 17:53:41 - INFO - [Epoch 20] Step 400/1372 - loss: 0.4281
2025-11-11 17:53:58 - INFO - [Epoch 20] Step 450/1372 - loss: 0.4291
2025-11-11 17:54:15 - INFO - [Epoch 20] Step 500/1372 - loss: 0.4298
2025-11-11 17:54:32 - INFO - [Epoch 20] Step 550/1372 - loss: 0.4288
2025-11-11 17:54:48 - INFO - [Epoch 20] Step 600/1372 - loss: 0.4294
2025-11-11 17:55:05 - INFO - [Epoch 20] Step 650/1372 - loss: 0.4289
2025-11-11 17:55:22 - INFO - [Epoch 20] Step 700/1372 - loss: 0.4281
2025-11-11 17:55:39 - INFO - [Epoch 20] Step 750/1372 - loss: 0.4275
2025-11-11 17:55:56 - INFO - [Epoch 20] Step 800/1372 - loss: 0.4261
2025-11-11 17:56:13 - INFO - [Epoch 20] Step 850/1372 - loss: 0.4271
2025-11-11 17:56:30 - INFO - [Epoch 20] Step 900/1372 - loss: 0.4294
2025-11-11 17:56:46 - INFO - [Epoch 20] Step 950/1372 - loss: 0.4296
2025-11-11 17:57:03 - INFO - [Epoch 20] Step 1000/1372 - loss: 0.4314
2025-11-11 17:57:20 - INFO - [Epoch 20] Step 1050/1372 - loss: 0.4320
2025-11-11 17:57:37 - INFO - [Epoch 20] Step 1100/1372 - loss: 0.4314
2025-11-11 17:57:54 - INFO - [Epoch 20] Step 1150/1372 - loss: 0.4314
2025-11-11 17:58:10 - INFO - [Epoch 20] Step 1200/1372 - loss: 0.4321
2025-11-11 17:58:27 - INFO - [Epoch 20] Step 1250/1372 - loss: 0.4316
2025-11-11 17:58:44 - INFO - [Epoch 20] Step 1300/1372 - loss: 0.4306
2025-11-11 17:59:01 - INFO - [Epoch 20] Step 1350/1372 - loss: 0.4307
2025-11-11 17:59:08 - INFO - [Epoch 20] Step 1372/1372 - loss: 0.4307
2025-11-11 17:59:12 - INFO - [Epoch 20] Top misclassified classes: 0: 0/17 (acc=1.000), 1: 0/17 (acc=1.000), 4: 0/17 (acc=1.000), 7: 0/17 (acc=1.000), 8: 0/17 (acc=1.000), 9: 0/17 (acc=1.000), 10: 0/17 (acc=1.000), 11: 0/17 (acc=1.000), 14: 0/17 (acc=1.000), 2: 0/16 (acc=1.000)
2025-11-11 17:59:13 - INFO - Epoch 20/20 - train_loss: 0.4307 - val_loss: 0.3294 - f1: 1.0000
2025-11-11 17:59:13 - INFO - Best epoch: 16 (1.0000)
2025-11-11 17:59:13 - INFO - Best f1: 1.0000
[Train] effnetv2_l using /root/Computer_Vision_Contest-Private-/configs/fulltrain_efficientnetv2_l_offline.yaml
2025-11-11 17:59:17 - INFO - Starting run: 20251111-175917_tf_efficientnetv2_l.in21k_ft_in1k_384px_rot90_jitter_affine_rrc_mixup_only_ls0.05_cosine
2025-11-11 17:59:17 - INFO - Configuration:
{
  "experiment": {
    "name": "efficientnetv2_l_fulltrain_384",
    "seed": 2024,
    "deterministic": false
  },
  "paths": {
    "data_root": "data/processed/offline_aug",
    "train_csv": "data/processed/offline_aug/train_offline_aug.csv",
    "meta_csv": "data/raw/meta.csv",
    "image_dir": "data/processed/offline_aug/images",
    "test_dir": "data/raw/test",
    "output_root": "outputs"
  },
  "data": {
    "num_classes": 17,
    "input_size": 384,
    "mean": [
      0.485,
      0.456,
      0.406
    ],
    "std": [
      0.229,
      0.224,
      0.225
    ],
    "excluded_ids": [],
    "loader": {
      "batch_size": 10,
      "num_workers": 8,
      "pin_memory": true,
      "persistent_workers": true,
      "prefetch_factor": 3,
      "timeout": 120,
      "mp_context": "spawn"
    }
  },
  "split": {
    "full_train": true,
    "full_train_holdout_fraction": 0.02,
    "seed": 2024
  },
  "sampler": {
    "name": "weighted_random",
    "minority_classes": [
      1,
      13,
      14
    ],
    "weights_power": 0.85,
    "replacement": true
  },
  "augmentations": {
    "name": "rot90_jitter_affine_rrc",
    "use_reference_pipeline": true,
    "random_resized_crop_scale": [
      0.92,
      1.0
    ],
    "random_resized_crop_ratio": [
      0.85,
      1.15
    ],
    "random_rotate90": true,
    "random_rotate90_prob": 0.5,
    "max_rotate": 12,
    "rotate_prob": 1.0,
    "affine_scale": [
      0.9,
      1.1
    ],
    "affine_translate": [
      0.08,
      0.08
    ],
    "horizontal_flip": true,
    "horizontal_flip_prob": 0.5,
    "brightness_contrast": [
      0.12,
      0.12
    ],
    "color_jitter": {
      "p": 0.4,
      "brightness": 0.3,
      "contrast": 0.15,
      "saturation": 0.2,
      "hue": 0.02
    },
    "blur": {
      "p": 0.35,
      "blur_limit": [
        3,
        7
      ],
      "sigma_limit": [
        0.2,
        1.0
      ]
    }
  },
  "regularization": {
    "mixup_alpha": 0.1,
    "cutmix_alpha": 0.0,
    "tag": "mixup_only"
  },
  "model": {
    "name": "tf_efficientnetv2_l.in21k_ft_in1k",
    "pretrained": true,
    "drop_rate": 0.4,
    "drop_path_rate": 0.25
  },
  "loss": {
    "name": "cross_entropy",
    "label_smoothing": 0.05
  },
  "optimizer": {
    "name": "adamw",
    "lr": 0.0002,
    "weight_decay": 0.05,
    "betas": [
      0.9,
      0.999
    ]
  },
  "scheduler": {
    "name": "cosine",
    "warmup_epochs": 3,
    "min_lr": 1e-06
  },
  "training": {
    "epochs": 20,
    "amp": true,
    "grad_clip_norm": 1.0,
    "save_best_metric": "f1",
    "validation_interval": 1,
    "early_stopping": {},
    "ema": {
      "enabled": false
    },
    "swa": {
      "enabled": false
    }
  },
  "logging": {
    "project": "document_type_classification",
    "log_interval": 50,
    "tensorboard": true
  },
  "submission": {
    "metric_name": "f1",
    "leaderboard_score": 0.0,
    "tta": {
      "enabled": true,
      "rotations": [
        0,
        90,
        180,
        270
      ],
      "jitter_degrees": 0,
      "horizontal_flip": true,
      "vertical_flip": false
    }
  },
  "performance": {
    "allow_tf32": true,
    "matmul_precision": "high",
    "cudnn_benchmark": true,
    "channels_last": true
  }
}
2025-11-11 17:59:50 - INFO - [Epoch 1] Step 50/1372 - loss: 6.1032
2025-11-11 17:59:58 - INFO - [Epoch 1] Step 100/1372 - loss: 6.0542
2025-11-11 18:00:06 - INFO - [Epoch 1] Step 150/1372 - loss: 6.0906
2025-11-11 18:00:13 - INFO - [Epoch 1] Step 200/1372 - loss: 6.0775
2025-11-11 18:00:21 - INFO - [Epoch 1] Step 250/1372 - loss: 6.1002
2025-11-11 18:00:29 - INFO - [Epoch 1] Step 300/1372 - loss: 6.0770
2025-11-11 18:00:36 - INFO - [Epoch 1] Step 350/1372 - loss: 6.0833
2025-11-11 18:00:44 - INFO - [Epoch 1] Step 400/1372 - loss: 6.0853
2025-11-11 18:00:52 - INFO - [Epoch 1] Step 450/1372 - loss: 6.0710
2025-11-11 18:01:00 - INFO - [Epoch 1] Step 500/1372 - loss: 6.0617
2025-11-11 18:01:07 - INFO - [Epoch 1] Step 550/1372 - loss: 6.0630
2025-11-11 18:01:15 - INFO - [Epoch 1] Step 600/1372 - loss: 6.0571
2025-11-11 18:01:23 - INFO - [Epoch 1] Step 650/1372 - loss: 6.0625
2025-11-11 18:01:31 - INFO - [Epoch 1] Step 700/1372 - loss: 6.0467
2025-11-11 18:01:38 - INFO - [Epoch 1] Step 750/1372 - loss: 6.0362
2025-11-11 18:01:46 - INFO - [Epoch 1] Step 800/1372 - loss: 6.0230
2025-11-11 18:01:54 - INFO - [Epoch 1] Step 850/1372 - loss: 6.0204
2025-11-11 18:02:01 - INFO - [Epoch 1] Step 900/1372 - loss: 5.9912
2025-11-11 18:02:09 - INFO - [Epoch 1] Step 950/1372 - loss: 5.9876
2025-11-11 18:02:17 - INFO - [Epoch 1] Step 1000/1372 - loss: 5.9821
2025-11-11 18:02:24 - INFO - [Epoch 1] Step 1050/1372 - loss: 5.9705
2025-11-11 18:02:32 - INFO - [Epoch 1] Step 1100/1372 - loss: 5.9662
2025-11-11 18:02:40 - INFO - [Epoch 1] Step 1150/1372 - loss: 5.9563
2025-11-11 18:02:48 - INFO - [Epoch 1] Step 1200/1372 - loss: 5.9426
2025-11-11 18:02:55 - INFO - [Epoch 1] Step 1250/1372 - loss: 5.9396
2025-11-11 18:03:03 - INFO - [Epoch 1] Step 1300/1372 - loss: 5.9267
2025-11-11 18:03:11 - INFO - [Epoch 1] Step 1350/1372 - loss: 5.9141
2025-11-11 18:03:14 - INFO - [Epoch 1] Step 1372/1372 - loss: 5.9094
2025-11-11 18:03:22 - INFO - [Epoch 1] Top misclassified classes: 0: 17/17 (acc=0.000), 4: 17/17 (acc=0.000), 10: 17/17 (acc=0.000), 11: 17/17 (acc=0.000), 14: 17/17 (acc=0.000), 9: 16/17 (acc=0.059), 3: 16/16 (acc=0.000), 13: 16/16 (acc=0.000), 1: 15/17 (acc=0.118), 8: 15/17 (acc=0.118)
2025-11-11 18:03:24 - INFO - Epoch 1/20 - train_loss: 5.9094 - val_loss: 4.1902 - f1: 0.0617
2025-11-11 18:03:34 - INFO - [Epoch 2] Step 50/1372 - loss: 3.7889
2025-11-11 18:03:42 - INFO - [Epoch 2] Step 100/1372 - loss: 3.1295
2025-11-11 18:03:50 - INFO - [Epoch 2] Step 150/1372 - loss: 2.7989
2025-11-11 18:03:57 - INFO - [Epoch 2] Step 200/1372 - loss: 2.5403
2025-11-11 18:04:05 - INFO - [Epoch 2] Step 250/1372 - loss: 2.3434
2025-11-11 18:04:13 - INFO - [Epoch 2] Step 300/1372 - loss: 2.2180
2025-11-11 18:04:21 - INFO - [Epoch 2] Step 350/1372 - loss: 2.1038
2025-11-11 18:04:29 - INFO - [Epoch 2] Step 400/1372 - loss: 2.0115
2025-11-11 18:04:37 - INFO - [Epoch 2] Step 450/1372 - loss: 1.9224
2025-11-11 18:04:45 - INFO - [Epoch 2] Step 500/1372 - loss: 1.8571
2025-11-11 18:04:52 - INFO - [Epoch 2] Step 550/1372 - loss: 1.8037
2025-11-11 18:05:00 - INFO - [Epoch 2] Step 600/1372 - loss: 1.7546
2025-11-11 18:05:08 - INFO - [Epoch 2] Step 650/1372 - loss: 1.7071
2025-11-11 18:05:16 - INFO - [Epoch 2] Step 700/1372 - loss: 1.6645
2025-11-11 18:05:24 - INFO - [Epoch 2] Step 750/1372 - loss: 1.6300
2025-11-11 18:05:31 - INFO - [Epoch 2] Step 800/1372 - loss: 1.5983
2025-11-11 18:05:39 - INFO - [Epoch 2] Step 850/1372 - loss: 1.5695
2025-11-11 18:05:47 - INFO - [Epoch 2] Step 900/1372 - loss: 1.5423
2025-11-11 18:05:55 - INFO - [Epoch 2] Step 950/1372 - loss: 1.5210
2025-11-11 18:06:03 - INFO - [Epoch 2] Step 1000/1372 - loss: 1.5015
2025-11-11 18:06:11 - INFO - [Epoch 2] Step 1050/1372 - loss: 1.4800
2025-11-11 18:06:19 - INFO - [Epoch 2] Step 1100/1372 - loss: 1.4597
2025-11-11 18:06:26 - INFO - [Epoch 2] Step 1150/1372 - loss: 1.4407
2025-11-11 18:06:34 - INFO - [Epoch 2] Step 1200/1372 - loss: 1.4217
2025-11-11 18:06:42 - INFO - [Epoch 2] Step 1250/1372 - loss: 1.4059
2025-11-11 18:06:50 - INFO - [Epoch 2] Step 1300/1372 - loss: 1.3861
2025-11-11 18:06:58 - INFO - [Epoch 2] Step 1350/1372 - loss: 1.3703
2025-11-11 18:07:01 - INFO - [Epoch 2] Step 1372/1372 - loss: 1.3632
2025-11-11 18:07:04 - INFO - [Epoch 2] Top misclassified classes: 7: 8/17 (acc=0.529), 3: 6/16 (acc=0.625), 4: 3/17 (acc=0.824), 6: 3/16 (acc=0.812), 14: 2/17 (acc=0.882), 1: 1/17 (acc=0.941), 13: 1/16 (acc=0.938), 0: 0/17 (acc=1.000), 8: 0/17 (acc=1.000), 9: 0/17 (acc=1.000)
2025-11-11 18:07:07 - INFO - Epoch 2/20 - train_loss: 1.3632 - val_loss: 0.6095 - f1: 0.9135
2025-11-11 18:07:17 - INFO - [Epoch 3] Step 50/1372 - loss: 1.0099
2025-11-11 18:07:24 - INFO - [Epoch 3] Step 100/1372 - loss: 1.0471
2025-11-11 18:07:32 - INFO - [Epoch 3] Step 150/1372 - loss: 1.0612
2025-11-11 18:07:40 - INFO - [Epoch 3] Step 200/1372 - loss: 1.0631
2025-11-11 18:07:48 - INFO - [Epoch 3] Step 250/1372 - loss: 1.0744
2025-11-11 18:07:56 - INFO - [Epoch 3] Step 300/1372 - loss: 1.0820
2025-11-11 18:08:04 - INFO - [Epoch 3] Step 350/1372 - loss: 1.0782
2025-11-11 18:08:12 - INFO - [Epoch 3] Step 400/1372 - loss: 1.0838
2025-11-11 18:08:19 - INFO - [Epoch 3] Step 450/1372 - loss: 1.0734
2025-11-11 18:08:27 - INFO - [Epoch 3] Step 500/1372 - loss: 1.0710
2025-11-11 18:08:35 - INFO - [Epoch 3] Step 550/1372 - loss: 1.0724
2025-11-11 18:08:43 - INFO - [Epoch 3] Step 600/1372 - loss: 1.0785
2025-11-11 18:08:51 - INFO - [Epoch 3] Step 650/1372 - loss: 1.0650
2025-11-11 18:08:59 - INFO - [Epoch 3] Step 700/1372 - loss: 1.0678
2025-11-11 18:09:07 - INFO - [Epoch 3] Step 750/1372 - loss: 1.0592
2025-11-11 18:09:14 - INFO - [Epoch 3] Step 800/1372 - loss: 1.0537
2025-11-11 18:09:22 - INFO - [Epoch 3] Step 850/1372 - loss: 1.0476
2025-11-11 18:09:30 - INFO - [Epoch 3] Step 900/1372 - loss: 1.0451
2025-11-11 18:09:38 - INFO - [Epoch 3] Step 950/1372 - loss: 1.0411
2025-11-11 18:09:46 - INFO - [Epoch 3] Step 1000/1372 - loss: 1.0359
2025-11-11 18:09:54 - INFO - [Epoch 3] Step 1050/1372 - loss: 1.0337
2025-11-11 18:10:02 - INFO - [Epoch 3] Step 1100/1372 - loss: 1.0300
2025-11-11 18:10:10 - INFO - [Epoch 3] Step 1150/1372 - loss: 1.0254
2025-11-11 18:10:18 - INFO - [Epoch 3] Step 1200/1372 - loss: 1.0187
2025-11-11 18:10:25 - INFO - [Epoch 3] Step 1250/1372 - loss: 1.0164
2025-11-11 18:10:33 - INFO - [Epoch 3] Step 1300/1372 - loss: 1.0117
2025-11-11 18:10:41 - INFO - [Epoch 3] Step 1350/1372 - loss: 1.0072
2025-11-11 18:10:44 - INFO - [Epoch 3] Step 1372/1372 - loss: 1.0056
/opt/conda/lib/python3.10/site-packages/torch/optim/lr_scheduler.py:149: UserWarning: The epoch parameter in `scheduler.step()` was not necessary and is being deprecated where possible. Please use `scheduler.step()` to step the scheduler. During the deprecation, if epoch is different from None, the closed form is used instead of the new chainable form, where available. Please open an issue if you are unable to replicate your use case: https://github.com/pytorch/pytorch/issues/new/choose.
  warnings.warn(EPOCH_DEPRECATION_WARNING, UserWarning)
2025-11-11 18:10:47 - INFO - [Epoch 3] Top misclassified classes: 7: 7/17 (acc=0.588), 4: 4/17 (acc=0.765), 3: 4/16 (acc=0.750), 14: 2/17 (acc=0.882), 5: 1/16 (acc=0.938), 6: 1/16 (acc=0.938), 0: 0/17 (acc=1.000), 1: 0/17 (acc=1.000), 8: 0/17 (acc=1.000), 9: 0/17 (acc=1.000)
2025-11-11 18:10:49 - INFO - Epoch 3/20 - train_loss: 1.0056 - val_loss: 0.5329 - f1: 0.9318
2025-11-11 18:10:59 - INFO - [Epoch 4] Step 50/1372 - loss: 0.9512
2025-11-11 18:11:07 - INFO - [Epoch 4] Step 100/1372 - loss: 0.9284
2025-11-11 18:11:14 - INFO - [Epoch 4] Step 150/1372 - loss: 0.9464
2025-11-11 18:11:22 - INFO - [Epoch 4] Step 200/1372 - loss: 0.9593
2025-11-11 18:11:30 - INFO - [Epoch 4] Step 250/1372 - loss: 0.9692
2025-11-11 18:11:38 - INFO - [Epoch 4] Step 300/1372 - loss: 0.9710
2025-11-11 18:11:46 - INFO - [Epoch 4] Step 350/1372 - loss: 0.9685
2025-11-11 18:11:54 - INFO - [Epoch 4] Step 400/1372 - loss: 0.9763
2025-11-11 18:12:02 - INFO - [Epoch 4] Step 450/1372 - loss: 0.9815
2025-11-11 18:12:09 - INFO - [Epoch 4] Step 500/1372 - loss: 0.9745
2025-11-11 18:12:17 - INFO - [Epoch 4] Step 550/1372 - loss: 0.9701
2025-11-11 18:12:25 - INFO - [Epoch 4] Step 600/1372 - loss: 0.9660
2025-11-11 18:12:33 - INFO - [Epoch 4] Step 650/1372 - loss: 0.9669
2025-11-11 18:12:41 - INFO - [Epoch 4] Step 700/1372 - loss: 0.9633
2025-11-11 18:12:49 - INFO - [Epoch 4] Step 750/1372 - loss: 0.9576
2025-11-11 18:12:57 - INFO - [Epoch 4] Step 800/1372 - loss: 0.9552
2025-11-11 18:13:04 - INFO - [Epoch 4] Step 850/1372 - loss: 0.9582
2025-11-11 18:13:12 - INFO - [Epoch 4] Step 900/1372 - loss: 0.9505
2025-11-11 18:13:20 - INFO - [Epoch 4] Step 950/1372 - loss: 0.9491
2025-11-11 18:13:28 - INFO - [Epoch 4] Step 1000/1372 - loss: 0.9489
2025-11-11 18:13:36 - INFO - [Epoch 4] Step 1050/1372 - loss: 0.9498
2025-11-11 18:13:44 - INFO - [Epoch 4] Step 1100/1372 - loss: 0.9488
2025-11-11 18:13:52 - INFO - [Epoch 4] Step 1150/1372 - loss: 0.9468
2025-11-11 18:13:59 - INFO - [Epoch 4] Step 1200/1372 - loss: 0.9466
2025-11-11 18:14:07 - INFO - [Epoch 4] Step 1250/1372 - loss: 0.9426
2025-11-11 18:14:15 - INFO - [Epoch 4] Step 1300/1372 - loss: 0.9411
2025-11-11 18:14:23 - INFO - [Epoch 4] Step 1350/1372 - loss: 0.9384
2025-11-11 18:14:26 - INFO - [Epoch 4] Step 1372/1372 - loss: 0.9364
2025-11-11 18:14:29 - INFO - [Epoch 4] Top misclassified classes: 3: 9/16 (acc=0.438), 7: 7/17 (acc=0.588), 1: 3/17 (acc=0.824), 4: 1/17 (acc=0.941), 14: 1/17 (acc=0.941), 6: 1/16 (acc=0.938), 0: 0/17 (acc=1.000), 8: 0/17 (acc=1.000), 9: 0/17 (acc=1.000), 10: 0/17 (acc=1.000)
2025-11-11 18:14:29 - INFO - Epoch 4/20 - train_loss: 0.9364 - val_loss: 0.5393 - f1: 0.9196
2025-11-11 18:14:38 - INFO - [Epoch 5] Step 50/1372 - loss: 0.9167
2025-11-11 18:14:46 - INFO - [Epoch 5] Step 100/1372 - loss: 0.9126
2025-11-11 18:14:54 - INFO - [Epoch 5] Step 150/1372 - loss: 0.9079
2025-11-11 18:15:02 - INFO - [Epoch 5] Step 200/1372 - loss: 0.9004
2025-11-11 18:15:10 - INFO - [Epoch 5] Step 250/1372 - loss: 0.8854
2025-11-11 18:15:18 - INFO - [Epoch 5] Step 300/1372 - loss: 0.8915
2025-11-11 18:15:25 - INFO - [Epoch 5] Step 350/1372 - loss: 0.8820
2025-11-11 18:15:33 - INFO - [Epoch 5] Step 400/1372 - loss: 0.8798
2025-11-11 18:15:41 - INFO - [Epoch 5] Step 450/1372 - loss: 0.8826
2025-11-11 18:15:49 - INFO - [Epoch 5] Step 500/1372 - loss: 0.8768
2025-11-11 18:15:57 - INFO - [Epoch 5] Step 550/1372 - loss: 0.8804
2025-11-11 18:16:05 - INFO - [Epoch 5] Step 600/1372 - loss: 0.8806
2025-11-11 18:16:13 - INFO - [Epoch 5] Step 650/1372 - loss: 0.8756
2025-11-11 18:16:21 - INFO - [Epoch 5] Step 700/1372 - loss: 0.8783
2025-11-11 18:16:28 - INFO - [Epoch 5] Step 750/1372 - loss: 0.8796
2025-11-11 18:16:36 - INFO - [Epoch 5] Step 800/1372 - loss: 0.8782
2025-11-11 18:16:44 - INFO - [Epoch 5] Step 850/1372 - loss: 0.8743
2025-11-11 18:16:52 - INFO - [Epoch 5] Step 900/1372 - loss: 0.8736
2025-11-11 18:17:00 - INFO - [Epoch 5] Step 950/1372 - loss: 0.8714
2025-11-11 18:17:08 - INFO - [Epoch 5] Step 1000/1372 - loss: 0.8686
2025-11-11 18:17:16 - INFO - [Epoch 5] Step 1050/1372 - loss: 0.8665
2025-11-11 18:17:24 - INFO - [Epoch 5] Step 1100/1372 - loss: 0.8623
2025-11-11 18:17:32 - INFO - [Epoch 5] Step 1150/1372 - loss: 0.8618
2025-11-11 18:17:40 - INFO - [Epoch 5] Step 1200/1372 - loss: 0.8591
2025-11-11 18:17:47 - INFO - [Epoch 5] Step 1250/1372 - loss: 0.8592
2025-11-11 18:17:55 - INFO - [Epoch 5] Step 1300/1372 - loss: 0.8567
2025-11-11 18:18:03 - INFO - [Epoch 5] Step 1350/1372 - loss: 0.8559
2025-11-11 18:18:07 - INFO - [Epoch 5] Step 1372/1372 - loss: 0.8552
2025-11-11 18:18:09 - INFO - [Epoch 5] Top misclassified classes: 7: 9/17 (acc=0.471), 3: 6/16 (acc=0.625), 11: 2/17 (acc=0.882), 14: 2/17 (acc=0.882), 4: 1/17 (acc=0.941), 6: 1/16 (acc=0.938), 13: 1/16 (acc=0.938), 0: 0/17 (acc=1.000), 1: 0/17 (acc=1.000), 8: 0/17 (acc=1.000)
2025-11-11 18:18:09 - INFO - Epoch 5/20 - train_loss: 0.8552 - val_loss: 0.5301 - f1: 0.9209
2025-11-11 18:18:19 - INFO - [Epoch 6] Step 50/1372 - loss: 0.8630
2025-11-11 18:18:27 - INFO - [Epoch 6] Step 100/1372 - loss: 0.8373
2025-11-11 18:18:34 - INFO - [Epoch 6] Step 150/1372 - loss: 0.8350
2025-11-11 18:18:42 - INFO - [Epoch 6] Step 200/1372 - loss: 0.8354
2025-11-11 18:18:50 - INFO - [Epoch 6] Step 250/1372 - loss: 0.8145
2025-11-11 18:18:58 - INFO - [Epoch 6] Step 300/1372 - loss: 0.8114
2025-11-11 18:19:06 - INFO - [Epoch 6] Step 350/1372 - loss: 0.8184
2025-11-11 18:19:14 - INFO - [Epoch 6] Step 400/1372 - loss: 0.8182
2025-11-11 18:19:22 - INFO - [Epoch 6] Step 450/1372 - loss: 0.8073
2025-11-11 18:19:30 - INFO - [Epoch 6] Step 500/1372 - loss: 0.8064
2025-11-11 18:19:37 - INFO - [Epoch 6] Step 550/1372 - loss: 0.8005
2025-11-11 18:19:45 - INFO - [Epoch 6] Step 600/1372 - loss: 0.8002
2025-11-11 18:19:53 - INFO - [Epoch 6] Step 650/1372 - loss: 0.7979
2025-11-11 18:20:01 - INFO - [Epoch 6] Step 700/1372 - loss: 0.7953
2025-11-11 18:20:09 - INFO - [Epoch 6] Step 750/1372 - loss: 0.7959
2025-11-11 18:20:17 - INFO - [Epoch 6] Step 800/1372 - loss: 0.7960
2025-11-11 18:20:25 - INFO - [Epoch 6] Step 850/1372 - loss: 0.7932
2025-11-11 18:20:32 - INFO - [Epoch 6] Step 900/1372 - loss: 0.7935
2025-11-11 18:20:41 - INFO - [Epoch 6] Step 950/1372 - loss: 0.7927
2025-11-11 18:20:48 - INFO - [Epoch 6] Step 1000/1372 - loss: 0.7934
2025-11-11 18:20:56 - INFO - [Epoch 6] Step 1050/1372 - loss: 0.7943
2025-11-11 18:21:04 - INFO - [Epoch 6] Step 1100/1372 - loss: 0.7929
2025-11-11 18:21:12 - INFO - [Epoch 6] Step 1150/1372 - loss: 0.7908
2025-11-11 18:21:20 - INFO - [Epoch 6] Step 1200/1372 - loss: 0.7916
2025-11-11 18:21:28 - INFO - [Epoch 6] Step 1250/1372 - loss: 0.7908
2025-11-11 18:21:36 - INFO - [Epoch 6] Step 1300/1372 - loss: 0.7893
2025-11-11 18:21:44 - INFO - [Epoch 6] Step 1350/1372 - loss: 0.7874
2025-11-11 18:21:47 - INFO - [Epoch 6] Step 1372/1372 - loss: 0.7864
2025-11-11 18:21:50 - INFO - [Epoch 6] Top misclassified classes: 7: 10/17 (acc=0.412), 14: 3/17 (acc=0.824), 4: 1/17 (acc=0.941), 3: 1/16 (acc=0.938), 6: 1/16 (acc=0.938), 0: 0/17 (acc=1.000), 1: 0/17 (acc=1.000), 8: 0/17 (acc=1.000), 9: 0/17 (acc=1.000), 10: 0/17 (acc=1.000)
2025-11-11 18:21:52 - INFO - Epoch 6/20 - train_loss: 0.7864 - val_loss: 0.4851 - f1: 0.9410
2025-11-11 18:22:01 - INFO - [Epoch 7] Step 50/1372 - loss: 0.7680
2025-11-11 18:22:09 - INFO - [Epoch 7] Step 100/1372 - loss: 0.7551
2025-11-11 18:22:17 - INFO - [Epoch 7] Step 150/1372 - loss: 0.7546
2025-11-11 18:22:25 - INFO - [Epoch 7] Step 200/1372 - loss: 0.7615
2025-11-11 18:22:33 - INFO - [Epoch 7] Step 250/1372 - loss: 0.7531
2025-11-11 18:22:41 - INFO - [Epoch 7] Step 300/1372 - loss: 0.7479
2025-11-11 18:22:49 - INFO - [Epoch 7] Step 350/1372 - loss: 0.7491
2025-11-11 18:22:57 - INFO - [Epoch 7] Step 400/1372 - loss: 0.7603
2025-11-11 18:23:05 - INFO - [Epoch 7] Step 450/1372 - loss: 0.7615
2025-11-11 18:23:13 - INFO - [Epoch 7] Step 500/1372 - loss: 0.7604
2025-11-11 18:23:20 - INFO - [Epoch 7] Step 550/1372 - loss: 0.7575
2025-11-11 18:23:28 - INFO - [Epoch 7] Step 600/1372 - loss: 0.7561
2025-11-11 18:23:36 - INFO - [Epoch 7] Step 650/1372 - loss: 0.7581
2025-11-11 18:23:44 - INFO - [Epoch 7] Step 700/1372 - loss: 0.7653
2025-11-11 18:23:52 - INFO - [Epoch 7] Step 750/1372 - loss: 0.7603
2025-11-11 18:23:59 - INFO - [Epoch 7] Step 800/1372 - loss: 0.7573
2025-11-11 18:24:07 - INFO - [Epoch 7] Step 850/1372 - loss: 0.7614
2025-11-11 18:24:15 - INFO - [Epoch 7] Step 900/1372 - loss: 0.7617
2025-11-11 18:24:23 - INFO - [Epoch 7] Step 950/1372 - loss: 0.7625
2025-11-11 18:24:31 - INFO - [Epoch 7] Step 1000/1372 - loss: 0.7606
2025-11-11 18:24:39 - INFO - [Epoch 7] Step 1050/1372 - loss: 0.7588
2025-11-11 18:24:47 - INFO - [Epoch 7] Step 1100/1372 - loss: 0.7579
2025-11-11 18:24:54 - INFO - [Epoch 7] Step 1150/1372 - loss: 0.7580
2025-11-11 18:25:02 - INFO - [Epoch 7] Step 1200/1372 - loss: 0.7536
2025-11-11 18:25:10 - INFO - [Epoch 7] Step 1250/1372 - loss: 0.7545
2025-11-11 18:25:18 - INFO - [Epoch 7] Step 1300/1372 - loss: 0.7524
2025-11-11 18:25:26 - INFO - [Epoch 7] Step 1350/1372 - loss: 0.7499
2025-11-11 18:25:29 - INFO - [Epoch 7] Step 1372/1372 - loss: 0.7501
2025-11-11 18:25:31 - INFO - [Epoch 7] Top misclassified classes: 7: 7/17 (acc=0.588), 3: 3/16 (acc=0.812), 4: 2/17 (acc=0.882), 14: 2/17 (acc=0.882), 6: 1/16 (acc=0.938), 0: 0/17 (acc=1.000), 1: 0/17 (acc=1.000), 8: 0/17 (acc=1.000), 9: 0/17 (acc=1.000), 10: 0/17 (acc=1.000)
2025-11-11 18:25:33 - INFO - Epoch 7/20 - train_loss: 0.7501 - val_loss: 0.4474 - f1: 0.9472
2025-11-11 18:25:43 - INFO - [Epoch 8] Step 50/1372 - loss: 0.6670
2025-11-11 18:25:51 - INFO - [Epoch 8] Step 100/1372 - loss: 0.6949
2025-11-11 18:25:59 - INFO - [Epoch 8] Step 150/1372 - loss: 0.7211
2025-11-11 18:26:06 - INFO - [Epoch 8] Step 200/1372 - loss: 0.7325
2025-11-11 18:26:14 - INFO - [Epoch 8] Step 250/1372 - loss: 0.7412
2025-11-11 18:26:22 - INFO - [Epoch 8] Step 300/1372 - loss: 0.7264
2025-11-11 18:26:30 - INFO - [Epoch 8] Step 350/1372 - loss: 0.7274
2025-11-11 18:26:38 - INFO - [Epoch 8] Step 400/1372 - loss: 0.7208
2025-11-11 18:26:46 - INFO - [Epoch 8] Step 450/1372 - loss: 0.7141
2025-11-11 18:26:53 - INFO - [Epoch 8] Step 500/1372 - loss: 0.7122
2025-11-11 18:27:02 - INFO - [Epoch 8] Step 550/1372 - loss: 0.7132
2025-11-11 18:27:09 - INFO - [Epoch 8] Step 600/1372 - loss: 0.7076
2025-11-11 18:27:17 - INFO - [Epoch 8] Step 650/1372 - loss: 0.7071
2025-11-11 18:27:25 - INFO - [Epoch 8] Step 700/1372 - loss: 0.7033
2025-11-11 18:27:33 - INFO - [Epoch 8] Step 750/1372 - loss: 0.7030
2025-11-11 18:27:41 - INFO - [Epoch 8] Step 800/1372 - loss: 0.6995
2025-11-11 18:27:49 - INFO - [Epoch 8] Step 850/1372 - loss: 0.6985
2025-11-11 18:27:56 - INFO - [Epoch 8] Step 900/1372 - loss: 0.6987
2025-11-11 18:28:04 - INFO - [Epoch 8] Step 950/1372 - loss: 0.6972
2025-11-11 18:28:12 - INFO - [Epoch 8] Step 1000/1372 - loss: 0.6973
2025-11-11 18:28:20 - INFO - [Epoch 8] Step 1050/1372 - loss: 0.6944
2025-11-11 18:28:28 - INFO - [Epoch 8] Step 1100/1372 - loss: 0.6916
2025-11-11 18:28:36 - INFO - [Epoch 8] Step 1150/1372 - loss: 0.6917
2025-11-11 18:28:44 - INFO - [Epoch 8] Step 1200/1372 - loss: 0.6894
2025-11-11 18:28:52 - INFO - [Epoch 8] Step 1250/1372 - loss: 0.6880
2025-11-11 18:28:59 - INFO - [Epoch 8] Step 1300/1372 - loss: 0.6877
2025-11-11 18:29:07 - INFO - [Epoch 8] Step 1350/1372 - loss: 0.6901
2025-11-11 18:29:11 - INFO - [Epoch 8] Step 1372/1372 - loss: 0.6898
2025-11-11 18:29:14 - INFO - [Epoch 8] Top misclassified classes: 7: 5/17 (acc=0.706), 14: 4/17 (acc=0.765), 3: 4/16 (acc=0.750), 4: 2/17 (acc=0.882), 6: 2/16 (acc=0.875), 0: 0/17 (acc=1.000), 1: 0/17 (acc=1.000), 8: 0/17 (acc=1.000), 9: 0/17 (acc=1.000), 10: 0/17 (acc=1.000)
2025-11-11 18:29:14 - INFO - Epoch 8/20 - train_loss: 0.6898 - val_loss: 0.4948 - f1: 0.9405
2025-11-11 18:29:23 - INFO - [Epoch 9] Step 50/1372 - loss: 0.7279
2025-11-11 18:29:31 - INFO - [Epoch 9] Step 100/1372 - loss: 0.6666
2025-11-11 18:29:39 - INFO - [Epoch 9] Step 150/1372 - loss: 0.6995
2025-11-11 18:29:47 - INFO - [Epoch 9] Step 200/1372 - loss: 0.7010
2025-11-11 18:29:55 - INFO - [Epoch 9] Step 250/1372 - loss: 0.6977
2025-11-11 18:30:03 - INFO - [Epoch 9] Step 300/1372 - loss: 0.6925
2025-11-11 18:30:11 - INFO - [Epoch 9] Step 350/1372 - loss: 0.6947
2025-11-11 18:30:19 - INFO - [Epoch 9] Step 400/1372 - loss: 0.6904
2025-11-11 18:30:27 - INFO - [Epoch 9] Step 450/1372 - loss: 0.6885
2025-11-11 18:30:35 - INFO - [Epoch 9] Step 500/1372 - loss: 0.6851
2025-11-11 18:30:42 - INFO - [Epoch 9] Step 550/1372 - loss: 0.6844
2025-11-11 18:30:50 - INFO - [Epoch 9] Step 600/1372 - loss: 0.6816
2025-11-11 18:30:58 - INFO - [Epoch 9] Step 650/1372 - loss: 0.6872
2025-11-11 18:31:06 - INFO - [Epoch 9] Step 700/1372 - loss: 0.6831
2025-11-11 18:31:14 - INFO - [Epoch 9] Step 750/1372 - loss: 0.6823
2025-11-11 18:31:22 - INFO - [Epoch 9] Step 800/1372 - loss: 0.6812
2025-11-11 18:31:30 - INFO - [Epoch 9] Step 850/1372 - loss: 0.6835
2025-11-11 18:31:37 - INFO - [Epoch 9] Step 900/1372 - loss: 0.6796
2025-11-11 18:31:45 - INFO - [Epoch 9] Step 950/1372 - loss: 0.6789
2025-11-11 18:31:53 - INFO - [Epoch 9] Step 1000/1372 - loss: 0.6755
2025-11-11 18:32:01 - INFO - [Epoch 9] Step 1050/1372 - loss: 0.6742
2025-11-11 18:32:09 - INFO - [Epoch 9] Step 1100/1372 - loss: 0.6770
2025-11-11 18:32:17 - INFO - [Epoch 9] Step 1150/1372 - loss: 0.6796
2025-11-11 18:32:25 - INFO - [Epoch 9] Step 1200/1372 - loss: 0.6786
2025-11-11 18:32:32 - INFO - [Epoch 9] Step 1250/1372 - loss: 0.6774
2025-11-11 18:32:40 - INFO - [Epoch 9] Step 1300/1372 - loss: 0.6780
2025-11-11 18:32:48 - INFO - [Epoch 9] Step 1350/1372 - loss: 0.6765
2025-11-11 18:32:52 - INFO - [Epoch 9] Step 1372/1372 - loss: 0.6776
2025-11-11 18:32:54 - INFO - [Epoch 9] Top misclassified classes: 3: 4/16 (acc=0.750), 4: 3/17 (acc=0.824), 7: 2/17 (acc=0.882), 0: 0/17 (acc=1.000), 1: 0/17 (acc=1.000), 8: 0/17 (acc=1.000), 9: 0/17 (acc=1.000), 10: 0/17 (acc=1.000), 11: 0/17 (acc=1.000), 14: 0/17 (acc=1.000)
2025-11-11 18:32:57 - INFO - Epoch 9/20 - train_loss: 0.6776 - val_loss: 0.4279 - f1: 0.9680
2025-11-11 18:33:07 - INFO - [Epoch 10] Step 50/1372 - loss: 0.6255
2025-11-11 18:33:15 - INFO - [Epoch 10] Step 100/1372 - loss: 0.6540
2025-11-11 18:33:23 - INFO - [Epoch 10] Step 150/1372 - loss: 0.6408
2025-11-11 18:33:31 - INFO - [Epoch 10] Step 200/1372 - loss: 0.6472
2025-11-11 18:33:38 - INFO - [Epoch 10] Step 250/1372 - loss: 0.6456
2025-11-11 18:33:46 - INFO - [Epoch 10] Step 300/1372 - loss: 0.6461
2025-11-11 18:33:54 - INFO - [Epoch 10] Step 350/1372 - loss: 0.6533
2025-11-11 18:34:02 - INFO - [Epoch 10] Step 400/1372 - loss: 0.6430
2025-11-11 18:34:10 - INFO - [Epoch 10] Step 450/1372 - loss: 0.6434
2025-11-11 18:34:18 - INFO - [Epoch 10] Step 500/1372 - loss: 0.6435
2025-11-11 18:34:26 - INFO - [Epoch 10] Step 550/1372 - loss: 0.6461
2025-11-11 18:34:34 - INFO - [Epoch 10] Step 600/1372 - loss: 0.6446
2025-11-11 18:34:42 - INFO - [Epoch 10] Step 650/1372 - loss: 0.6498
2025-11-11 18:34:50 - INFO - [Epoch 10] Step 700/1372 - loss: 0.6472
2025-11-11 18:34:57 - INFO - [Epoch 10] Step 750/1372 - loss: 0.6449
2025-11-11 18:35:05 - INFO - [Epoch 10] Step 800/1372 - loss: 0.6446
2025-11-11 18:35:13 - INFO - [Epoch 10] Step 850/1372 - loss: 0.6431
2025-11-11 18:35:21 - INFO - [Epoch 10] Step 900/1372 - loss: 0.6440
2025-11-11 18:35:29 - INFO - [Epoch 10] Step 950/1372 - loss: 0.6433
2025-11-11 18:35:37 - INFO - [Epoch 10] Step 1000/1372 - loss: 0.6433
2025-11-11 18:35:45 - INFO - [Epoch 10] Step 1050/1372 - loss: 0.6406
2025-11-11 18:35:52 - INFO - [Epoch 10] Step 1100/1372 - loss: 0.6390
2025-11-11 18:36:00 - INFO - [Epoch 10] Step 1150/1372 - loss: 0.6388
2025-11-11 18:36:08 - INFO - [Epoch 10] Step 1200/1372 - loss: 0.6379
2025-11-11 18:36:16 - INFO - [Epoch 10] Step 1250/1372 - loss: 0.6365
2025-11-11 18:36:24 - INFO - [Epoch 10] Step 1300/1372 - loss: 0.6360
2025-11-11 18:36:32 - INFO - [Epoch 10] Step 1350/1372 - loss: 0.6379
2025-11-11 18:36:35 - INFO - [Epoch 10] Step 1372/1372 - loss: 0.6383
2025-11-11 18:36:37 - INFO - [Epoch 10] Top misclassified classes: 3: 5/16 (acc=0.688), 7: 3/17 (acc=0.824), 11: 1/17 (acc=0.941), 6: 1/16 (acc=0.938), 0: 0/17 (acc=1.000), 1: 0/17 (acc=1.000), 4: 0/17 (acc=1.000), 8: 0/17 (acc=1.000), 9: 0/17 (acc=1.000), 10: 0/17 (acc=1.000)
2025-11-11 18:36:38 - INFO - Epoch 10/20 - train_loss: 0.6383 - val_loss: 0.4485 - f1: 0.9635
2025-11-11 18:36:47 - INFO - [Epoch 11] Step 50/1372 - loss: 0.6312
2025-11-11 18:36:55 - INFO - [Epoch 11] Step 100/1372 - loss: 0.6258
2025-11-11 18:37:03 - INFO - [Epoch 11] Step 150/1372 - loss: 0.6130
2025-11-11 18:37:11 - INFO - [Epoch 11] Step 200/1372 - loss: 0.6059
2025-11-11 18:37:19 - INFO - [Epoch 11] Step 250/1372 - loss: 0.6206
2025-11-11 18:37:27 - INFO - [Epoch 11] Step 300/1372 - loss: 0.6139
2025-11-11 18:37:35 - INFO - [Epoch 11] Step 350/1372 - loss: 0.6115
2025-11-11 18:37:43 - INFO - [Epoch 11] Step 400/1372 - loss: 0.6136
2025-11-11 18:37:51 - INFO - [Epoch 11] Step 450/1372 - loss: 0.6214
2025-11-11 18:37:58 - INFO - [Epoch 11] Step 500/1372 - loss: 0.6253
2025-11-11 18:38:06 - INFO - [Epoch 11] Step 550/1372 - loss: 0.6216
2025-11-11 18:38:14 - INFO - [Epoch 11] Step 600/1372 - loss: 0.6200
2025-11-11 18:38:22 - INFO - [Epoch 11] Step 650/1372 - loss: 0.6212
2025-11-11 18:38:30 - INFO - [Epoch 11] Step 700/1372 - loss: 0.6213
2025-11-11 18:38:37 - INFO - [Epoch 11] Step 750/1372 - loss: 0.6195
2025-11-11 18:38:45 - INFO - [Epoch 11] Step 800/1372 - loss: 0.6155
2025-11-11 18:38:53 - INFO - [Epoch 11] Step 850/1372 - loss: 0.6149
2025-11-11 18:39:01 - INFO - [Epoch 11] Step 900/1372 - loss: 0.6145
2025-11-11 18:39:09 - INFO - [Epoch 11] Step 950/1372 - loss: 0.6133
2025-11-11 18:39:16 - INFO - [Epoch 11] Step 1000/1372 - loss: 0.6136
2025-11-11 18:39:24 - INFO - [Epoch 11] Step 1050/1372 - loss: 0.6160
2025-11-11 18:39:32 - INFO - [Epoch 11] Step 1100/1372 - loss: 0.6188
2025-11-11 18:39:40 - INFO - [Epoch 11] Step 1150/1372 - loss: 0.6171
2025-11-11 18:39:48 - INFO - [Epoch 11] Step 1200/1372 - loss: 0.6180
2025-11-11 18:39:55 - INFO - [Epoch 11] Step 1250/1372 - loss: 0.6152
2025-11-11 18:40:03 - INFO - [Epoch 11] Step 1300/1372 - loss: 0.6137
2025-11-11 18:40:11 - INFO - [Epoch 11] Step 1350/1372 - loss: 0.6165
2025-11-11 18:40:15 - INFO - [Epoch 11] Step 1372/1372 - loss: 0.6182
2025-11-11 18:40:17 - INFO - [Epoch 11] Top misclassified classes: 7: 4/17 (acc=0.765), 4: 3/17 (acc=0.824), 3: 1/16 (acc=0.938), 6: 1/16 (acc=0.938), 0: 0/17 (acc=1.000), 1: 0/17 (acc=1.000), 8: 0/17 (acc=1.000), 9: 0/17 (acc=1.000), 10: 0/17 (acc=1.000), 11: 0/17 (acc=1.000)
2025-11-11 18:40:19 - INFO - Epoch 11/20 - train_loss: 0.6182 - val_loss: 0.4216 - f1: 0.9681
2025-11-11 18:40:29 - INFO - [Epoch 12] Step 50/1372 - loss: 0.5931
2025-11-11 18:40:37 - INFO - [Epoch 12] Step 100/1372 - loss: 0.6050
2025-11-11 18:40:45 - INFO - [Epoch 12] Step 150/1372 - loss: 0.6038
2025-11-11 18:40:53 - INFO - [Epoch 12] Step 200/1372 - loss: 0.6006
2025-11-11 18:41:01 - INFO - [Epoch 12] Step 250/1372 - loss: 0.5946
2025-11-11 18:41:08 - INFO - [Epoch 12] Step 300/1372 - loss: 0.5913
2025-11-11 18:41:16 - INFO - [Epoch 12] Step 350/1372 - loss: 0.5857
2025-11-11 18:41:24 - INFO - [Epoch 12] Step 400/1372 - loss: 0.5851
2025-11-11 18:41:32 - INFO - [Epoch 12] Step 450/1372 - loss: 0.5847
2025-11-11 18:41:40 - INFO - [Epoch 12] Step 500/1372 - loss: 0.5814
2025-11-11 18:41:48 - INFO - [Epoch 12] Step 550/1372 - loss: 0.5823
2025-11-11 18:41:56 - INFO - [Epoch 12] Step 600/1372 - loss: 0.5819
2025-11-11 18:42:04 - INFO - [Epoch 12] Step 650/1372 - loss: 0.5869
2025-11-11 18:42:12 - INFO - [Epoch 12] Step 700/1372 - loss: 0.5842
2025-11-11 18:42:20 - INFO - [Epoch 12] Step 750/1372 - loss: 0.5835
2025-11-11 18:42:27 - INFO - [Epoch 12] Step 800/1372 - loss: 0.5840
2025-11-11 18:42:35 - INFO - [Epoch 12] Step 850/1372 - loss: 0.5812
2025-11-11 18:42:43 - INFO - [Epoch 12] Step 900/1372 - loss: 0.5832
2025-11-11 18:42:51 - INFO - [Epoch 12] Step 950/1372 - loss: 0.5850
2025-11-11 18:42:59 - INFO - [Epoch 12] Step 1000/1372 - loss: 0.5858
2025-11-11 18:43:07 - INFO - [Epoch 12] Step 1050/1372 - loss: 0.5843
2025-11-11 18:43:15 - INFO - [Epoch 12] Step 1100/1372 - loss: 0.5851
2025-11-11 18:43:22 - INFO - [Epoch 12] Step 1150/1372 - loss: 0.5855
2025-11-11 18:43:30 - INFO - [Epoch 12] Step 1200/1372 - loss: 0.5827
2025-11-11 18:43:38 - INFO - [Epoch 12] Step 1250/1372 - loss: 0.5828
2025-11-11 18:43:46 - INFO - [Epoch 12] Step 1300/1372 - loss: 0.5837
2025-11-11 18:43:54 - INFO - [Epoch 12] Step 1350/1372 - loss: 0.5833
2025-11-11 18:43:57 - INFO - [Epoch 12] Step 1372/1372 - loss: 0.5832
2025-11-11 18:44:00 - INFO - [Epoch 12] Top misclassified classes: 3: 3/16 (acc=0.812), 14: 2/17 (acc=0.882), 4: 1/17 (acc=0.941), 7: 1/17 (acc=0.941), 6: 1/16 (acc=0.938), 0: 0/17 (acc=1.000), 1: 0/17 (acc=1.000), 8: 0/17 (acc=1.000), 9: 0/17 (acc=1.000), 10: 0/17 (acc=1.000)
2025-11-11 18:44:03 - INFO - Epoch 12/20 - train_loss: 0.5832 - val_loss: 0.4277 - f1: 0.9720
2025-11-11 18:44:12 - INFO - [Epoch 13] Step 50/1372 - loss: 0.5678
2025-11-11 18:44:20 - INFO - [Epoch 13] Step 100/1372 - loss: 0.5865
2025-11-11 18:44:28 - INFO - [Epoch 13] Step 150/1372 - loss: 0.5951
2025-11-11 18:44:36 - INFO - [Epoch 13] Step 200/1372 - loss: 0.5823
2025-11-11 18:44:43 - INFO - [Epoch 13] Step 250/1372 - loss: 0.5746
2025-11-11 18:44:51 - INFO - [Epoch 13] Step 300/1372 - loss: 0.5779
2025-11-11 18:44:59 - INFO - [Epoch 13] Step 350/1372 - loss: 0.5727
2025-11-11 18:45:07 - INFO - [Epoch 13] Step 400/1372 - loss: 0.5711
2025-11-11 18:45:15 - INFO - [Epoch 13] Step 450/1372 - loss: 0.5672
2025-11-11 18:45:23 - INFO - [Epoch 13] Step 500/1372 - loss: 0.5667
2025-11-11 18:45:31 - INFO - [Epoch 13] Step 550/1372 - loss: 0.5654
2025-11-11 18:45:39 - INFO - [Epoch 13] Step 600/1372 - loss: 0.5671
2025-11-11 18:45:47 - INFO - [Epoch 13] Step 650/1372 - loss: 0.5681
2025-11-11 18:45:55 - INFO - [Epoch 13] Step 700/1372 - loss: 0.5659
2025-11-11 18:46:02 - INFO - [Epoch 13] Step 750/1372 - loss: 0.5646
2025-11-11 18:46:10 - INFO - [Epoch 13] Step 800/1372 - loss: 0.5657
2025-11-11 18:46:18 - INFO - [Epoch 13] Step 850/1372 - loss: 0.5666
2025-11-11 18:46:26 - INFO - [Epoch 13] Step 900/1372 - loss: 0.5667
2025-11-11 18:46:34 - INFO - [Epoch 13] Step 950/1372 - loss: 0.5650
2025-11-11 18:46:42 - INFO - [Epoch 13] Step 1000/1372 - loss: 0.5680
2025-11-11 18:46:50 - INFO - [Epoch 13] Step 1050/1372 - loss: 0.5658
2025-11-11 18:46:58 - INFO - [Epoch 13] Step 1100/1372 - loss: 0.5649
2025-11-11 18:47:06 - INFO - [Epoch 13] Step 1150/1372 - loss: 0.5625
2025-11-11 18:47:14 - INFO - [Epoch 13] Step 1200/1372 - loss: 0.5606
2025-11-11 18:47:21 - INFO - [Epoch 13] Step 1250/1372 - loss: 0.5591
2025-11-11 18:47:29 - INFO - [Epoch 13] Step 1300/1372 - loss: 0.5578
2025-11-11 18:47:37 - INFO - [Epoch 13] Step 1350/1372 - loss: 0.5579
2025-11-11 18:47:41 - INFO - [Epoch 13] Step 1372/1372 - loss: 0.5576
2025-11-11 18:47:43 - INFO - [Epoch 13] Top misclassified classes: 3: 3/16 (acc=0.812), 7: 1/17 (acc=0.941), 14: 1/17 (acc=0.941), 0: 0/17 (acc=1.000), 1: 0/17 (acc=1.000), 4: 0/17 (acc=1.000), 8: 0/17 (acc=1.000), 9: 0/17 (acc=1.000), 10: 0/17 (acc=1.000), 11: 0/17 (acc=1.000)
2025-11-11 18:47:45 - INFO - Epoch 13/20 - train_loss: 0.5576 - val_loss: 0.3962 - f1: 0.9820
2025-11-11 18:47:55 - INFO - [Epoch 14] Step 50/1372 - loss: 0.5453
2025-11-11 18:48:03 - INFO - [Epoch 14] Step 100/1372 - loss: 0.5742
2025-11-11 18:48:11 - INFO - [Epoch 14] Step 150/1372 - loss: 0.5591
2025-11-11 18:48:18 - INFO - [Epoch 14] Step 200/1372 - loss: 0.5582
2025-11-11 18:48:26 - INFO - [Epoch 14] Step 250/1372 - loss: 0.5577
2025-11-11 18:48:34 - INFO - [Epoch 14] Step 300/1372 - loss: 0.5592
2025-11-11 18:48:42 - INFO - [Epoch 14] Step 350/1372 - loss: 0.5643
2025-11-11 18:48:50 - INFO - [Epoch 14] Step 400/1372 - loss: 0.5587
2025-11-11 18:48:58 - INFO - [Epoch 14] Step 450/1372 - loss: 0.5586
2025-11-11 18:49:05 - INFO - [Epoch 14] Step 500/1372 - loss: 0.5544
2025-11-11 18:49:13 - INFO - [Epoch 14] Step 550/1372 - loss: 0.5551
2025-11-11 18:49:21 - INFO - [Epoch 14] Step 600/1372 - loss: 0.5572
2025-11-11 18:49:29 - INFO - [Epoch 14] Step 650/1372 - loss: 0.5541
2025-11-11 18:49:37 - INFO - [Epoch 14] Step 700/1372 - loss: 0.5547
2025-11-11 18:49:45 - INFO - [Epoch 14] Step 750/1372 - loss: 0.5540
2025-11-11 18:49:52 - INFO - [Epoch 14] Step 800/1372 - loss: 0.5560
2025-11-11 18:50:00 - INFO - [Epoch 14] Step 850/1372 - loss: 0.5559
2025-11-11 18:50:08 - INFO - [Epoch 14] Step 900/1372 - loss: 0.5566
2025-11-11 18:50:16 - INFO - [Epoch 14] Step 950/1372 - loss: 0.5551
2025-11-11 18:50:24 - INFO - [Epoch 14] Step 1000/1372 - loss: 0.5538
2025-11-11 18:50:32 - INFO - [Epoch 14] Step 1050/1372 - loss: 0.5537
2025-11-11 18:50:40 - INFO - [Epoch 14] Step 1100/1372 - loss: 0.5506
2025-11-11 18:50:48 - INFO - [Epoch 14] Step 1150/1372 - loss: 0.5489
2025-11-11 18:50:55 - INFO - [Epoch 14] Step 1200/1372 - loss: 0.5494
2025-11-11 18:51:03 - INFO - [Epoch 14] Step 1250/1372 - loss: 0.5484
2025-11-11 18:51:11 - INFO - [Epoch 14] Step 1300/1372 - loss: 0.5481
2025-11-11 18:51:19 - INFO - [Epoch 14] Step 1350/1372 - loss: 0.5489
2025-11-11 18:51:22 - INFO - [Epoch 14] Step 1372/1372 - loss: 0.5495
2025-11-11 18:51:25 - INFO - [Epoch 14] Top misclassified classes: 7: 1/17 (acc=0.941), 3: 1/16 (acc=0.938), 0: 0/17 (acc=1.000), 1: 0/17 (acc=1.000), 4: 0/17 (acc=1.000), 8: 0/17 (acc=1.000), 9: 0/17 (acc=1.000), 10: 0/17 (acc=1.000), 11: 0/17 (acc=1.000), 14: 0/17 (acc=1.000)
2025-11-11 18:51:28 - INFO - Epoch 14/20 - train_loss: 0.5495 - val_loss: 0.3681 - f1: 0.9929
2025-11-11 18:51:37 - INFO - [Epoch 15] Step 50/1372 - loss: 0.5449
2025-11-11 18:51:45 - INFO - [Epoch 15] Step 100/1372 - loss: 0.5367
2025-11-11 18:51:53 - INFO - [Epoch 15] Step 150/1372 - loss: 0.5153
2025-11-11 18:52:01 - INFO - [Epoch 15] Step 200/1372 - loss: 0.5112
2025-11-11 18:52:09 - INFO - [Epoch 15] Step 250/1372 - loss: 0.5230
2025-11-11 18:52:16 - INFO - [Epoch 15] Step 300/1372 - loss: 0.5199
2025-11-11 18:52:24 - INFO - [Epoch 15] Step 350/1372 - loss: 0.5221
2025-11-11 18:52:32 - INFO - [Epoch 15] Step 400/1372 - loss: 0.5201
2025-11-11 18:52:40 - INFO - [Epoch 15] Step 450/1372 - loss: 0.5204
2025-11-11 18:52:48 - INFO - [Epoch 15] Step 500/1372 - loss: 0.5164
2025-11-11 18:52:56 - INFO - [Epoch 15] Step 550/1372 - loss: 0.5199
2025-11-11 18:53:04 - INFO - [Epoch 15] Step 600/1372 - loss: 0.5207
2025-11-11 18:53:12 - INFO - [Epoch 15] Step 650/1372 - loss: 0.5195
2025-11-11 18:53:19 - INFO - [Epoch 15] Step 700/1372 - loss: 0.5210
2025-11-11 18:53:27 - INFO - [Epoch 15] Step 750/1372 - loss: 0.5181
2025-11-11 18:53:35 - INFO - [Epoch 15] Step 800/1372 - loss: 0.5180
2025-11-11 18:53:43 - INFO - [Epoch 15] Step 850/1372 - loss: 0.5159
2025-11-11 18:53:51 - INFO - [Epoch 15] Step 900/1372 - loss: 0.5158
2025-11-11 18:53:59 - INFO - [Epoch 15] Step 950/1372 - loss: 0.5153
2025-11-11 18:54:07 - INFO - [Epoch 15] Step 1000/1372 - loss: 0.5161
2025-11-11 18:54:15 - INFO - [Epoch 15] Step 1050/1372 - loss: 0.5152
2025-11-11 18:54:22 - INFO - [Epoch 15] Step 1100/1372 - loss: 0.5152
2025-11-11 18:54:30 - INFO - [Epoch 15] Step 1150/1372 - loss: 0.5157
2025-11-11 18:54:38 - INFO - [Epoch 15] Step 1200/1372 - loss: 0.5142
2025-11-11 18:54:46 - INFO - [Epoch 15] Step 1250/1372 - loss: 0.5145
2025-11-11 18:54:54 - INFO - [Epoch 15] Step 1300/1372 - loss: 0.5142
2025-11-11 18:55:02 - INFO - [Epoch 15] Step 1350/1372 - loss: 0.5161
2025-11-11 18:55:05 - INFO - [Epoch 15] Step 1372/1372 - loss: 0.5149
2025-11-11 18:55:08 - INFO - [Epoch 15] Top misclassified classes: 7: 1/17 (acc=0.941), 14: 1/17 (acc=0.941), 3: 1/16 (acc=0.938), 0: 0/17 (acc=1.000), 1: 0/17 (acc=1.000), 4: 0/17 (acc=1.000), 8: 0/17 (acc=1.000), 9: 0/17 (acc=1.000), 10: 0/17 (acc=1.000), 11: 0/17 (acc=1.000)
2025-11-11 18:55:08 - INFO - Epoch 15/20 - train_loss: 0.5149 - val_loss: 0.3688 - f1: 0.9895
2025-11-11 18:55:17 - INFO - [Epoch 16] Step 50/1372 - loss: 0.4984
2025-11-11 18:55:25 - INFO - [Epoch 16] Step 100/1372 - loss: 0.5123
2025-11-11 18:55:33 - INFO - [Epoch 16] Step 150/1372 - loss: 0.5119
2025-11-11 18:55:41 - INFO - [Epoch 16] Step 200/1372 - loss: 0.5173
2025-11-11 18:55:49 - INFO - [Epoch 16] Step 250/1372 - loss: 0.5181
2025-11-11 18:55:57 - INFO - [Epoch 16] Step 300/1372 - loss: 0.5062
2025-11-11 18:56:04 - INFO - [Epoch 16] Step 350/1372 - loss: 0.5021
2025-11-11 18:56:12 - INFO - [Epoch 16] Step 400/1372 - loss: 0.5032
2025-11-11 18:56:20 - INFO - [Epoch 16] Step 450/1372 - loss: 0.5004
2025-11-11 18:56:28 - INFO - [Epoch 16] Step 500/1372 - loss: 0.4989
2025-11-11 18:56:36 - INFO - [Epoch 16] Step 550/1372 - loss: 0.4998
2025-11-11 18:56:44 - INFO - [Epoch 16] Step 600/1372 - loss: 0.5011
2025-11-11 18:56:52 - INFO - [Epoch 16] Step 650/1372 - loss: 0.5008
2025-11-11 18:57:00 - INFO - [Epoch 16] Step 700/1372 - loss: 0.5011
2025-11-11 18:57:07 - INFO - [Epoch 16] Step 750/1372 - loss: 0.5021
2025-11-11 18:57:15 - INFO - [Epoch 16] Step 800/1372 - loss: 0.5001
2025-11-11 18:57:23 - INFO - [Epoch 16] Step 850/1372 - loss: 0.5016
2025-11-11 18:57:31 - INFO - [Epoch 16] Step 900/1372 - loss: 0.5026
2025-11-11 18:57:39 - INFO - [Epoch 16] Step 950/1372 - loss: 0.5031
2025-11-11 18:57:47 - INFO - [Epoch 16] Step 1000/1372 - loss: 0.5053
2025-11-11 18:57:55 - INFO - [Epoch 16] Step 1050/1372 - loss: 0.5062
2025-11-11 18:58:03 - INFO - [Epoch 16] Step 1100/1372 - loss: 0.5034
2025-11-11 18:58:10 - INFO - [Epoch 16] Step 1150/1372 - loss: 0.5059
2025-11-11 18:58:18 - INFO - [Epoch 16] Step 1200/1372 - loss: 0.5058
2025-11-11 18:58:26 - INFO - [Epoch 16] Step 1250/1372 - loss: 0.5070
2025-11-11 18:58:34 - INFO - [Epoch 16] Step 1300/1372 - loss: 0.5079
2025-11-11 18:58:42 - INFO - [Epoch 16] Step 1350/1372 - loss: 0.5066
2025-11-11 18:58:45 - INFO - [Epoch 16] Step 1372/1372 - loss: 0.5049
2025-11-11 18:58:48 - INFO - [Epoch 16] Top misclassified classes: 7: 2/17 (acc=0.882), 14: 1/17 (acc=0.941), 3: 1/16 (acc=0.938), 0: 0/17 (acc=1.000), 1: 0/17 (acc=1.000), 4: 0/17 (acc=1.000), 8: 0/17 (acc=1.000), 9: 0/17 (acc=1.000), 10: 0/17 (acc=1.000), 11: 0/17 (acc=1.000)
2025-11-11 18:58:48 - INFO - Epoch 16/20 - train_loss: 0.5049 - val_loss: 0.3555 - f1: 0.9859
2025-11-11 18:58:57 - INFO - [Epoch 17] Step 50/1372 - loss: 0.5542
2025-11-11 18:59:05 - INFO - [Epoch 17] Step 100/1372 - loss: 0.5455
2025-11-11 18:59:13 - INFO - [Epoch 17] Step 150/1372 - loss: 0.5188
2025-11-11 18:59:21 - INFO - [Epoch 17] Step 200/1372 - loss: 0.5089
2025-11-11 18:59:29 - INFO - [Epoch 17] Step 250/1372 - loss: 0.4992
2025-11-11 18:59:37 - INFO - [Epoch 17] Step 300/1372 - loss: 0.5010
2025-11-11 18:59:45 - INFO - [Epoch 17] Step 350/1372 - loss: 0.4989
2025-11-11 18:59:53 - INFO - [Epoch 17] Step 400/1372 - loss: 0.4968
2025-11-11 19:00:01 - INFO - [Epoch 17] Step 450/1372 - loss: 0.4944
2025-11-11 19:00:09 - INFO - [Epoch 17] Step 500/1372 - loss: 0.4938
2025-11-11 19:00:16 - INFO - [Epoch 17] Step 550/1372 - loss: 0.4930
2025-11-11 19:00:24 - INFO - [Epoch 17] Step 600/1372 - loss: 0.4969
2025-11-11 19:00:32 - INFO - [Epoch 17] Step 650/1372 - loss: 0.4993
2025-11-11 19:00:40 - INFO - [Epoch 17] Step 700/1372 - loss: 0.4973
2025-11-11 19:00:48 - INFO - [Epoch 17] Step 750/1372 - loss: 0.4970
2025-11-11 19:00:56 - INFO - [Epoch 17] Step 800/1372 - loss: 0.4951
2025-11-11 19:01:04 - INFO - [Epoch 17] Step 850/1372 - loss: 0.4936
2025-11-11 19:01:12 - INFO - [Epoch 17] Step 900/1372 - loss: 0.4930
2025-11-11 19:01:20 - INFO - [Epoch 17] Step 950/1372 - loss: 0.4922
2025-11-11 19:01:27 - INFO - [Epoch 17] Step 1000/1372 - loss: 0.4923
2025-11-11 19:01:35 - INFO - [Epoch 17] Step 1050/1372 - loss: 0.4936
2025-11-11 19:01:43 - INFO - [Epoch 17] Step 1100/1372 - loss: 0.4936
2025-11-11 19:01:51 - INFO - [Epoch 17] Step 1150/1372 - loss: 0.4934
2025-11-11 19:01:59 - INFO - [Epoch 17] Step 1200/1372 - loss: 0.4938
2025-11-11 19:02:07 - INFO - [Epoch 17] Step 1250/1372 - loss: 0.4936
2025-11-11 19:02:15 - INFO - [Epoch 17] Step 1300/1372 - loss: 0.4951
2025-11-11 19:02:23 - INFO - [Epoch 17] Step 1350/1372 - loss: 0.4959
2025-11-11 19:02:26 - INFO - [Epoch 17] Step 1372/1372 - loss: 0.4958
2025-11-11 19:02:29 - INFO - [Epoch 17] Top misclassified classes: 14: 1/17 (acc=0.941), 0: 0/17 (acc=1.000), 1: 0/17 (acc=1.000), 4: 0/17 (acc=1.000), 7: 0/17 (acc=1.000), 8: 0/17 (acc=1.000), 9: 0/17 (acc=1.000), 10: 0/17 (acc=1.000), 11: 0/17 (acc=1.000), 2: 0/16 (acc=1.000)
2025-11-11 19:02:32 - INFO - Epoch 17/20 - train_loss: 0.4958 - val_loss: 0.3463 - f1: 0.9964
2025-11-11 19:02:41 - INFO - [Epoch 18] Step 50/1372 - loss: 0.5032
2025-11-11 19:02:49 - INFO - [Epoch 18] Step 100/1372 - loss: 0.5113
2025-11-11 19:02:56 - INFO - [Epoch 18] Step 150/1372 - loss: 0.4979
2025-11-11 19:03:04 - INFO - [Epoch 18] Step 200/1372 - loss: 0.5005
2025-11-11 19:03:12 - INFO - [Epoch 18] Step 250/1372 - loss: 0.4986
2025-11-11 19:03:20 - INFO - [Epoch 18] Step 300/1372 - loss: 0.4938
2025-11-11 19:03:28 - INFO - [Epoch 18] Step 350/1372 - loss: 0.4893
2025-11-11 19:03:36 - INFO - [Epoch 18] Step 400/1372 - loss: 0.4940
2025-11-11 19:03:44 - INFO - [Epoch 18] Step 450/1372 - loss: 0.4934
2025-11-11 19:03:52 - INFO - [Epoch 18] Step 500/1372 - loss: 0.4920
2025-11-11 19:03:59 - INFO - [Epoch 18] Step 550/1372 - loss: 0.4897
2025-11-11 19:04:07 - INFO - [Epoch 18] Step 600/1372 - loss: 0.4883
2025-11-11 19:04:15 - INFO - [Epoch 18] Step 650/1372 - loss: 0.4883
2025-11-11 19:04:23 - INFO - [Epoch 18] Step 700/1372 - loss: 0.4869
2025-11-11 19:04:31 - INFO - [Epoch 18] Step 750/1372 - loss: 0.4854
2025-11-11 19:04:39 - INFO - [Epoch 18] Step 800/1372 - loss: 0.4855
2025-11-11 19:04:46 - INFO - [Epoch 18] Step 850/1372 - loss: 0.4859
2025-11-11 19:04:54 - INFO - [Epoch 18] Step 900/1372 - loss: 0.4881
2025-11-11 19:05:02 - INFO - [Epoch 18] Step 950/1372 - loss: 0.4871
2025-11-11 19:05:10 - INFO - [Epoch 18] Step 1000/1372 - loss: 0.4873
2025-11-11 19:05:18 - INFO - [Epoch 18] Step 1050/1372 - loss: 0.4869
2025-11-11 19:05:26 - INFO - [Epoch 18] Step 1100/1372 - loss: 0.4878
2025-11-11 19:05:33 - INFO - [Epoch 18] Step 1150/1372 - loss: 0.4868
2025-11-11 19:05:41 - INFO - [Epoch 18] Step 1200/1372 - loss: 0.4856
2025-11-11 19:05:49 - INFO - [Epoch 18] Step 1250/1372 - loss: 0.4869
2025-11-11 19:05:57 - INFO - [Epoch 18] Step 1300/1372 - loss: 0.4868
2025-11-11 19:06:05 - INFO - [Epoch 18] Step 1350/1372 - loss: 0.4869
2025-11-11 19:06:08 - INFO - [Epoch 18] Step 1372/1372 - loss: 0.4858
2025-11-11 19:06:11 - INFO - [Epoch 18] Top misclassified classes: 14: 1/17 (acc=0.941), 3: 1/16 (acc=0.938), 0: 0/17 (acc=1.000), 1: 0/17 (acc=1.000), 4: 0/17 (acc=1.000), 7: 0/17 (acc=1.000), 8: 0/17 (acc=1.000), 9: 0/17 (acc=1.000), 10: 0/17 (acc=1.000), 11: 0/17 (acc=1.000)
2025-11-11 19:06:11 - INFO - Epoch 18/20 - train_loss: 0.4858 - val_loss: 0.3474 - f1: 0.9929
2025-11-11 19:06:20 - INFO - [Epoch 19] Step 50/1372 - loss: 0.4496
2025-11-11 19:06:28 - INFO - [Epoch 19] Step 100/1372 - loss: 0.4702
2025-11-11 19:06:36 - INFO - [Epoch 19] Step 150/1372 - loss: 0.4601
2025-11-11 19:06:44 - INFO - [Epoch 19] Step 200/1372 - loss: 0.4604
2025-11-11 19:06:52 - INFO - [Epoch 19] Step 250/1372 - loss: 0.4604
2025-11-11 19:07:00 - INFO - [Epoch 19] Step 300/1372 - loss: 0.4697
2025-11-11 19:07:08 - INFO - [Epoch 19] Step 350/1372 - loss: 0.4696
2025-11-11 19:07:16 - INFO - [Epoch 19] Step 400/1372 - loss: 0.4690
2025-11-11 19:07:24 - INFO - [Epoch 19] Step 450/1372 - loss: 0.4664
2025-11-11 19:07:32 - INFO - [Epoch 19] Step 500/1372 - loss: 0.4683
2025-11-11 19:07:39 - INFO - [Epoch 19] Step 550/1372 - loss: 0.4699
2025-11-11 19:07:47 - INFO - [Epoch 19] Step 600/1372 - loss: 0.4704
2025-11-11 19:07:55 - INFO - [Epoch 19] Step 650/1372 - loss: 0.4704
2025-11-11 19:08:03 - INFO - [Epoch 19] Step 700/1372 - loss: 0.4713
2025-11-11 19:08:11 - INFO - [Epoch 19] Step 750/1372 - loss: 0.4734
2025-11-11 19:08:19 - INFO - [Epoch 19] Step 800/1372 - loss: 0.4755
2025-11-11 19:08:27 - INFO - [Epoch 19] Step 850/1372 - loss: 0.4764
2025-11-11 19:08:35 - INFO - [Epoch 19] Step 900/1372 - loss: 0.4757
2025-11-11 19:08:42 - INFO - [Epoch 19] Step 950/1372 - loss: 0.4736
2025-11-11 19:08:50 - INFO - [Epoch 19] Step 1000/1372 - loss: 0.4725
2025-11-11 19:08:58 - INFO - [Epoch 19] Step 1050/1372 - loss: 0.4720
2025-11-11 19:09:06 - INFO - [Epoch 19] Step 1100/1372 - loss: 0.4741
2025-11-11 19:09:14 - INFO - [Epoch 19] Step 1150/1372 - loss: 0.4730
2025-11-11 19:09:22 - INFO - [Epoch 19] Step 1200/1372 - loss: 0.4724
2025-11-11 19:09:30 - INFO - [Epoch 19] Step 1250/1372 - loss: 0.4732
2025-11-11 19:09:37 - INFO - [Epoch 19] Step 1300/1372 - loss: 0.4750
2025-11-11 19:09:45 - INFO - [Epoch 19] Step 1350/1372 - loss: 0.4735
2025-11-11 19:09:49 - INFO - [Epoch 19] Step 1372/1372 - loss: 0.4734
2025-11-11 19:09:51 - INFO - [Epoch 19] Top misclassified classes: 14: 1/17 (acc=0.941), 3: 1/16 (acc=0.938), 0: 0/17 (acc=1.000), 1: 0/17 (acc=1.000), 4: 0/17 (acc=1.000), 7: 0/17 (acc=1.000), 8: 0/17 (acc=1.000), 9: 0/17 (acc=1.000), 10: 0/17 (acc=1.000), 11: 0/17 (acc=1.000)
2025-11-11 19:09:52 - INFO - Epoch 19/20 - train_loss: 0.4734 - val_loss: 0.3452 - f1: 0.9929
2025-11-11 19:10:01 - INFO - [Epoch 20] Step 50/1372 - loss: 0.4696
2025-11-11 19:10:09 - INFO - [Epoch 20] Step 100/1372 - loss: 0.4729
2025-11-11 19:10:17 - INFO - [Epoch 20] Step 150/1372 - loss: 0.4751
2025-11-11 19:10:25 - INFO - [Epoch 20] Step 200/1372 - loss: 0.4875
2025-11-11 19:10:33 - INFO - [Epoch 20] Step 250/1372 - loss: 0.4860
2025-11-11 19:10:41 - INFO - [Epoch 20] Step 300/1372 - loss: 0.4800
2025-11-11 19:10:48 - INFO - [Epoch 20] Step 350/1372 - loss: 0.4869
2025-11-11 19:10:56 - INFO - [Epoch 20] Step 400/1372 - loss: 0.4876
2025-11-11 19:11:04 - INFO - [Epoch 20] Step 450/1372 - loss: 0.4832
2025-11-11 19:11:12 - INFO - [Epoch 20] Step 500/1372 - loss: 0.4837
2025-11-11 19:11:20 - INFO - [Epoch 20] Step 550/1372 - loss: 0.4835
2025-11-11 19:11:27 - INFO - [Epoch 20] Step 600/1372 - loss: 0.4842
2025-11-11 19:11:35 - INFO - [Epoch 20] Step 650/1372 - loss: 0.4868
2025-11-11 19:11:43 - INFO - [Epoch 20] Step 700/1372 - loss: 0.4845
2025-11-11 19:11:51 - INFO - [Epoch 20] Step 750/1372 - loss: 0.4820
2025-11-11 19:11:59 - INFO - [Epoch 20] Step 800/1372 - loss: 0.4841
2025-11-11 19:12:07 - INFO - [Epoch 20] Step 850/1372 - loss: 0.4822
2025-11-11 19:12:15 - INFO - [Epoch 20] Step 900/1372 - loss: 0.4799
2025-11-11 19:12:23 - INFO - [Epoch 20] Step 950/1372 - loss: 0.4769
2025-11-11 19:12:30 - INFO - [Epoch 20] Step 1000/1372 - loss: 0.4757
2025-11-11 19:12:38 - INFO - [Epoch 20] Step 1050/1372 - loss: 0.4758
2025-11-11 19:12:46 - INFO - [Epoch 20] Step 1100/1372 - loss: 0.4757
2025-11-11 19:12:54 - INFO - [Epoch 20] Step 1150/1372 - loss: 0.4763
2025-11-11 19:13:02 - INFO - [Epoch 20] Step 1200/1372 - loss: 0.4761
2025-11-11 19:13:10 - INFO - [Epoch 20] Step 1250/1372 - loss: 0.4761
2025-11-11 19:13:17 - INFO - [Epoch 20] Step 1300/1372 - loss: 0.4746
2025-11-11 19:13:25 - INFO - [Epoch 20] Step 1350/1372 - loss: 0.4739
2025-11-11 19:13:29 - INFO - [Epoch 20] Step 1372/1372 - loss: 0.4732
2025-11-11 19:13:31 - INFO - [Epoch 20] Top misclassified classes: 14: 1/17 (acc=0.941), 3: 1/16 (acc=0.938), 0: 0/17 (acc=1.000), 1: 0/17 (acc=1.000), 4: 0/17 (acc=1.000), 7: 0/17 (acc=1.000), 8: 0/17 (acc=1.000), 9: 0/17 (acc=1.000), 10: 0/17 (acc=1.000), 11: 0/17 (acc=1.000)
2025-11-11 19:13:32 - INFO - Epoch 20/20 - train_loss: 0.4732 - val_loss: 0.3452 - f1: 0.9929
2025-11-11 19:13:32 - INFO - Best epoch: 17 (0.9964)
2025-11-11 19:13:32 - INFO - Best f1: 0.9964
[Submit] effnet_b7 run=20251111-092056_tf_efficientnet_b7_ns_448px_rot90_jitter_affine_rrc_mixup_only_ls0.05_cosine scale=528
/opt/conda/lib/python3.10/site-packages/timm/models/_factory.py:117: UserWarning: Mapping deprecated model name tf_efficientnet_b7_ns to current tf_efficientnet_b7.ns_jft_in1k.
  model = create_fn(
Saved submission to outputs/submissions/20251111-191943_tf_efficientnet_b7_ns_528px_rot90_jitter_affine_rrc_mixup_only_ls0.05_cosine_f1_1.0000_result(0.0000)_effb7_528_tta_no_denoise.csv
Traceback (most recent call last):
  File "/root/Computer_Vision_Contest-Private-/scripts/auto_tta_submit.py", line 233, in <module>
    main()
  File "/root/Computer_Vision_Contest-Private-/scripts/auto_tta_submit.py", line 210, in main
    latest = max(subs_dir.glob(f"{run_dir.name}_*.csv"), key=lambda p: p.stat().st_mtime)
ValueError: max() arg is an empty sequence
Traceback (most recent call last):
  File "/root/Computer_Vision_Contest-Private-/scripts/posttrain_pipeline.py", line 210, in <module>
    main()
  File "/root/Computer_Vision_Contest-Private-/scripts/posttrain_pipeline.py", line 127, in main
    subprocess.run(cmd, check=True)
  File "/opt/conda/lib/python3.10/subprocess.py", line 526, in run
    raise CalledProcessError(retcode, process.args,
subprocess.CalledProcessError: Command '['python', '-u', '/root/Computer_Vision_Contest-Private-/scripts/auto_tta_submit.py', '--run-dir', '/root/Computer_Vision_Contest-Private-/outputs/runs/20251111-092056_tf_efficientnet_b7_ns_448px_rot90_jitter_affine_rrc_mixup_only_ls0.05_cosine', '--scale', '528', '--batch-size', '2', '--suffix', 'effb7_528_tta_no_denoise', '--apply-ts']' returned non-zero exit status 1.
