ID,target,source,profile
002f99746285dfdd.jpg,16,002f99746285dfdd.jpg,original
008ccd231e1fea5d.jpg,10,008ccd231e1fea5d.jpg,original
008f5911bfda7695.jpg,10,008f5911bfda7695.jpg,original
009235e4c9c07af5.jpg,4,009235e4c9c07af5.jpg,original
00b2f44967580c74.jpg,16,00b2f44967580c74.jpg,original
00cfa88ce8973dea.jpg,5,00cfa88ce8973dea.jpg,original
00ec594b7cc89183.jpg,15,00ec594b7cc89183.jpg,original
00f59b12e9e08f29.jpg,16,00f59b12e9e08f29.jpg,original
00fdc02d9b552fe8.jpg,15,00fdc02d9b552fe8.jpg,original
012913977fd1d980.jpg,14,012913977fd1d980.jpg,original
0134204c33c8d37c.jpg,5,0134204c33c8d37c.jpg,original
0143de5f1099427d.jpg,9,0143de5f1099427d.jpg,original
01af3d4c58c8530f.jpg,15,01af3d4c58c8530f.jpg,original
01c0b97e1492b220.jpg,15,01c0b97e1492b220.jpg,original
024fe478044874ab.jpg,13,024fe478044874ab.jpg,original
0250ee8107091ade.jpg,7,0250ee8107091ade.jpg,original
02533d35fe935981.jpg,11,02533d35fe935981.jpg,original
026817f3f9434f5b.jpg,10,026817f3f9434f5b.jpg,original
02ab86a5d5a979cc.jpg,11,02ab86a5d5a979cc.jpg,original
02d404271e4965fa.jpg,15,02d404271e4965fa.jpg,original
02dad82a9420ae86.jpg,7,02dad82a9420ae86.jpg,original
02e1538cef751c7d.jpg,10,02e1538cef751c7d.jpg,original
02ebb92c43006832.jpg,11,02ebb92c43006832.jpg,original
03075ea3046d4459.jpg,15,03075ea3046d4459.jpg,original
03084c1b03921a99.jpg,7,03084c1b03921a99.jpg,original
03636653282bb56c.jpg,5,03636653282bb56c.jpg,original
03648b6855b9f8c1.jpg,10,03648b6855b9f8c1.jpg,original
03ce6a0a86939c04.jpg,2,03ce6a0a86939c04.jpg,original
040073c7f5eba0f9.jpg,9,040073c7f5eba0f9.jpg,original
04320d1d34f005ca.jpg,14,04320d1d34f005ca.jpg,original
045ddbf696513987.jpg,15,045ddbf696513987.jpg,original
0477c74e908ce463.jpg,5,0477c74e908ce463.jpg,original
0482c84f6e50fc44.jpg,5,0482c84f6e50fc44.jpg,original
04d106668176a2e6.jpg,16,04d106668176a2e6.jpg,original
055271bc977c47c7.jpg,8,055271bc977c47c7.jpg,original
055b74c6c5f5d86b.jpg,14,055b74c6c5f5d86b.jpg,original
055cab3d62cdedbe.jpg,10,055cab3d62cdedbe.jpg,original
05806b384996854a.jpg,12,05806b384996854a.jpg,original
0583254a73b48ece.jpg,10,0583254a73b48ece.jpg,original
05c30f3c5be4bdcb.jpg,3,05c30f3c5be4bdcb.jpg,original
05c521f2659c0711.jpg,16,05c521f2659c0711.jpg,original
0604225f0353cb7c.jpg,16,0604225f0353cb7c.jpg,original
0636f0cd41b60ffe.jpg,2,0636f0cd41b60ffe.jpg,original
0664699c12c8162c.jpg,11,0664699c12c8162c.jpg,original
067f25e0435ab78b.jpg,7,067f25e0435ab78b.jpg,original
0690bdea6146b3ab.jpg,16,0690bdea6146b3ab.jpg,original
06c04208033a0ebf.jpg,0,06c04208033a0ebf.jpg,original
06c8db1a419a2a52.jpg,3,06c8db1a419a2a52.jpg,original
06e3ae9dce375043.jpg,7,06e3ae9dce375043.jpg,original
06e51d188361295c.jpg,12,06e51d188361295c.jpg,original
06f87aac754f870b.jpg,15,06f87aac754f870b.jpg,original
0702d1b6007837c7.jpg,12,0702d1b6007837c7.jpg,original
0705443203af2672.jpg,16,0705443203af2672.jpg,original
070ac425616e7d20.jpg,10,070ac425616e7d20.jpg,original
0716742e75cfcbbf.jpg,15,0716742e75cfcbbf.jpg,original
0764b11d22a5bf2b.jpg,13,0764b11d22a5bf2b.jpg,original
0787007d9064369b.jpg,13,0787007d9064369b.jpg,original
07a0a849cab135e0.jpg,0,07a0a849cab135e0.jpg,original
07ed72c124333c68.jpg,16,07ed72c124333c68.jpg,original
0808c7453316041c.jpg,3,0808c7453316041c.jpg,original
08418d7a49cafbb5.jpg,8,08418d7a49cafbb5.jpg,original
08511642b48c0fad.jpg,1,08511642b48c0fad.jpg,original
08c000f407a21432.jpg,5,08c000f407a21432.jpg,original
08e735737fcb818d.jpg,7,08e735737fcb818d.jpg,original
08ef6f5c37cef1bb.jpg,9,08ef6f5c37cef1bb.jpg,original
09213af8d64b7e04.jpg,10,09213af8d64b7e04.jpg,original
0925f9ef30720e52.jpg,1,0925f9ef30720e52.jpg,original
092b33532a2d23c2.jpg,11,092b33532a2d23c2.jpg,original
096c4b74a832db46.jpg,0,096c4b74a832db46.jpg,original
097bf6816bf11df3.jpg,0,097bf6816bf11df3.jpg,original
097c776cb2854f99.jpg,15,097c776cb2854f99.jpg,original
09a930520afa0ab9.jpg,3,09a930520afa0ab9.jpg,original
0a1b8d3c52d64052.jpg,8,0a1b8d3c52d64052.jpg,original
0a26fc63987e05eb.jpg,10,0a26fc63987e05eb.jpg,original
0a4adccbb7fe73e0.jpg,1,0a4adccbb7fe73e0.jpg,original
0a9843bf4ec022f3.jpg,3,0a9843bf4ec022f3.jpg,original
0ac9d741be9c6757.jpg,9,0ac9d741be9c6757.jpg,original
0ad5ad8a888027e0.jpg,10,0ad5ad8a888027e0.jpg,original
0b305f87af38aeed.jpg,10,0b305f87af38aeed.jpg,original
0b574be91178eb35.jpg,9,0b574be91178eb35.jpg,original
0b9e81eacf022a95.jpg,9,0b9e81eacf022a95.jpg,original
0bb6c060183cddb9.jpg,5,0bb6c060183cddb9.jpg,original
0c62a4a572d6abef.jpg,6,0c62a4a572d6abef.jpg,original
0cd0ed110baca594.jpg,15,0cd0ed110baca594.jpg,original
0cdf7f30dbeacb1c.jpg,0,0cdf7f30dbeacb1c.jpg,original
0d6a14437ad1a20e.jpg,7,0d6a14437ad1a20e.jpg,original
0d7f2ffc25536b56.jpg,16,0d7f2ffc25536b56.jpg,original
0d980f149d750aa8.jpg,15,0d980f149d750aa8.jpg,original
0db0f87709c7c403.jpg,6,0db0f87709c7c403.jpg,original
0e15e264405bd12a.jpg,3,0e15e264405bd12a.jpg,original
0e1eb96c88179e6e.jpg,11,0e1eb96c88179e6e.jpg,original
0e2d9d02d62c0949.jpg,15,0e2d9d02d62c0949.jpg,original
0e73f69b538fb276.jpg,13,0e73f69b538fb276.jpg,original
0e876bb595b57f7f.jpg,15,0e876bb595b57f7f.jpg,original
0ebdd3bf7dbe63dc.jpg,9,0ebdd3bf7dbe63dc.jpg,original
0ed0af9895d19304.jpg,5,0ed0af9895d19304.jpg,original
0eff005acf5ce9c6.jpg,6,0eff005acf5ce9c6.jpg,original
0f1936616378ab3a.jpg,13,0f1936616378ab3a.jpg,original
0f3ac436363ae727.jpg,14,0f3ac436363ae727.jpg,original
0f4c2be43bbbf0a6.jpg,10,0f4c2be43bbbf0a6.jpg,original
0fa6bb7b61883601.jpg,0,0fa6bb7b61883601.jpg,original
0fe5dca9a9183702.jpg,8,0fe5dca9a9183702.jpg,original
1003aefb72113a16.jpg,15,1003aefb72113a16.jpg,original
100c0ec39409480d.jpg,15,100c0ec39409480d.jpg,original
10234347b425ff7e.jpg,12,10234347b425ff7e.jpg,original
1043b7e8f825705f.jpg,11,1043b7e8f825705f.jpg,original
1070b99464cb9755.jpg,12,1070b99464cb9755.jpg,original
108c622ecd7a9ea0.jpg,0,108c622ecd7a9ea0.jpg,original
1103b95d240a31bd.jpg,2,1103b95d240a31bd.jpg,original
1107103b712796a3.jpg,16,1107103b712796a3.jpg,original
11d2eeafa3170c62.jpg,13,11d2eeafa3170c62.jpg,original
11d78da553cb1577.jpg,10,11d78da553cb1577.jpg,original
11f522c4a00d4c8c.jpg,0,11f522c4a00d4c8c.jpg,original
1202c24bea56d1dc.jpg,5,1202c24bea56d1dc.jpg,original
1234dfd5a83372aa.jpg,5,1234dfd5a83372aa.jpg,original
1247240e60498c2f.jpg,8,1247240e60498c2f.jpg,original
1258871e4d7347be.jpg,4,1258871e4d7347be.jpg,original
12d1d9aa0ea45807.jpg,1,12d1d9aa0ea45807.jpg,original
12e8c26f252aa8df.jpg,1,12e8c26f252aa8df.jpg,original
12f0216cfc02be14.jpg,13,12f0216cfc02be14.jpg,original
133b0b66418f5992.jpg,8,133b0b66418f5992.jpg,original
134a6165b1e7198b.jpg,4,134a6165b1e7198b.jpg,original
135c81e626dbfde1.jpg,0,135c81e626dbfde1.jpg,original
1370c2d3fc1dbaa6.jpg,16,1370c2d3fc1dbaa6.jpg,original
138d2612e021b11a.jpg,11,138d2612e021b11a.jpg,original
139fec9a67910e28.jpg,13,139fec9a67910e28.jpg,original
13c183761855c4e6.jpg,2,13c183761855c4e6.jpg,original
13ff4fb604003772.jpg,10,13ff4fb604003772.jpg,original
14073265c0fc4232.jpg,9,14073265c0fc4232.jpg,original
1429280c33f2a820.jpg,8,1429280c33f2a820.jpg,original
14415a54a4805c75.jpg,16,14415a54a4805c75.jpg,original
14555a04140dc3b4.jpg,5,14555a04140dc3b4.jpg,original
1495a1e3d1599fe1.jpg,7,1495a1e3d1599fe1.jpg,original
149c501f1b14311c.jpg,13,149c501f1b14311c.jpg,original
149c8444ae80d630.jpg,13,149c8444ae80d630.jpg,original
14e71e8bec67f1a3.jpg,8,14e71e8bec67f1a3.jpg,original
15738105f616bea2.jpg,4,15738105f616bea2.jpg,original
159f76320c144a6a.jpg,7,159f76320c144a6a.jpg,original
15ab846de6b9bbf6.jpg,12,15ab846de6b9bbf6.jpg,original
15b7c95b4bffa703.jpg,16,15b7c95b4bffa703.jpg,original
15f0ed8589380d8f.jpg,3,15f0ed8589380d8f.jpg,original
16176cca20eed3c8.jpg,4,16176cca20eed3c8.jpg,original
162759419a76edff.jpg,15,162759419a76edff.jpg,original
16491db231b8d957.jpg,6,16491db231b8d957.jpg,original
1674ad0591a3014a.jpg,3,1674ad0591a3014a.jpg,original
16f1e14f778ce315.jpg,16,16f1e14f778ce315.jpg,original
181e78045b123ee2.jpg,5,181e78045b123ee2.jpg,original
184c5b6c3f4f5acd.jpg,8,184c5b6c3f4f5acd.jpg,original
1857d71e467f27a2.jpg,1,1857d71e467f27a2.jpg,original
186099f62d5cb389.jpg,10,186099f62d5cb389.jpg,original
18964b9de31b1356.jpg,2,18964b9de31b1356.jpg,original
18a13df74db514bf.jpg,4,18a13df74db514bf.jpg,original
18c3fd66188127c9.jpg,2,18c3fd66188127c9.jpg,original
18cbf4a6f3f18730.jpg,11,18cbf4a6f3f18730.jpg,original
18d6eabbd7a90bc8.jpg,9,18d6eabbd7a90bc8.jpg,original
18dc0fddebcbb811.jpg,13,18dc0fddebcbb811.jpg,original
18f1cb6c0fa49c3f.jpg,6,18f1cb6c0fa49c3f.jpg,original
1923d2f3faa9a0b7.jpg,5,1923d2f3faa9a0b7.jpg,original
19a514ee76e9529a.jpg,13,19a514ee76e9529a.jpg,original
1a230ae459855d4b.jpg,9,1a230ae459855d4b.jpg,original
1a4d78981f730db6.jpg,8,1a4d78981f730db6.jpg,original
1a5b5d5ceed7b946.jpg,14,1a5b5d5ceed7b946.jpg,original
1a7b8a8cfc41b2b2.jpg,10,1a7b8a8cfc41b2b2.jpg,original
1a91d8e63a70efea.jpg,15,1a91d8e63a70efea.jpg,original
1aa909832b5c4542.jpg,4,1aa909832b5c4542.jpg,original
1ab6b4d6b1ebe5dd.jpg,7,1ab6b4d6b1ebe5dd.jpg,original
1ae1f676bdb59f13.jpg,8,1ae1f676bdb59f13.jpg,original
1aeb7ac256febd27.jpg,16,1aeb7ac256febd27.jpg,original
1af85d095317707e.jpg,7,1af85d095317707e.jpg,original
1b60fba7141b8b33.jpg,11,1b60fba7141b8b33.jpg,original
1ba8ba8d582eb19f.jpg,12,1ba8ba8d582eb19f.jpg,original
1bb0c218c35112e9.jpg,3,1bb0c218c35112e9.jpg,original
1bc94a114eba1a7b.jpg,11,1bc94a114eba1a7b.jpg,original
1be2e37e46da7808.jpg,8,1be2e37e46da7808.jpg,original
1c3dc2ba8aea2b10.jpg,5,1c3dc2ba8aea2b10.jpg,original
1c4f24cbd0c3b67f.jpg,5,1c4f24cbd0c3b67f.jpg,original
1c893f02de43b62a.jpg,3,1c893f02de43b62a.jpg,original
1cbb286b54a7de7a.jpg,12,1cbb286b54a7de7a.jpg,original
1cc56bce8c1d4a39.jpg,3,1cc56bce8c1d4a39.jpg,original
1cc6427133ca0bc8.jpg,0,1cc6427133ca0bc8.jpg,original
1cdeefc0cbab4c31.jpg,9,1cdeefc0cbab4c31.jpg,original
1d381bdebf05dcd1.jpg,6,1d381bdebf05dcd1.jpg,original
1d5ba2a00f0b1337.jpg,5,1d5ba2a00f0b1337.jpg,original
1d78411ce7e87b5a.jpg,16,1d78411ce7e87b5a.jpg,original
1dbf43241f30a8a4.jpg,9,1dbf43241f30a8a4.jpg,original
1dc625f3328476d7.jpg,16,1dc625f3328476d7.jpg,original
1de204716ce483ca.jpg,4,1de204716ce483ca.jpg,original
1df37977197865cb.jpg,7,1df37977197865cb.jpg,original
1e49a906f3c2e521.jpg,15,1e49a906f3c2e521.jpg,original
1e5bf6fe5e8686d6.jpg,7,1e5bf6fe5e8686d6.jpg,original
1e6963c0f450dce5.jpg,11,1e6963c0f450dce5.jpg,original
1eb0b4140776ba76.jpg,11,1eb0b4140776ba76.jpg,original
1ec14a14bbe633db.jpg,7,1ec14a14bbe633db.jpg,original
1efe346107bb463a.jpg,2,1efe346107bb463a.jpg,original
1f5b35d7e43136cf.jpg,6,1f5b35d7e43136cf.jpg,original
1fa7fa1cd2ab2047.jpg,5,1fa7fa1cd2ab2047.jpg,original
1fbda5ffdc6abf49.jpg,4,1fbda5ffdc6abf49.jpg,original
1fc4f6a592ace1da.jpg,2,1fc4f6a592ace1da.jpg,original
1fca58126b4d1128.jpg,14,1fca58126b4d1128.jpg,original
1ff90f5c563641b6.jpg,10,1ff90f5c563641b6.jpg,original
2011ad31ee2deebf.jpg,5,2011ad31ee2deebf.jpg,original
201b665c0a513d19.jpg,8,201b665c0a513d19.jpg,original
2081d0e29accb9b2.jpg,2,2081d0e29accb9b2.jpg,original
20cdc47ce476427a.jpg,12,20cdc47ce476427a.jpg,original
20eb9af9eded1aea.jpg,12,20eb9af9eded1aea.jpg,original
210e5e6b28b73a4b.jpg,7,210e5e6b28b73a4b.jpg,original
21aa0f921c2e123c.jpg,5,21aa0f921c2e123c.jpg,original
21b62e20ee3bdea6.jpg,9,21b62e20ee3bdea6.jpg,original
22819e513decca0f.jpg,14,22819e513decca0f.jpg,original
228baafd60ceaae0.jpg,15,228baafd60ceaae0.jpg,original
22cdc44d695f2c1f.jpg,7,22cdc44d695f2c1f.jpg,original
23176b708b5111a4.jpg,9,23176b708b5111a4.jpg,original
233685659ef1ed84.jpg,13,233685659ef1ed84.jpg,original
2344b9ce3755221e.jpg,8,2344b9ce3755221e.jpg,original
23776fee6a6a5aa5.jpg,15,23776fee6a6a5aa5.jpg,original
23f48245fd39a90c.jpg,2,23f48245fd39a90c.jpg,original
241cfb4ccd3666f0.jpg,7,241cfb4ccd3666f0.jpg,original
24204bdb434192db.jpg,3,24204bdb434192db.jpg,original
24849ed38a58e37d.jpg,4,24849ed38a58e37d.jpg,original
2491313fc531e53c.jpg,12,2491313fc531e53c.jpg,original
24ccb7ee55e01794.jpg,10,24ccb7ee55e01794.jpg,original
24d674a8083314a7.jpg,8,24d674a8083314a7.jpg,original
251aae77e760ca8a.jpg,0,251aae77e760ca8a.jpg,original
2552a6625015ace2.jpg,8,2552a6625015ace2.jpg,original
257781a5474229b2.jpg,5,257781a5474229b2.jpg,original
258ffcf2fbc07d2c.jpg,3,258ffcf2fbc07d2c.jpg,original
25cb3d4a2e9d24e2.jpg,3,25cb3d4a2e9d24e2.jpg,original
2609d9a25bd136ee.jpg,6,2609d9a25bd136ee.jpg,original
267e7c60307fbc40.jpg,12,267e7c60307fbc40.jpg,original
26b5a257eea69adb.jpg,5,26b5a257eea69adb.jpg,original
26c2ffab3948e196.jpg,10,26c2ffab3948e196.jpg,original
270755a6d4055845.jpg,2,270755a6d4055845.jpg,original
271322cae921fac6.jpg,11,271322cae921fac6.jpg,original
276944ce58a620d4.jpg,6,276944ce58a620d4.jpg,original
278277805e83e8b2.jpg,6,278277805e83e8b2.jpg,original
27e97a7637f1f1c4.jpg,16,27e97a7637f1f1c4.jpg,original
2887fd8fd6320039.jpg,1,2887fd8fd6320039.jpg,original
28beca469e8966b7.jpg,12,28beca469e8966b7.jpg,original
28f6c16c4fb6bf83.jpg,5,28f6c16c4fb6bf83.jpg,original
2916e5db8a60d01a.jpg,0,2916e5db8a60d01a.jpg,original
293316f2c9939133.jpg,0,293316f2c9939133.jpg,original
297bbf30d4be0d50.jpg,3,297bbf30d4be0d50.jpg,original
298df9959cc9995c.jpg,2,298df9959cc9995c.jpg,original
299a9d5cd6894ad7.jpg,4,299a9d5cd6894ad7.jpg,original
2a0ab3ef1ad4f910.jpg,10,2a0ab3ef1ad4f910.jpg,original
2a1e96189e54e1e9.jpg,2,2a1e96189e54e1e9.jpg,original
2a3790ab1adfe1f4.jpg,3,2a3790ab1adfe1f4.jpg,original
2a69eaae1b584459.jpg,2,2a69eaae1b584459.jpg,original
2a6a04ac881579f4.jpg,13,2a6a04ac881579f4.jpg,original
2a75938541d36c4a.jpg,14,2a75938541d36c4a.jpg,original
2a782453c0dc8083.jpg,12,2a782453c0dc8083.jpg,original
2af50704a985252c.jpg,16,2af50704a985252c.jpg,original
2b04e4a315457bc0.jpg,7,2b04e4a315457bc0.jpg,original
2b2c5155a5c90fed.jpg,2,2b2c5155a5c90fed.jpg,original
2b35ea4896a3cb57.jpg,12,2b35ea4896a3cb57.jpg,original
2b48c5df850c656b.jpg,12,2b48c5df850c656b.jpg,original
2b79f6f8cce0368c.jpg,0,2b79f6f8cce0368c.jpg,original
2bbdb0a519013af2.jpg,14,2bbdb0a519013af2.jpg,original
2bd137d9e8c2a8d9.jpg,12,2bd137d9e8c2a8d9.jpg,original
2bd9681497e2eb3a.jpg,13,2bd9681497e2eb3a.jpg,original
2c4aef59eb3e8f84.jpg,9,2c4aef59eb3e8f84.jpg,original
2c5a2a5f066b1c82.jpg,3,2c5a2a5f066b1c82.jpg,original
2c7de2c90fe6388f.jpg,12,2c7de2c90fe6388f.jpg,original
2c83cba92c88468c.jpg,9,2c83cba92c88468c.jpg,original
2ca6dd9543332aea.jpg,1,2ca6dd9543332aea.jpg,original
2d1381ebe8a01fa2.jpg,0,2d1381ebe8a01fa2.jpg,original
2d2269b6c266dff0.jpg,4,2d2269b6c266dff0.jpg,original
2d53b7c7b8cd47ac.jpg,6,2d53b7c7b8cd47ac.jpg,original
2db10d90789ed7e6.jpg,4,2db10d90789ed7e6.jpg,original
2db21acd1d1402a7.jpg,10,2db21acd1d1402a7.jpg,original
2dec15a45154959e.jpg,8,2dec15a45154959e.jpg,original
2e2d105c5a7df767.jpg,4,2e2d105c5a7df767.jpg,original
2e340057f941be08.jpg,5,2e340057f941be08.jpg,original
2e3550bead1a72cb.jpg,14,2e3550bead1a72cb.jpg,original
2e5acd2c86fc6ad3.jpg,3,2e5acd2c86fc6ad3.jpg,original
2e939381a84d19cf.jpg,7,2e939381a84d19cf.jpg,original
2e9848b9a0ccbf72.jpg,13,2e9848b9a0ccbf72.jpg,original
2ece6d9427f8602b.jpg,1,2ece6d9427f8602b.jpg,original
2edee3a4605a6992.jpg,14,2edee3a4605a6992.jpg,original
2f10436b17d47159.jpg,9,2f10436b17d47159.jpg,original
2f3571beb1cdbc2a.jpg,5,2f3571beb1cdbc2a.jpg,original
2f54a350152fc848.jpg,10,2f54a350152fc848.jpg,original
2f9e59fc591b0b0e.jpg,5,2f9e59fc591b0b0e.jpg,original
2fa2273e868d224e.jpg,10,2fa2273e868d224e.jpg,original
2fef62c132543794.jpg,6,2fef62c132543794.jpg,original
300c5be1070fd0ca.jpg,0,300c5be1070fd0ca.jpg,original
3010c2ef019abeeb.jpg,15,3010c2ef019abeeb.jpg,original
30363ae8afb9f685.jpg,8,30363ae8afb9f685.jpg,original
304fd1de239ea7c6.jpg,15,304fd1de239ea7c6.jpg,original
3058a1d26cf2d4cc.jpg,16,3058a1d26cf2d4cc.jpg,original
308ffb1480b710bb.jpg,3,308ffb1480b710bb.jpg,original
309ce6a6e13f0177.jpg,1,309ce6a6e13f0177.jpg,original
30b2df34210bef90.jpg,0,30b2df34210bef90.jpg,original
31403802398458b2.jpg,5,31403802398458b2.jpg,original
317d0100d8d875cd.jpg,10,317d0100d8d875cd.jpg,original
31b8db5e4a6c36a0.jpg,1,31b8db5e4a6c36a0.jpg,original
321cc4226ad59da1.jpg,9,321cc4226ad59da1.jpg,original
32cd3c80f5ceca3e.jpg,1,32cd3c80f5ceca3e.jpg,original
32dc0bbace373001.jpg,6,32dc0bbace373001.jpg,original
32f16dc5a731b111.jpg,9,32f16dc5a731b111.jpg,original
32f175a825abf9e8.jpg,9,32f175a825abf9e8.jpg,original
3311d1b3fbfd27cb.jpg,10,3311d1b3fbfd27cb.jpg,original
3328bcc59f70eba9.jpg,2,3328bcc59f70eba9.jpg,original
337eb06c7c2d709d.jpg,3,337eb06c7c2d709d.jpg,original
3393b9f804bff29f.jpg,7,3393b9f804bff29f.jpg,original
33dd3c24c72a1879.jpg,15,33dd3c24c72a1879.jpg,original
33eb258301be774c.jpg,8,33eb258301be774c.jpg,original
3400e4d2f3772cdd.jpg,6,3400e4d2f3772cdd.jpg,original
340339bffa631da0.jpg,3,340339bffa631da0.jpg,original
343fcb668bb39d6f.jpg,16,343fcb668bb39d6f.jpg,original
345e99c3012ad832.jpg,12,345e99c3012ad832.jpg,original
34c5189a68346df2.jpg,13,34c5189a68346df2.jpg,original
3555c7c9d966077e.jpg,11,3555c7c9d966077e.jpg,original
356ae63d8d2c9a4b.jpg,16,356ae63d8d2c9a4b.jpg,original
356d8b33c4a3881c.jpg,8,356d8b33c4a3881c.jpg,original
356d928ddcc18c2c.jpg,16,356d928ddcc18c2c.jpg,original
36337da177221f75.jpg,15,36337da177221f75.jpg,original
363edeab084e0800.jpg,13,363edeab084e0800.jpg,original
365f9dd663ce66ec.jpg,5,365f9dd663ce66ec.jpg,original
3662df95535e82f1.jpg,6,3662df95535e82f1.jpg,original
3692370e53cb2b40.jpg,8,3692370e53cb2b40.jpg,original
3696b2ffaa6147e6.jpg,14,3696b2ffaa6147e6.jpg,original
3697795011b535c6.jpg,2,3697795011b535c6.jpg,original
36c7cfcc9e17a134.jpg,0,36c7cfcc9e17a134.jpg,original
36e1647d484b88b7.jpg,7,36e1647d484b88b7.jpg,original
36e8941ee6688769.jpg,8,36e8941ee6688769.jpg,original
3729eca1540fe908.jpg,8,3729eca1540fe908.jpg,original
373e02b8c92800b3.jpg,8,373e02b8c92800b3.jpg,original
37492d1e2cd93ccb.jpg,10,37492d1e2cd93ccb.jpg,original
3749f61bc7fe4c1a.jpg,5,3749f61bc7fe4c1a.jpg,original
37677496d1cb705a.jpg,6,37677496d1cb705a.jpg,original
37a581964c5dd537.jpg,9,37a581964c5dd537.jpg,original
37a79e77c1c3ed6d.jpg,11,37a79e77c1c3ed6d.jpg,original
37f9414beea68229.jpg,14,37f9414beea68229.jpg,original
382426073dbdd709.jpg,10,382426073dbdd709.jpg,original
382d0975f15bcf4b.jpg,10,382d0975f15bcf4b.jpg,original
3894573a98e02cc8.jpg,0,3894573a98e02cc8.jpg,original
38c4469181001a62.jpg,16,38c4469181001a62.jpg,original
38ca25fc6cea6554.jpg,11,38ca25fc6cea6554.jpg,original
38d1796b6ad99ddd.jpg,10,38d1796b6ad99ddd.jpg,original
39132ee7af16925f.jpg,0,39132ee7af16925f.jpg,original
392a24cddc8df59f.jpg,16,392a24cddc8df59f.jpg,original
393395fdaeaafde3.jpg,0,393395fdaeaafde3.jpg,original
3958ff328e348138.jpg,12,3958ff328e348138.jpg,original
3961bbc5ad66a757.jpg,16,3961bbc5ad66a757.jpg,original
3963920965897f10.jpg,3,3963920965897f10.jpg,original
39a4f1b94db5e879.jpg,4,39a4f1b94db5e879.jpg,original
39aac55dba3a8184.jpg,12,39aac55dba3a8184.jpg,original
39c151defee976da.jpg,6,39c151defee976da.jpg,original
39e47698e2ffe3d6.jpg,0,39e47698e2ffe3d6.jpg,original
39f3daa7b06e4a99.jpg,12,39f3daa7b06e4a99.jpg,original
3a4d4dfe70377fd1.jpg,5,3a4d4dfe70377fd1.jpg,original
3a698c6a1d3a12ba.jpg,11,3a698c6a1d3a12ba.jpg,original
3a9874f83dd1374a.jpg,13,3a9874f83dd1374a.jpg,original
3aa71b5ec5630ae9.jpg,9,3aa71b5ec5630ae9.jpg,original
3ae93b2b566b6701.jpg,8,3ae93b2b566b6701.jpg,original
3af0108e01850ce2.jpg,2,3af0108e01850ce2.jpg,original
3b013762fcc19049.jpg,7,3b013762fcc19049.jpg,original
3b2ddc667cea0d48.jpg,7,3b2ddc667cea0d48.jpg,original
3b75b362c09c5211.jpg,10,3b75b362c09c5211.jpg,original
3b91709613216b2e.jpg,15,3b91709613216b2e.jpg,original
3ba57a9809fd5d85.jpg,2,3ba57a9809fd5d85.jpg,original
3bb223f51066e2ab.jpg,5,3bb223f51066e2ab.jpg,original
3be7f7e9328c9df0.jpg,6,3be7f7e9328c9df0.jpg,original
3bfe7ede8461906b.jpg,0,3bfe7ede8461906b.jpg,original
3c5e27755a69ce2c.jpg,7,3c5e27755a69ce2c.jpg,original
3c70af0a1f13fcae.jpg,3,3c70af0a1f13fcae.jpg,original
3c7bb9efbafb0d4f.jpg,11,3c7bb9efbafb0d4f.jpg,original
3c99358b35b7e8fa.jpg,13,3c99358b35b7e8fa.jpg,original
3cb6afbeaffba974.jpg,2,3cb6afbeaffba974.jpg,original
3ce11e38e41063e0.jpg,10,3ce11e38e41063e0.jpg,original
3cebf64f33f2f68a.jpg,5,3cebf64f33f2f68a.jpg,original
3d2652bc161341c1.jpg,16,3d2652bc161341c1.jpg,original
3d298ee084f43b5e.jpg,7,3d298ee084f43b5e.jpg,original
3d37e6b01e0cde9d.jpg,1,3d37e6b01e0cde9d.jpg,original
3d6e3e961e5c394d.jpg,4,3d6e3e961e5c394d.jpg,original
3d81b423a1d5c984.jpg,0,3d81b423a1d5c984.jpg,original
3dc5a8b739699f93.jpg,11,3dc5a8b739699f93.jpg,original
3deed21958961f2a.jpg,10,3deed21958961f2a.jpg,original
3e51ededb8c6e939.jpg,0,3e51ededb8c6e939.jpg,original
3e74aa6ae952d1a3.jpg,2,3e74aa6ae952d1a3.jpg,original
3e75ed82d7e027a2.jpg,13,3e75ed82d7e027a2.jpg,original
3e7fdfd21ce2dd75.jpg,0,3e7fdfd21ce2dd75.jpg,original
3e843ce4375db852.jpg,9,3e843ce4375db852.jpg,original
3e9932b25b0373a2.jpg,2,3e9932b25b0373a2.jpg,original
3ebfa49cd84331d7.jpg,9,3ebfa49cd84331d7.jpg,original
3ed8af50dbed1d8a.jpg,12,3ed8af50dbed1d8a.jpg,original
3eec1d86cb3c9eb9.jpg,2,3eec1d86cb3c9eb9.jpg,original
3f0cca298c59752d.jpg,3,3f0cca298c59752d.jpg,original
3f3667f946bde615.jpg,13,3f3667f946bde615.jpg,original
3f429bb3635c49cd.jpg,12,3f429bb3635c49cd.jpg,original
3f5aad5a1cc1a7d6.jpg,14,3f5aad5a1cc1a7d6.jpg,original
3f661802e1c3f4ad.jpg,9,3f661802e1c3f4ad.jpg,original
3ffe6ae0f539496d.jpg,0,3ffe6ae0f539496d.jpg,original
4035044548fcc3a8.jpg,6,4035044548fcc3a8.jpg,original
408855f38976f8cc.jpg,10,408855f38976f8cc.jpg,original
409367f5f5b7de98.jpg,12,409367f5f5b7de98.jpg,original
410664d321327e7f.jpg,15,410664d321327e7f.jpg,original
4146570192e08710.jpg,6,4146570192e08710.jpg,original
417c039e080304c5.jpg,11,417c039e080304c5.jpg,original
418bf4c97eddc30a.jpg,4,418bf4c97eddc30a.jpg,original
41a73bccafe280d2.jpg,7,41a73bccafe280d2.jpg,original
41d3b2a40ed4a4b4.jpg,15,41d3b2a40ed4a4b4.jpg,original
42768ff4b8ca25a1.jpg,5,42768ff4b8ca25a1.jpg,original
428cdf5fc363b86e.jpg,11,428cdf5fc363b86e.jpg,original
431381d79be5b521.jpg,9,431381d79be5b521.jpg,original
4334b08d1c84cd7d.jpg,15,4334b08d1c84cd7d.jpg,original
4336cf4db2837f66.jpg,5,4336cf4db2837f66.jpg,original
436d42275d092b3a.jpg,5,436d42275d092b3a.jpg,original
4389d237184fcb1e.jpg,4,4389d237184fcb1e.jpg,original
43965cc70d7d14e0.jpg,12,43965cc70d7d14e0.jpg,original
43ac24060d10b7e5.jpg,16,43ac24060d10b7e5.jpg,original
43c1da91f513c337.jpg,16,43c1da91f513c337.jpg,original
43c927101a14247f.jpg,3,43c927101a14247f.jpg,original
440c82c4d1c581c6.jpg,15,440c82c4d1c581c6.jpg,original
441954c6ebbf9ca8.jpg,5,441954c6ebbf9ca8.jpg,original
442106839e07ff35.jpg,12,442106839e07ff35.jpg,original
443934f1e8cda268.jpg,8,443934f1e8cda268.jpg,original
4448a078afa88f51.jpg,7,4448a078afa88f51.jpg,original
4474bbcb08153190.jpg,12,4474bbcb08153190.jpg,original
44a6366325306cc6.jpg,13,44a6366325306cc6.jpg,original
4538698894b1f859.jpg,12,4538698894b1f859.jpg,original
45413d5c253ff6a8.jpg,15,45413d5c253ff6a8.jpg,original
454efe7054209eac.jpg,6,454efe7054209eac.jpg,original
457cd32cb351d570.jpg,12,457cd32cb351d570.jpg,original
45de554390b44351.jpg,3,45de554390b44351.jpg,original
45ec22e6b1b60734.jpg,14,45ec22e6b1b60734.jpg,original
45f0d2dfc7e47c03.jpg,7,45f0d2dfc7e47c03.jpg,original
45fb50995dea6740.jpg,10,45fb50995dea6740.jpg,original
4606a9ccbc65f3e5.jpg,10,4606a9ccbc65f3e5.jpg,original
461eea7d62965d0e.jpg,16,461eea7d62965d0e.jpg,original
4620f6e53442f3b6.jpg,3,4620f6e53442f3b6.jpg,original
467d6c568a375294.jpg,9,467d6c568a375294.jpg,original
46972b92fe19871e.jpg,2,46972b92fe19871e.jpg,original
46f1b9d6cb5864f5.jpg,13,46f1b9d6cb5864f5.jpg,original
474112e5fe5a9458.jpg,15,474112e5fe5a9458.jpg,original
47a5d51294b4289a.jpg,9,47a5d51294b4289a.jpg,original
47b26be990f7065a.jpg,11,47b26be990f7065a.jpg,original
47bfeda81405c1dd.jpg,11,47bfeda81405c1dd.jpg,original
4802719556a4017a.jpg,9,4802719556a4017a.jpg,original
4826a34b61ae4e98.jpg,13,4826a34b61ae4e98.jpg,original
485508cdbc358c78.jpg,1,485508cdbc358c78.jpg,original
485c7b00ac003324.jpg,5,485c7b00ac003324.jpg,original
48675735fa816fb9.jpg,6,48675735fa816fb9.jpg,original
486e83775bea4497.jpg,4,486e83775bea4497.jpg,original
487d701188730123.jpg,13,487d701188730123.jpg,original
48fbed133d9f11b1.jpg,8,48fbed133d9f11b1.jpg,original
493382458cfa36b8.jpg,13,493382458cfa36b8.jpg,original
4960dbb824121260.jpg,2,4960dbb824121260.jpg,original
49a27cda7297e82d.jpg,8,49a27cda7297e82d.jpg,original
49a364afd40c6c73.jpg,8,49a364afd40c6c73.jpg,original
49a92ee5ba8d656f.jpg,9,49a92ee5ba8d656f.jpg,original
4a35e18aa81f156d.jpg,11,4a35e18aa81f156d.jpg,original
4a38e395726fbc06.jpg,7,4a38e395726fbc06.jpg,original
4a48e1d9202ed3e1.jpg,15,4a48e1d9202ed3e1.jpg,original
4a5dfe6fe1ba552b.jpg,15,4a5dfe6fe1ba552b.jpg,original
4a7c4627a519f7b6.jpg,16,4a7c4627a519f7b6.jpg,original
4af07f795888470b.jpg,9,4af07f795888470b.jpg,original
4b8656989ea5a560.jpg,11,4b8656989ea5a560.jpg,original
4b8a4d471e1126b9.jpg,16,4b8a4d471e1126b9.jpg,original
4b90856f199fba68.jpg,13,4b90856f199fba68.jpg,original
4b9e174a06499f99.jpg,8,4b9e174a06499f99.jpg,original
4bb7fd44ce85cd09.jpg,11,4bb7fd44ce85cd09.jpg,original
4bdec47234b71ffb.jpg,14,4bdec47234b71ffb.jpg,original
4bed64cb9977e032.jpg,10,4bed64cb9977e032.jpg,original
4bf67e4500df13ca.jpg,6,4bf67e4500df13ca.jpg,original
4c037c35216fdf7e.jpg,4,4c037c35216fdf7e.jpg,original
4c0afb59b757bf30.jpg,10,4c0afb59b757bf30.jpg,original
4c1ab7fcd0c7ee4a.jpg,11,4c1ab7fcd0c7ee4a.jpg,original
4c618df68895cc0d.jpg,11,4c618df68895cc0d.jpg,original
4c8277bb403a2559.jpg,7,4c8277bb403a2559.jpg,original
4c86ea36fb5eb458.jpg,10,4c86ea36fb5eb458.jpg,original
4c9d1b5a97095be3.jpg,3,4c9d1b5a97095be3.jpg,original
4ca2ec8f7f492b0d.jpg,7,4ca2ec8f7f492b0d.jpg,original
4caf430fb057bfa5.jpg,8,4caf430fb057bfa5.jpg,original
4cb40376288e0793.jpg,12,4cb40376288e0793.jpg,original
4cd3ef093b6ee9a2.jpg,9,4cd3ef093b6ee9a2.jpg,original
4cfebc3ddc055855.jpg,11,4cfebc3ddc055855.jpg,original
4db877f866eb21bb.jpg,12,4db877f866eb21bb.jpg,original
4ddc51bca63ac1ff.jpg,2,4ddc51bca63ac1ff.jpg,original
4df2ec93065a5c5b.jpg,5,4df2ec93065a5c5b.jpg,original
4e038b45aa1e5324.jpg,5,4e038b45aa1e5324.jpg,original
4e2a575b25836964.jpg,2,4e2a575b25836964.jpg,original
4e4154297f6a02c3.jpg,0,4e4154297f6a02c3.jpg,original
4e5848a4ad483009.jpg,7,4e5848a4ad483009.jpg,original
4e63bb0e147078b6.jpg,13,4e63bb0e147078b6.jpg,original
4e847b2d3775c715.jpg,16,4e847b2d3775c715.jpg,original
4eaac28ab81c0b83.jpg,6,4eaac28ab81c0b83.jpg,original
4ec0f8a4a5ac3b01.jpg,7,4ec0f8a4a5ac3b01.jpg,original
4ed2947145d6a6a5.jpg,1,4ed2947145d6a6a5.jpg,original
4efd4cc11e8c8d5e.jpg,10,4efd4cc11e8c8d5e.jpg,original
4f15438f43c3bd4b.jpg,2,4f15438f43c3bd4b.jpg,original
4f1a0debe89c7641.jpg,7,4f1a0debe89c7641.jpg,original
4f1a963ecae7b3ed.jpg,2,4f1a963ecae7b3ed.jpg,original
4f251e4f50e1b033.jpg,9,4f251e4f50e1b033.jpg,original
4f4100964a806572.jpg,8,4f4100964a806572.jpg,original
4f67b1e9ba0fe848.jpg,3,4f67b1e9ba0fe848.jpg,original
4f6c6ad8ec287c2d.jpg,7,4f6c6ad8ec287c2d.jpg,original
4fc43e7a1b6dd9f9.jpg,15,4fc43e7a1b6dd9f9.jpg,original
4fd4d1f693c164e6.jpg,16,4fd4d1f693c164e6.jpg,original
5074e85e2a75a1fe.jpg,14,5074e85e2a75a1fe.jpg,original
508391fc78dd9420.jpg,7,508391fc78dd9420.jpg,original
50857120c1df0665.jpg,12,50857120c1df0665.jpg,original
50bdc79a2007cdcf.jpg,7,50bdc79a2007cdcf.jpg,original
513a76b111c229cf.jpg,3,513a76b111c229cf.jpg,original
513df60c6920cc57.jpg,2,513df60c6920cc57.jpg,original
514d97736492f467.jpg,7,514d97736492f467.jpg,original
5156dbccfd284692.jpg,6,5156dbccfd284692.jpg,original
51807e423fc0a50b.jpg,15,51807e423fc0a50b.jpg,original
51b357c1f450069b.jpg,5,51b357c1f450069b.jpg,original
51c3d534d5b0eae6.jpg,5,51c3d534d5b0eae6.jpg,original
51c82bafa7f34b88.jpg,2,51c82bafa7f34b88.jpg,original
51d0c28834bff14f.jpg,8,51d0c28834bff14f.jpg,original
51ef555026d28c0d.jpg,12,51ef555026d28c0d.jpg,original
51fe52a95d431a86.jpg,3,51fe52a95d431a86.jpg,original
5212b568235a1698.jpg,2,5212b568235a1698.jpg,original
522fe6f8d1abb5ef.jpg,16,522fe6f8d1abb5ef.jpg,original
52455ce555f362c7.jpg,6,52455ce555f362c7.jpg,original
5249ba4981645813.jpg,7,5249ba4981645813.jpg,original
527bbc026f211d97.jpg,13,527bbc026f211d97.jpg,original
527fab11eda98ffa.jpg,16,527fab11eda98ffa.jpg,original
5290b99808648432.jpg,11,5290b99808648432.jpg,original
52b3406a5da092e7.jpg,11,52b3406a5da092e7.jpg,original
52f8ac5f5eea0900.jpg,10,52f8ac5f5eea0900.jpg,original
5321f2bca9dc723f.jpg,4,5321f2bca9dc723f.jpg,original
53937effdc1688e2.jpg,7,53937effdc1688e2.jpg,original
539e569fb0fc743c.jpg,16,539e569fb0fc743c.jpg,original
53a421b8e55160de.jpg,7,53a421b8e55160de.jpg,original
53c93275d2236e10.jpg,11,53c93275d2236e10.jpg,original
53e003ccf185b249.jpg,14,53e003ccf185b249.jpg,original
5403da8f45eaf06c.jpg,7,5403da8f45eaf06c.jpg,original
542b22f1afe45112.jpg,5,542b22f1afe45112.jpg,original
54a7b58c3f6d1210.jpg,3,54a7b58c3f6d1210.jpg,original
555398e0765220c1.jpg,16,555398e0765220c1.jpg,original
5560176771b2f4f2.jpg,1,5560176771b2f4f2.jpg,original
557f45c046376c71.jpg,12,557f45c046376c71.jpg,original
5580a49957352133.jpg,6,5580a49957352133.jpg,original
55add846d31a1ece.jpg,7,55add846d31a1ece.jpg,original
55e25985ad013d19.jpg,4,55e25985ad013d19.jpg,original
56015bf54949be11.jpg,5,56015bf54949be11.jpg,original
56110e2abf6c379c.jpg,5,56110e2abf6c379c.jpg,original
5624748fdfd395a8.jpg,10,5624748fdfd395a8.jpg,original
562e641f4791dd0e.jpg,9,562e641f4791dd0e.jpg,original
562f12548dbd4f46.jpg,0,562f12548dbd4f46.jpg,original
566f13daebeac000.jpg,15,566f13daebeac000.jpg,original
572a127d4afbe039.jpg,10,572a127d4afbe039.jpg,original
5771ab92c813b61c.jpg,11,5771ab92c813b61c.jpg,original
579be43726250a48.jpg,16,579be43726250a48.jpg,original
57a48562a058e968.jpg,2,57a48562a058e968.jpg,original
57b5968d4c045943.jpg,12,57b5968d4c045943.jpg,original
57f3341203558d9d.jpg,10,57f3341203558d9d.jpg,original
57f3fc5e8ef23c8e.jpg,5,57f3fc5e8ef23c8e.jpg,original
580468cba600b183.jpg,4,580468cba600b183.jpg,original
5810defe4b1b3ede.jpg,5,5810defe4b1b3ede.jpg,original
584c63a3663cd4eb.jpg,6,584c63a3663cd4eb.jpg,original
58a4d8f4c983c6b0.jpg,11,58a4d8f4c983c6b0.jpg,original
58eb4a9b2d3a7c7c.jpg,2,58eb4a9b2d3a7c7c.jpg,original
590a4befbe2db3cc.jpg,13,590a4befbe2db3cc.jpg,original
591f6b87942dfe1d.jpg,7,591f6b87942dfe1d.jpg,original
5940a96ae99a8bf8.jpg,3,5940a96ae99a8bf8.jpg,original
594863cf7ecceab8.jpg,13,594863cf7ecceab8.jpg,original
595ea01b1df88d86.jpg,2,595ea01b1df88d86.jpg,original
59c47eb7aba8f7f1.jpg,3,59c47eb7aba8f7f1.jpg,original
59c8a51d54997fff.jpg,8,59c8a51d54997fff.jpg,original
59d7a2b3cfdab46d.jpg,5,59d7a2b3cfdab46d.jpg,original
5a18fb6fb6906ba3.jpg,2,5a18fb6fb6906ba3.jpg,original
5a1fdb6d28d26691.jpg,3,5a1fdb6d28d26691.jpg,original
5a289c094c813d4a.jpg,11,5a289c094c813d4a.jpg,original
5a2d5e3af3807853.jpg,8,5a2d5e3af3807853.jpg,original
5a43267839f3fb62.jpg,8,5a43267839f3fb62.jpg,original
5a434571d74cf4a5.jpg,6,5a434571d74cf4a5.jpg,original
5a6b7f756b95da64.jpg,2,5a6b7f756b95da64.jpg,original
5a7771866a4169da.jpg,15,5a7771866a4169da.jpg,original
5a9bbf836c0993de.jpg,4,5a9bbf836c0993de.jpg,original
5abeb78c00f3cb48.jpg,12,5abeb78c00f3cb48.jpg,original
5aebabbc0e73c7df.jpg,0,5aebabbc0e73c7df.jpg,original
5af840cc6f074b98.jpg,10,5af840cc6f074b98.jpg,original
5b189bf1901fb1aa.jpg,12,5b189bf1901fb1aa.jpg,original
5b1f39022256d6f9.jpg,12,5b1f39022256d6f9.jpg,original
5b6de2f58985b9a4.jpg,13,5b6de2f58985b9a4.jpg,original
5ba19592cee8212c.jpg,14,5ba19592cee8212c.jpg,original
5bc23b2ae612b6c5.jpg,4,5bc23b2ae612b6c5.jpg,original
5be46f4d1470b120.jpg,13,5be46f4d1470b120.jpg,original
5c4fa8be15d53311.jpg,6,5c4fa8be15d53311.jpg,original
5c877959b45a99a5.jpg,12,5c877959b45a99a5.jpg,original
5c8d6bb560bc0f79.jpg,6,5c8d6bb560bc0f79.jpg,original
5cab99cabced8333.jpg,5,5cab99cabced8333.jpg,original
5cba776cef24af8a.jpg,0,5cba776cef24af8a.jpg,original
5cd0177bad99e239.jpg,4,5cd0177bad99e239.jpg,original
5d04936ef2d91b3e.jpg,7,5d04936ef2d91b3e.jpg,original
5d377a525796e448.jpg,15,5d377a525796e448.jpg,original
5d4c9847047f46cc.jpg,13,5d4c9847047f46cc.jpg,original
5d53d389933f4429.jpg,1,5d53d389933f4429.jpg,original
5d574d6ca3875e23.jpg,11,5d574d6ca3875e23.jpg,original
5d6c9d02128242a0.jpg,8,5d6c9d02128242a0.jpg,original
5d9bcf9f425718ae.jpg,8,5d9bcf9f425718ae.jpg,original
5da92a313921b370.jpg,10,5da92a313921b370.jpg,original
5db90ffe1eb7b025.jpg,14,5db90ffe1eb7b025.jpg,original
5dcc0bc3c7e4d9f0.jpg,6,5dcc0bc3c7e4d9f0.jpg,original
5e0a1d1d4b14d2e1.jpg,2,5e0a1d1d4b14d2e1.jpg,original
5e33827d9855b83a.jpg,1,5e33827d9855b83a.jpg,original
5e6b87eefb3f06a3.jpg,1,5e6b87eefb3f06a3.jpg,original
5e6bbdf399b21611.jpg,11,5e6bbdf399b21611.jpg,original
5eb8d197d228609e.jpg,16,5eb8d197d228609e.jpg,original
5f047c4d27c6d01e.jpg,7,5f047c4d27c6d01e.jpg,original
5f3d26e88ab186b6.jpg,0,5f3d26e88ab186b6.jpg,original
5f489ecf342e00d2.jpg,15,5f489ecf342e00d2.jpg,original
5f58e166f410eae4.jpg,9,5f58e166f410eae4.jpg,original
5f86b7790b475a00.jpg,3,5f86b7790b475a00.jpg,original
601849c7ef75e478.jpg,13,601849c7ef75e478.jpg,original
60736fb522fa9311.jpg,13,60736fb522fa9311.jpg,original
60aeb7b4944d9d72.jpg,13,60aeb7b4944d9d72.jpg,original
60c30c198d80fc5b.jpg,7,60c30c198d80fc5b.jpg,original
60c51c3e594c25d8.jpg,7,60c51c3e594c25d8.jpg,original
60d372fb5e69fafe.jpg,4,60d372fb5e69fafe.jpg,original
613512047cd9649f.jpg,12,613512047cd9649f.jpg,original
61519c9c56c03f33.jpg,8,61519c9c56c03f33.jpg,original
6169268c7f8518fe.jpg,6,6169268c7f8518fe.jpg,original
61b488cffc2de558.jpg,11,61b488cffc2de558.jpg,original
61d4afc57452e338.jpg,8,61d4afc57452e338.jpg,original
6234fa64cfeabf1b.jpg,12,6234fa64cfeabf1b.jpg,original
62529466e45e88e1.jpg,4,62529466e45e88e1.jpg,original
627c7ab37338a80a.jpg,11,627c7ab37338a80a.jpg,original
628983df06fa9dc1.jpg,0,628983df06fa9dc1.jpg,original
62acf443f035ee3d.jpg,11,62acf443f035ee3d.jpg,original
62c1c6a75593ec52.jpg,2,62c1c6a75593ec52.jpg,original
62d8b41419418098.jpg,9,62d8b41419418098.jpg,original
630b0b8483e1abc9.jpg,5,630b0b8483e1abc9.jpg,original
6312a7fb3f91eeb3.jpg,11,6312a7fb3f91eeb3.jpg,original
6351d90712c86582.jpg,16,6351d90712c86582.jpg,original
637b6af1fec0ccf2.jpg,6,637b6af1fec0ccf2.jpg,original
638449335fbd1759.jpg,12,638449335fbd1759.jpg,original
6388f6a748b6b5c9.jpg,8,6388f6a748b6b5c9.jpg,original
63b4e87e890cfbc3.jpg,4,63b4e87e890cfbc3.jpg,original
63b8a5453e5aead1.jpg,0,63b8a5453e5aead1.jpg,original
63d37324e2455630.jpg,9,63d37324e2455630.jpg,original
64280b3a1deb4fe3.jpg,9,64280b3a1deb4fe3.jpg,original
642eeea5c00d9a8e.jpg,0,642eeea5c00d9a8e.jpg,original
64b7b327bee5ff46.jpg,10,64b7b327bee5ff46.jpg,original
64be3ad0b648f8ca.jpg,4,64be3ad0b648f8ca.jpg,original
64bfe6bb12a2b19d.jpg,12,64bfe6bb12a2b19d.jpg,original
64cc2059ff0b2b7f.jpg,0,64cc2059ff0b2b7f.jpg,original
64de0d5782390458.jpg,16,64de0d5782390458.jpg,original
653d9830004b3602.jpg,4,653d9830004b3602.jpg,original
65453fe7b270cd4a.jpg,0,65453fe7b270cd4a.jpg,original
654e10bb8ec38099.jpg,4,654e10bb8ec38099.jpg,original
65886a07284e5f43.jpg,4,65886a07284e5f43.jpg,original
65948ca6d0c63466.jpg,8,65948ca6d0c63466.jpg,original
6595fdaa3351e74e.jpg,3,6595fdaa3351e74e.jpg,original
659919452b57f180.jpg,8,659919452b57f180.jpg,original
65a6353fc364f6bb.jpg,2,65a6353fc364f6bb.jpg,original
65b191b1c0b79bbc.jpg,14,65b191b1c0b79bbc.jpg,original
65de4b66ba654c58.jpg,4,65de4b66ba654c58.jpg,original
65e3c8286f990f3a.jpg,2,65e3c8286f990f3a.jpg,original
65e54d26136cd5e1.jpg,4,65e54d26136cd5e1.jpg,original
6614317845c5c3bd.jpg,15,6614317845c5c3bd.jpg,original
66469978dfc91a6a.jpg,4,66469978dfc91a6a.jpg,original
664870358de72c79.jpg,11,664870358de72c79.jpg,original
6650fc952634469b.jpg,13,6650fc952634469b.jpg,original
665841c40fd8e975.jpg,10,665841c40fd8e975.jpg,original
665e3f6bd4fb0a1c.jpg,4,665e3f6bd4fb0a1c.jpg,original
668d779a4bcbca9b.jpg,9,668d779a4bcbca9b.jpg,original
669a9c9ae2a79a2b.jpg,10,669a9c9ae2a79a2b.jpg,original
66a01bd2435be87d.jpg,6,66a01bd2435be87d.jpg,original
66cbc35f2e055ac5.jpg,8,66cbc35f2e055ac5.jpg,original
66e077b9e126c7cb.jpg,12,66e077b9e126c7cb.jpg,original
6711b3773598320d.jpg,2,6711b3773598320d.jpg,original
67271790e17abbf2.jpg,4,67271790e17abbf2.jpg,original
675a79a2fd62de23.jpg,6,675a79a2fd62de23.jpg,original
677b9ff187f51bf4.jpg,1,677b9ff187f51bf4.jpg,original
6803ce25ed4d3617.jpg,16,6803ce25ed4d3617.jpg,original
6804bbcb0644bfaa.jpg,7,6804bbcb0644bfaa.jpg,original
6830f36b4231f1f8.jpg,4,6830f36b4231f1f8.jpg,original
6833fc9562046889.jpg,7,6833fc9562046889.jpg,original
6836aaeab9395036.jpg,13,6836aaeab9395036.jpg,original
68448bac622f658a.jpg,9,68448bac622f658a.jpg,original
68465df7e54034e7.jpg,14,68465df7e54034e7.jpg,original
686ac0f84cef81a3.jpg,15,686ac0f84cef81a3.jpg,original
68ad00a3f2a7ecdb.jpg,0,68ad00a3f2a7ecdb.jpg,original
68c5172e0d62f27d.jpg,11,68c5172e0d62f27d.jpg,original
68e28dd5366800c1.jpg,6,68e28dd5366800c1.jpg,original
690245deffbb23a6.jpg,3,690245deffbb23a6.jpg,original
694770262d00d28a.jpg,10,694770262d00d28a.jpg,original
6951cb8e94d8669b.jpg,10,6951cb8e94d8669b.jpg,original
696204cbf98c1442.jpg,6,696204cbf98c1442.jpg,original
69c0945525596387.jpg,2,69c0945525596387.jpg,original
6a2c867603ef83d9.jpg,10,6a2c867603ef83d9.jpg,original
6a5e59ff5eca67e7.jpg,16,6a5e59ff5eca67e7.jpg,original
6ab9dd9b5f52f39c.jpg,13,6ab9dd9b5f52f39c.jpg,original
6b0dd94eaf6694db.jpg,0,6b0dd94eaf6694db.jpg,original
6b15c5f163e4c7b2.jpg,13,6b15c5f163e4c7b2.jpg,original
6bd986855bafb57e.jpg,10,6bd986855bafb57e.jpg,original
6bd9b10df1a9e223.jpg,3,6bd9b10df1a9e223.jpg,original
6bdc7ee485d608d9.jpg,10,6bdc7ee485d608d9.jpg,original
6c01be75619654ab.jpg,15,6c01be75619654ab.jpg,original
6c64da4992b0908e.jpg,0,6c64da4992b0908e.jpg,original
6c7c0ef5def29ad3.jpg,5,6c7c0ef5def29ad3.jpg,original
6c7ee6f5642493df.jpg,0,6c7ee6f5642493df.jpg,original
6c86addce8dddcc1.jpg,7,6c86addce8dddcc1.jpg,original
6c9e044cdd574bc5.jpg,12,6c9e044cdd574bc5.jpg,original
6caee0e4e634a134.jpg,10,6caee0e4e634a134.jpg,original
6ce000129615ec5b.jpg,0,6ce000129615ec5b.jpg,original
6ce5c3ace8c4601d.jpg,8,6ce5c3ace8c4601d.jpg,original
6d41878ae3c7e40b.jpg,16,6d41878ae3c7e40b.jpg,original
6d5dad8f246c0ecb.jpg,16,6d5dad8f246c0ecb.jpg,original
6d6ffab07161b8be.jpg,11,6d6ffab07161b8be.jpg,original
6dbb0d26b45902b4.jpg,16,6dbb0d26b45902b4.jpg,original
6dcd1339e544cd25.jpg,12,6dcd1339e544cd25.jpg,original
6e4958148a2c3464.jpg,5,6e4958148a2c3464.jpg,original
6f07e6e19c86efc7.jpg,7,6f07e6e19c86efc7.jpg,original
6fb7c18203fe1ac6.jpg,5,6fb7c18203fe1ac6.jpg,original
6fd986384882e898.jpg,11,6fd986384882e898.jpg,original
6fdb4b80ba1cfb7b.jpg,6,6fdb4b80ba1cfb7b.jpg,original
6ffc74bd3885ee68.jpg,15,6ffc74bd3885ee68.jpg,original
70235f48ef14bdc8.jpg,5,70235f48ef14bdc8.jpg,original
703e90507a11d59e.jpg,11,703e90507a11d59e.jpg,original
703f024bcd5b0d26.jpg,5,703f024bcd5b0d26.jpg,original
704f0cdc69a6d98d.jpg,4,704f0cdc69a6d98d.jpg,original
706cc6881b18b291.jpg,3,706cc6881b18b291.jpg,original
706f88bd829080ed.jpg,14,706f88bd829080ed.jpg,original
70c329deab35bb61.jpg,7,70c329deab35bb61.jpg,original
70e54fdd0135308b.jpg,12,70e54fdd0135308b.jpg,original
7100c5c67aecadc5.jpg,7,7100c5c67aecadc5.jpg,original
713c484c86197d5b.jpg,16,713c484c86197d5b.jpg,original
71648dd333e17a65.jpg,12,71648dd333e17a65.jpg,original
716c2fced083a6a6.jpg,12,716c2fced083a6a6.jpg,original
7179798d91789148.jpg,1,7179798d91789148.jpg,original
71a66c0c5e7f1806.jpg,7,71a66c0c5e7f1806.jpg,original
71b4afcf511ef770.jpg,7,71b4afcf511ef770.jpg,original
71dde89e294555fc.jpg,4,71dde89e294555fc.jpg,original
721029136b9956ff.jpg,15,721029136b9956ff.jpg,original
72dcf78da45303d2.jpg,11,72dcf78da45303d2.jpg,original
733783e7eccfee05.jpg,7,733783e7eccfee05.jpg,original
73435b2b35ec0c32.jpg,1,73435b2b35ec0c32.jpg,original
737923b93a9c2de3.jpg,11,737923b93a9c2de3.jpg,original
73824c562e4dbaed.jpg,5,73824c562e4dbaed.jpg,original
738660387439a720.jpg,4,738660387439a720.jpg,original
739e4dea86e517c6.jpg,7,739e4dea86e517c6.jpg,original
73b17549c8ab8a99.jpg,8,73b17549c8ab8a99.jpg,original
73e6a22019fe8471.jpg,9,73e6a22019fe8471.jpg,original
741f4bcf985180b6.jpg,6,741f4bcf985180b6.jpg,original
745459e83b42eb42.jpg,2,745459e83b42eb42.jpg,original
74a24ffce48fa35f.jpg,9,74a24ffce48fa35f.jpg,original
74ab4f0f29de685f.jpg,10,74ab4f0f29de685f.jpg,original
74cdf0bf86283b84.jpg,4,74cdf0bf86283b84.jpg,original
74e2e8c2461eca6a.jpg,2,74e2e8c2461eca6a.jpg,original
7505438c31496bee.jpg,12,7505438c31496bee.jpg,original
7508d0ccef20ee1e.jpg,10,7508d0ccef20ee1e.jpg,original
7525cd248ec56e2c.jpg,10,7525cd248ec56e2c.jpg,original
7530a83040316e47.jpg,1,7530a83040316e47.jpg,original
75495821840264c3.jpg,2,75495821840264c3.jpg,original
754e4dceff5995d5.jpg,12,754e4dceff5995d5.jpg,original
757fec90bcdd3dec.jpg,3,757fec90bcdd3dec.jpg,original
75c0ad5d412bde18.jpg,8,75c0ad5d412bde18.jpg,original
75e4e2d2146ddd2e.jpg,9,75e4e2d2146ddd2e.jpg,original
75efbb757e327459.jpg,12,75efbb757e327459.jpg,original
75fc96abad67684d.jpg,3,75fc96abad67684d.jpg,original
7619acf76043f672.jpg,6,7619acf76043f672.jpg,original
762842c6d662af02.jpg,7,762842c6d662af02.jpg,original
765341e233dcaa33.jpg,0,765341e233dcaa33.jpg,original
767a627b4b2d862a.jpg,7,767a627b4b2d862a.jpg,original
768545ba7f6fd580.jpg,0,768545ba7f6fd580.jpg,original
76a643f0d997792f.jpg,8,76a643f0d997792f.jpg,original
76b5c632711b3be0.jpg,16,76b5c632711b3be0.jpg,original
76d4152b6109538c.jpg,15,76d4152b6109538c.jpg,original
76ff32bef566bd38.jpg,14,76ff32bef566bd38.jpg,original
77549472e91854fe.jpg,16,77549472e91854fe.jpg,original
77595f4cd1a31f8a.jpg,16,77595f4cd1a31f8a.jpg,original
776f90fdda83d089.jpg,16,776f90fdda83d089.jpg,original
77e5c96da6c81a73.jpg,7,77e5c96da6c81a73.jpg,original
77f00ee49337ce33.jpg,11,77f00ee49337ce33.jpg,original
781f41d8469b6871.jpg,5,781f41d8469b6871.jpg,original
782b87f9c888e71e.jpg,6,782b87f9c888e71e.jpg,original
785860603a570231.jpg,16,785860603a570231.jpg,original
785c49e3d1d44486.jpg,10,785c49e3d1d44486.jpg,original
78b3f4f8fde4d8e5.jpg,14,78b3f4f8fde4d8e5.jpg,original
78da144ebc783909.jpg,3,78da144ebc783909.jpg,original
78e054806debb3d0.jpg,9,78e054806debb3d0.jpg,original
79463b3198120a5b.jpg,12,79463b3198120a5b.jpg,original
794779cd2ac51622.jpg,1,794779cd2ac51622.jpg,original
794938aa61f01452.jpg,3,794938aa61f01452.jpg,original
7960b14919ebf48a.jpg,7,7960b14919ebf48a.jpg,original
7970760bad68648a.jpg,5,7970760bad68648a.jpg,original
79b4985b91ddce77.jpg,16,79b4985b91ddce77.jpg,original
7a0874abecb8bf5a.jpg,3,7a0874abecb8bf5a.jpg,original
7a253a82f9c7f46b.jpg,11,7a253a82f9c7f46b.jpg,original
7a5c7b2d02f2dca6.jpg,4,7a5c7b2d02f2dca6.jpg,original
7a8291e3fc513778.jpg,2,7a8291e3fc513778.jpg,original
7a93daca774a4e3a.jpg,11,7a93daca774a4e3a.jpg,original
7ab2734fda8559de.jpg,0,7ab2734fda8559de.jpg,original
7ab983002722bfdd.jpg,9,7ab983002722bfdd.jpg,original
7acf0f2c4533e428.jpg,13,7acf0f2c4533e428.jpg,original
7ae55baa09533c1f.jpg,4,7ae55baa09533c1f.jpg,original
7b166a62c779efa4.jpg,11,7b166a62c779efa4.jpg,original
7b24704921b22122.jpg,12,7b24704921b22122.jpg,original
7b30b726a3fb7a14.jpg,7,7b30b726a3fb7a14.jpg,original
7b34791122902f7a.jpg,1,7b34791122902f7a.jpg,original
7b49170a9fd282ea.jpg,8,7b49170a9fd282ea.jpg,original
7b6175b967d7c92f.jpg,3,7b6175b967d7c92f.jpg,original
7ba159018cb5c499.jpg,0,7ba159018cb5c499.jpg,original
7bc3f5f4cc4f1873.jpg,3,7bc3f5f4cc4f1873.jpg,original
7bca7363a178647c.jpg,5,7bca7363a178647c.jpg,original
7bfc97dd53b51410.jpg,8,7bfc97dd53b51410.jpg,original
7c42f2261aedc210.jpg,3,7c42f2261aedc210.jpg,original
7c47da1439b3a661.jpg,9,7c47da1439b3a661.jpg,original
7c55b18fd58721bb.jpg,10,7c55b18fd58721bb.jpg,original
7c6dbe977e1eb23e.jpg,9,7c6dbe977e1eb23e.jpg,original
7c6fb8ca1b30ee46.jpg,14,7c6fb8ca1b30ee46.jpg,original
7c75b44fa4fb5c1f.jpg,4,7c75b44fa4fb5c1f.jpg,original
7cca99483bd473f0.jpg,9,7cca99483bd473f0.jpg,original
7ce5e5dc4eb34620.jpg,9,7ce5e5dc4eb34620.jpg,original
7d42ded7563626a4.jpg,3,7d42ded7563626a4.jpg,original
7d51a58b5aa532fc.jpg,9,7d51a58b5aa532fc.jpg,original
7dbf8f668b479f2f.jpg,11,7dbf8f668b479f2f.jpg,original
7e0055ffb2289efb.jpg,2,7e0055ffb2289efb.jpg,original
7e6db317ae0f6798.jpg,0,7e6db317ae0f6798.jpg,original
7e99488642b706df.jpg,9,7e99488642b706df.jpg,original
7e9e5fed6c7748b8.jpg,13,7e9e5fed6c7748b8.jpg,original
7ef2b4e1897c690e.jpg,4,7ef2b4e1897c690e.jpg,original
7f23b9ae37e539ea.jpg,1,7f23b9ae37e539ea.jpg,original
7f264f1599b1a740.jpg,16,7f264f1599b1a740.jpg,original
8034f6c5674487ff.jpg,12,8034f6c5674487ff.jpg,original
8071934820f18a2e.jpg,9,8071934820f18a2e.jpg,original
80a6534b0c0b12e3.jpg,8,80a6534b0c0b12e3.jpg,original
80d85bb2bd481cff.jpg,15,80d85bb2bd481cff.jpg,original
80f998b8dd043ab3.jpg,14,80f998b8dd043ab3.jpg,original
80fc982d6dd12c96.jpg,3,80fc982d6dd12c96.jpg,original
80fe3a6b9c2f94d1.jpg,8,80fe3a6b9c2f94d1.jpg,original
8109cf3051389336.jpg,6,8109cf3051389336.jpg,original
8140a29253d51e15.jpg,6,8140a29253d51e15.jpg,original
8145e009ad6dd52d.jpg,12,8145e009ad6dd52d.jpg,original
8189f3a50f102070.jpg,2,8189f3a50f102070.jpg,original
81ca8f684b6aee30.jpg,7,81ca8f684b6aee30.jpg,original
81dbdb42bedcde5e.jpg,4,81dbdb42bedcde5e.jpg,original
81e5282c3c19a13b.jpg,13,81e5282c3c19a13b.jpg,original
822f9d89d790a354.jpg,12,822f9d89d790a354.jpg,original
824f40bb56fb0e4d.jpg,15,824f40bb56fb0e4d.jpg,original
8277bf9d16311e62.jpg,11,8277bf9d16311e62.jpg,original
82b19ea64a4ea2dc.jpg,7,82b19ea64a4ea2dc.jpg,original
831e7c40b7700f27.jpg,7,831e7c40b7700f27.jpg,original
83417d8b7e02a45f.jpg,3,83417d8b7e02a45f.jpg,original
8345196de286a646.jpg,14,8345196de286a646.jpg,original
83623d4acfbed22d.jpg,8,83623d4acfbed22d.jpg,original
836ea26ba4211e4d.jpg,4,836ea26ba4211e4d.jpg,original
8392719a0503153f.jpg,7,8392719a0503153f.jpg,original
83be41b75fd51b95.jpg,7,83be41b75fd51b95.jpg,original
83dae58025c2e2be.jpg,11,83dae58025c2e2be.jpg,original
83f03da25eb699f9.jpg,11,83f03da25eb699f9.jpg,original
840472f4cb2d7f5b.jpg,12,840472f4cb2d7f5b.jpg,original
840c53f776730ffe.jpg,14,840c53f776730ffe.jpg,original
845fa55f9af2971e.jpg,4,845fa55f9af2971e.jpg,original
84ba3fe34d86a6ea.jpg,6,84ba3fe34d86a6ea.jpg,original
84effa5e8f21ae90.jpg,7,84effa5e8f21ae90.jpg,original
8513926fb711c64f.jpg,12,8513926fb711c64f.jpg,original
852a9eabe6fb3d1a.jpg,2,852a9eabe6fb3d1a.jpg,original
8536be68aff02bad.jpg,8,8536be68aff02bad.jpg,original
8595a16cf5971251.jpg,4,8595a16cf5971251.jpg,original
85abfc517a6b2e9a.jpg,12,85abfc517a6b2e9a.jpg,original
85bf897665f00361.jpg,4,85bf897665f00361.jpg,original
8626caa67beae2f0.jpg,8,8626caa67beae2f0.jpg,original
86363da117fc12f1.jpg,8,86363da117fc12f1.jpg,original
8646f2c3280a4f49.jpg,3,8646f2c3280a4f49.jpg,original
868488f5c4d60f6b.jpg,5,868488f5c4d60f6b.jpg,original
8697260b366876a9.jpg,5,8697260b366876a9.jpg,original
8705d822732b6be7.jpg,5,8705d822732b6be7.jpg,original
870e37a56286f13c.jpg,13,870e37a56286f13c.jpg,original
87582703d287fb2d.jpg,2,87582703d287fb2d.jpg,original
8784cdf5c5549c8b.jpg,3,8784cdf5c5549c8b.jpg,original
8786ec88edd5b15b.jpg,0,8786ec88edd5b15b.jpg,original
878870db1b71a44c.jpg,10,878870db1b71a44c.jpg,original
88478aa0be9cff21.jpg,4,88478aa0be9cff21.jpg,original
885e3733e3860193.jpg,4,885e3733e3860193.jpg,original
885f2035f7ad26fa.jpg,10,885f2035f7ad26fa.jpg,original
8896e2785aae4234.jpg,2,8896e2785aae4234.jpg,original
88c917b4708fb4d0.jpg,7,88c917b4708fb4d0.jpg,original
88eb38975f285b72.jpg,9,88eb38975f285b72.jpg,original
88ede47bff8fe527.jpg,10,88ede47bff8fe527.jpg,original
891306f615d54cc0.jpg,10,891306f615d54cc0.jpg,original
8915a47b5b1ec970.jpg,15,8915a47b5b1ec970.jpg,original
892f7e96473b3d33.jpg,4,892f7e96473b3d33.jpg,original
897eba0b45163f57.jpg,0,897eba0b45163f57.jpg,original
898368eb7ad07511.jpg,2,898368eb7ad07511.jpg,original
89d732f04315272b.jpg,13,89d732f04315272b.jpg,original
89d9f15b59eab688.jpg,4,89d9f15b59eab688.jpg,original
8a98695fe6bd158c.jpg,13,8a98695fe6bd158c.jpg,original
8abf13da265d3c9c.jpg,15,8abf13da265d3c9c.jpg,original
8ac3e45df9bdbbad.jpg,6,8ac3e45df9bdbbad.jpg,original
8ac59e5ca46a99ea.jpg,13,8ac59e5ca46a99ea.jpg,original
8ad81df83d9f63e5.jpg,6,8ad81df83d9f63e5.jpg,original
8ae1685d0b60bb2d.jpg,12,8ae1685d0b60bb2d.jpg,original
8ae19d84e8e620fa.jpg,7,8ae19d84e8e620fa.jpg,original
8ae3540bee2ef251.jpg,15,8ae3540bee2ef251.jpg,original
8b3b6ef2484a4535.jpg,16,8b3b6ef2484a4535.jpg,original
8b7a49a085e6e092.jpg,16,8b7a49a085e6e092.jpg,original
8b8eea1713600cf3.jpg,12,8b8eea1713600cf3.jpg,original
8b93c5f46f697d71.jpg,8,8b93c5f46f697d71.jpg,original
8b9b54fe138f9290.jpg,16,8b9b54fe138f9290.jpg,original
8c04b33be2485613.jpg,6,8c04b33be2485613.jpg,original
8c06353ff9bad172.jpg,10,8c06353ff9bad172.jpg,original
8c101e24af39a6c8.jpg,0,8c101e24af39a6c8.jpg,original
8c1d0a0f20edd4c6.jpg,10,8c1d0a0f20edd4c6.jpg,original
8cabf16f98cde77e.jpg,2,8cabf16f98cde77e.jpg,original
8cafb65e2ac0681e.jpg,3,8cafb65e2ac0681e.jpg,original
8db8f37ec84b4f8f.jpg,14,8db8f37ec84b4f8f.jpg,original
8dd6f4abd109d578.jpg,9,8dd6f4abd109d578.jpg,original
8deba677308ce027.jpg,7,8deba677308ce027.jpg,original
8e1730605c78b3fd.jpg,10,8e1730605c78b3fd.jpg,original
8e77f8a41cfabb11.jpg,4,8e77f8a41cfabb11.jpg,original
8ea17c5687d735b3.jpg,0,8ea17c5687d735b3.jpg,original
8ec6263e28076f1b.jpg,7,8ec6263e28076f1b.jpg,original
8ecdba0e9dab2487.jpg,9,8ecdba0e9dab2487.jpg,original
8f15167e7d0b8afc.jpg,15,8f15167e7d0b8afc.jpg,original
8f5880fc713022c0.jpg,2,8f5880fc713022c0.jpg,original
8f7f2eb659856254.jpg,2,8f7f2eb659856254.jpg,original
8fe4d19caacf8594.jpg,11,8fe4d19caacf8594.jpg,original
9041fe0755cbe24c.jpg,0,9041fe0755cbe24c.jpg,original
907295469202daeb.jpg,7,907295469202daeb.jpg,original
90bed2b1fe15453b.jpg,15,90bed2b1fe15453b.jpg,original
912740e8a136bfcd.jpg,16,912740e8a136bfcd.jpg,original
9131332143278bbd.jpg,0,9131332143278bbd.jpg,original
91504eef74a841c0.jpg,9,91504eef74a841c0.jpg,original
915151761e853562.jpg,5,915151761e853562.jpg,original
91f89a9a3238fc94.jpg,14,91f89a9a3238fc94.jpg,original
9223d8c34cef5b99.jpg,15,9223d8c34cef5b99.jpg,original
926cb3040efcf9d4.jpg,4,926cb3040efcf9d4.jpg,original
92c296735de825e0.jpg,4,92c296735de825e0.jpg,original
9383cf36b6faa003.jpg,5,9383cf36b6faa003.jpg,original
93964b61ead8e03e.jpg,14,93964b61ead8e03e.jpg,original
93da9c37756d547a.jpg,6,93da9c37756d547a.jpg,original
93e181cc39b50c31.jpg,2,93e181cc39b50c31.jpg,original
93e6c6814863d932.jpg,10,93e6c6814863d932.jpg,original
93e7beb687d63a62.jpg,11,93e7beb687d63a62.jpg,original
94008a9bf8b41108.jpg,16,94008a9bf8b41108.jpg,original
9404f47da99422e2.jpg,4,9404f47da99422e2.jpg,original
941d9b492aa30620.jpg,3,941d9b492aa30620.jpg,original
94617587c5726ac6.jpg,11,94617587c5726ac6.jpg,original
951c10babfef1ce7.jpg,12,951c10babfef1ce7.jpg,original
957a9861a894c253.jpg,6,957a9861a894c253.jpg,original
9588b457eec4ae20.jpg,12,9588b457eec4ae20.jpg,original
961614f0ef702ce9.jpg,10,961614f0ef702ce9.jpg,original
96478b0f9dfdf588.jpg,15,96478b0f9dfdf588.jpg,original
96a93ef6f6510fca.jpg,6,96a93ef6f6510fca.jpg,original
96b654996b3c749d.jpg,4,96b654996b3c749d.jpg,original
96cfeea3a69bc803.jpg,0,96cfeea3a69bc803.jpg,original
96e02f74d6076c8c.jpg,6,96e02f74d6076c8c.jpg,original
9759d7bf96f7dee5.jpg,11,9759d7bf96f7dee5.jpg,original
9783118f09bcdea3.jpg,4,9783118f09bcdea3.jpg,original
979235b5cb02a10a.jpg,5,979235b5cb02a10a.jpg,original
97af16867569a0b8.jpg,9,97af16867569a0b8.jpg,original
97b0ff6bc3f92597.jpg,9,97b0ff6bc3f92597.jpg,original
97e2aa947f74f55b.jpg,15,97e2aa947f74f55b.jpg,original
9825e2560f9a2b53.jpg,11,9825e2560f9a2b53.jpg,original
9844093dcf939ab8.jpg,16,9844093dcf939ab8.jpg,original
984980789f8aade3.jpg,5,984980789f8aade3.jpg,original
98691b8505a773a4.jpg,16,98691b8505a773a4.jpg,original
9878a94bb8c6ccee.jpg,11,9878a94bb8c6ccee.jpg,original
988fa031ea841a40.jpg,7,988fa031ea841a40.jpg,original
98bc083ee47cec64.jpg,5,98bc083ee47cec64.jpg,original
98bfb3dcc8fe6325.jpg,4,98bfb3dcc8fe6325.jpg,original
98d1d08b161b6e63.jpg,9,98d1d08b161b6e63.jpg,original
99192aebd3a0c09d.jpg,3,99192aebd3a0c09d.jpg,original
994255be33de9f68.jpg,3,994255be33de9f68.jpg,original
99954fcbe12a8890.jpg,15,99954fcbe12a8890.jpg,original
99d7241ecca09eaf.jpg,3,99d7241ecca09eaf.jpg,original
99ee9ed48919eb73.jpg,12,99ee9ed48919eb73.jpg,original
9a36a151cf95bb29.jpg,1,9a36a151cf95bb29.jpg,original
9a51b2f5f6e6cc2f.jpg,12,9a51b2f5f6e6cc2f.jpg,original
9ac12f6e9a9b9c66.jpg,16,9ac12f6e9a9b9c66.jpg,original
9ace40a752cc7d7c.jpg,6,9ace40a752cc7d7c.jpg,original
9ae5c389d3485e7d.jpg,12,9ae5c389d3485e7d.jpg,original
9b2272b4866df031.jpg,10,9b2272b4866df031.jpg,original
9b3dbfeb10499aa7.jpg,0,9b3dbfeb10499aa7.jpg,original
9b4a0893af03ae73.jpg,8,9b4a0893af03ae73.jpg,original
9b99cecf50af090a.jpg,1,9b99cecf50af090a.jpg,original
9ba8f08db3fe2a4c.jpg,8,9ba8f08db3fe2a4c.jpg,original
9bae7a93f9a53462.jpg,10,9bae7a93f9a53462.jpg,original
9bea7d9dc1ce362b.jpg,7,9bea7d9dc1ce362b.jpg,original
9bfbee5858260ba0.jpg,0,9bfbee5858260ba0.jpg,original
9c147d4251268aaf.jpg,9,9c147d4251268aaf.jpg,original
9c40908738e93c99.jpg,8,9c40908738e93c99.jpg,original
9cda797c3a17dc15.jpg,8,9cda797c3a17dc15.jpg,original
9d09edebfd00ece2.jpg,10,9d09edebfd00ece2.jpg,original
9d26b080a59303cd.jpg,6,9d26b080a59303cd.jpg,original
9d380d37a3c5e37d.jpg,3,9d380d37a3c5e37d.jpg,original
9d538d69133f4a12.jpg,4,9d538d69133f4a12.jpg,original
9dcba71716f48706.jpg,10,9dcba71716f48706.jpg,original
9dcfef27d51c3e5e.jpg,8,9dcfef27d51c3e5e.jpg,original
9df479a4a43abb1c.jpg,1,9df479a4a43abb1c.jpg,original
9dffa0f2a63a1500.jpg,6,9dffa0f2a63a1500.jpg,original
9e653ab50860c815.jpg,11,9e653ab50860c815.jpg,original
9e7d96a35f4a7272.jpg,0,9e7d96a35f4a7272.jpg,original
9e9c102de5a5cf54.jpg,4,9e9c102de5a5cf54.jpg,original
9ee008d242d65e2b.jpg,16,9ee008d242d65e2b.jpg,original
9f00632c64ca1afa.jpg,15,9f00632c64ca1afa.jpg,original
9f9456c5f30ede0a.jpg,8,9f9456c5f30ede0a.jpg,original
9fbce75fa551c7d6.jpg,0,9fbce75fa551c7d6.jpg,original
a0445f787a537aee.jpg,15,a0445f787a537aee.jpg,original
a0b924a3b29beafd.jpg,9,a0b924a3b29beafd.jpg,original
a0b9e86061135d91.jpg,8,a0b9e86061135d91.jpg,original
a0d422140ba03bcb.jpg,8,a0d422140ba03bcb.jpg,original
a0eee94c1f286d86.jpg,8,a0eee94c1f286d86.jpg,original
a11d98cba433de36.jpg,15,a11d98cba433de36.jpg,original
a12797d405f1cb84.jpg,0,a12797d405f1cb84.jpg,original
a19533ef80171e6c.jpg,15,a19533ef80171e6c.jpg,original
a1a19c2590ff94fd.jpg,11,a1a19c2590ff94fd.jpg,original
a1ab865095b2d312.jpg,2,a1ab865095b2d312.jpg,original
a1d70a5778fc75b2.jpg,6,a1d70a5778fc75b2.jpg,original
a1deb8f4332c8823.jpg,1,a1deb8f4332c8823.jpg,original
a1e4aba3006e9f36.jpg,9,a1e4aba3006e9f36.jpg,original
a1f00ba86019bcba.jpg,9,a1f00ba86019bcba.jpg,original
a20bae0b99feb739.jpg,8,a20bae0b99feb739.jpg,original
a21361253c8f3fe7.jpg,5,a21361253c8f3fe7.jpg,original
a22c76a8a41db1f6.jpg,10,a22c76a8a41db1f6.jpg,original
a236724d2c1a8476.jpg,5,a236724d2c1a8476.jpg,original
a25f0fef0860116b.jpg,11,a25f0fef0860116b.jpg,original
a29abb626fe9e017.jpg,16,a29abb626fe9e017.jpg,original
a2de1004da161e69.jpg,12,a2de1004da161e69.jpg,original
a312c1dbbcf4f20b.jpg,6,a312c1dbbcf4f20b.jpg,original
a3252aa9f737d4ec.jpg,10,a3252aa9f737d4ec.jpg,original
a376fbdb67bc4a92.jpg,7,a376fbdb67bc4a92.jpg,original
a3a762b4e4091608.jpg,15,a3a762b4e4091608.jpg,original
a3ca1c3a67b6d6e3.jpg,11,a3ca1c3a67b6d6e3.jpg,original
a3d39b4e99c5677e.jpg,11,a3d39b4e99c5677e.jpg,original
a4665a740c6acbe9.jpg,12,a4665a740c6acbe9.jpg,original
a4a3522572228313.jpg,0,a4a3522572228313.jpg,original
a4d5f12e10bc3f77.jpg,2,a4d5f12e10bc3f77.jpg,original
a4dafcbb175ac0e1.jpg,11,a4dafcbb175ac0e1.jpg,original
a4e56fe992bc6b33.jpg,9,a4e56fe992bc6b33.jpg,original
a4f9d599fd35486e.jpg,15,a4f9d599fd35486e.jpg,original
a5369775e9d91b4b.jpg,0,a5369775e9d91b4b.jpg,original
a56a5cce90031150.jpg,4,a56a5cce90031150.jpg,original
a57a6d43e90120d2.jpg,0,a57a6d43e90120d2.jpg,original
a5ea50be18045857.jpg,13,a5ea50be18045857.jpg,original
a602d3c2110909cc.jpg,3,a602d3c2110909cc.jpg,original
a6468b3816c1325c.jpg,11,a6468b3816c1325c.jpg,original
a66838467277cb38.jpg,3,a66838467277cb38.jpg,original
a683764ced480eb3.jpg,1,a683764ced480eb3.jpg,original
a69626d96e112054.jpg,2,a69626d96e112054.jpg,original
a6980c6d2779a5a7.jpg,5,a6980c6d2779a5a7.jpg,original
a6b33f25064274bf.jpg,16,a6b33f25064274bf.jpg,original
a6efb7921dbd0db0.jpg,2,a6efb7921dbd0db0.jpg,original
a6fc2ea190daebc9.jpg,3,a6fc2ea190daebc9.jpg,original
a7263fb46a510a68.jpg,12,a7263fb46a510a68.jpg,original
a755fdd6f88d27d1.jpg,6,a755fdd6f88d27d1.jpg,original
a75e8a8662d20656.jpg,2,a75e8a8662d20656.jpg,original
a79ea7eb477273bd.jpg,12,a79ea7eb477273bd.jpg,original
a7b1a56abef7bcee.jpg,15,a7b1a56abef7bcee.jpg,original
a7b4e66d98cde556.jpg,6,a7b4e66d98cde556.jpg,original
a858edd4f3c06833.jpg,6,a858edd4f3c06833.jpg,original
a886ad9e2165f979.jpg,0,a886ad9e2165f979.jpg,original
a8bdaa6f4ac3e1f2.jpg,2,a8bdaa6f4ac3e1f2.jpg,original
a8dc8ee8364834aa.jpg,16,a8dc8ee8364834aa.jpg,original
a8e56e8a521266dd.jpg,2,a8e56e8a521266dd.jpg,original
a9248e6e81127d6a.jpg,16,a9248e6e81127d6a.jpg,original
a94927812fc5d31e.jpg,13,a94927812fc5d31e.jpg,original
a96501bdfa22f1ac.jpg,3,a96501bdfa22f1ac.jpg,original
a988e3b816d9aedb.jpg,4,a988e3b816d9aedb.jpg,original
a993b5bd409d41eb.jpg,6,a993b5bd409d41eb.jpg,original
a9bcbd65802de40b.jpg,12,a9bcbd65802de40b.jpg,original
a9c00da135f7ed8d.jpg,0,a9c00da135f7ed8d.jpg,original
a9c98518ff83cd43.jpg,16,a9c98518ff83cd43.jpg,original
a9faeff41820fa47.jpg,0,a9faeff41820fa47.jpg,original
aa0ec7b1f1ac825d.jpg,15,aa0ec7b1f1ac825d.jpg,original
aa139804f175c3b6.jpg,7,aa139804f175c3b6.jpg,original
aa22f60af3cf37a1.jpg,16,aa22f60af3cf37a1.jpg,original
aa69a5d83babf080.jpg,4,aa69a5d83babf080.jpg,original
aa6b90aa9e24c743.jpg,3,aa6b90aa9e24c743.jpg,original
aab8ed28854b23e2.jpg,7,aab8ed28854b23e2.jpg,original
aac51eae9d9f59f4.jpg,15,aac51eae9d9f59f4.jpg,original
aac6d02aa2f222af.jpg,7,aac6d02aa2f222af.jpg,original
aad633981ac0c5fe.jpg,8,aad633981ac0c5fe.jpg,original
aae17a71aeaf0ee8.jpg,6,aae17a71aeaf0ee8.jpg,original
aae9b8d3d923ff75.jpg,12,aae9b8d3d923ff75.jpg,original
aaff35477765a02f.jpg,1,aaff35477765a02f.jpg,original
ab03e6a0e1989cf4.jpg,12,ab03e6a0e1989cf4.jpg,original
ab550f9eba0bb66e.jpg,11,ab550f9eba0bb66e.jpg,original
ab74a4a15213ef9e.jpg,16,ab74a4a15213ef9e.jpg,original
ab9694a5b31f6f83.jpg,12,ab9694a5b31f6f83.jpg,original
abb3f1590ca9067a.jpg,13,abb3f1590ca9067a.jpg,original
abcadd0c3e61c71a.jpg,16,abcadd0c3e61c71a.jpg,original
abd972d50ca65f09.jpg,9,abd972d50ca65f09.jpg,original
ac1d061d87b5a8e2.jpg,8,ac1d061d87b5a8e2.jpg,original
ac3fb4876300c2cb.jpg,6,ac3fb4876300c2cb.jpg,original
acffd0c2090afaa9.jpg,6,acffd0c2090afaa9.jpg,original
ad92317dc3cc952d.jpg,2,ad92317dc3cc952d.jpg,original
ada70219203e6139.jpg,0,ada70219203e6139.jpg,original
ada70daa72066d50.jpg,13,ada70daa72066d50.jpg,original
add22a42c2c89ff7.jpg,8,add22a42c2c89ff7.jpg,original
ade3fec2ce27a123.jpg,3,ade3fec2ce27a123.jpg,original
ae716e6f75abc9e1.jpg,15,ae716e6f75abc9e1.jpg,original
ae7a90e7eec6afa2.jpg,9,ae7a90e7eec6afa2.jpg,original
ae967d9ebd4d4d6d.jpg,2,ae967d9ebd4d4d6d.jpg,original
aea1e441afe77b1b.jpg,15,aea1e441afe77b1b.jpg,original
aeb440fc15e17b2f.jpg,9,aeb440fc15e17b2f.jpg,original
aec62dced7af97cd.jpg,14,aec62dced7af97cd.jpg,original
af43b44a806fb52f.jpg,12,af43b44a806fb52f.jpg,original
af650bfc45cb3c46.jpg,3,af650bfc45cb3c46.jpg,original
af7482673fe0ba63.jpg,10,af7482673fe0ba63.jpg,original
af98b23b8a69ce68.jpg,6,af98b23b8a69ce68.jpg,original
afc20ff874b0c11d.jpg,6,afc20ff874b0c11d.jpg,original
b047a4e2d880c3df.jpg,0,b047a4e2d880c3df.jpg,original
b0579fc08290eb15.jpg,13,b0579fc08290eb15.jpg,original
b0ab48967aaabefe.jpg,13,b0ab48967aaabefe.jpg,original
b0bb8e8b8cee9f80.jpg,11,b0bb8e8b8cee9f80.jpg,original
b11635eb655b6717.jpg,11,b11635eb655b6717.jpg,original
b141a5c55d387a8a.jpg,6,b141a5c55d387a8a.jpg,original
b16aa9a699ba0403.jpg,9,b16aa9a699ba0403.jpg,original
b1b8135883880397.jpg,6,b1b8135883880397.jpg,original
b1b8d8ba5cc17be8.jpg,6,b1b8d8ba5cc17be8.jpg,original
b1d97ec7d7796742.jpg,9,b1d97ec7d7796742.jpg,original
b1dad2db5c2de2da.jpg,15,b1dad2db5c2de2da.jpg,original
b1df49cbaeaf5ad9.jpg,13,b1df49cbaeaf5ad9.jpg,original
b1f002569b26956e.jpg,0,b1f002569b26956e.jpg,original
b1ff3463ccf4d719.jpg,4,b1ff3463ccf4d719.jpg,original
b2062857386ce836.jpg,2,b2062857386ce836.jpg,original
b239e732f103515a.jpg,12,b239e732f103515a.jpg,original
b24e858828f3c79f.jpg,2,b24e858828f3c79f.jpg,original
b25309511ca8cddb.jpg,9,b25309511ca8cddb.jpg,original
b27747c52c58fc0b.jpg,16,b27747c52c58fc0b.jpg,original
b28682210d4add0c.jpg,2,b28682210d4add0c.jpg,original
b2eda80548c86f2b.jpg,7,b2eda80548c86f2b.jpg,original
b309880a38eba04a.jpg,11,b309880a38eba04a.jpg,original
b394d57c38b043cb.jpg,11,b394d57c38b043cb.jpg,original
b3d7489cf80ef539.jpg,6,b3d7489cf80ef539.jpg,original
b3d82ea13c1b6cc6.jpg,6,b3d82ea13c1b6cc6.jpg,original
b41de9491b14ca00.jpg,5,b41de9491b14ca00.jpg,original
b4558f9fbab01ca6.jpg,11,b4558f9fbab01ca6.jpg,original
b460c73d31e47772.jpg,15,b460c73d31e47772.jpg,original
b4cd97437f509da2.jpg,6,b4cd97437f509da2.jpg,original
b4d81dc41055abf2.jpg,14,b4d81dc41055abf2.jpg,original
b4da5d68e78551d3.jpg,2,b4da5d68e78551d3.jpg,original
b4daa4c7cda3e0cc.jpg,5,b4daa4c7cda3e0cc.jpg,original
b592bfc7d0cb9458.jpg,2,b592bfc7d0cb9458.jpg,original
b5c66bc6a81dafc9.jpg,7,b5c66bc6a81dafc9.jpg,original
b61ae52dc266394f.jpg,8,b61ae52dc266394f.jpg,original
b64702697731f418.jpg,12,b64702697731f418.jpg,original
b6c45bbd0d5173c6.jpg,1,b6c45bbd0d5173c6.jpg,original
b6c8b10d1ffb2160.jpg,9,b6c8b10d1ffb2160.jpg,original
b6e11083f16bdf8d.jpg,9,b6e11083f16bdf8d.jpg,original
b6fead8b27b09f6a.jpg,8,b6fead8b27b09f6a.jpg,original
b705ffb2eceba8b2.jpg,16,b705ffb2eceba8b2.jpg,original
b709b64897d9233f.jpg,3,b709b64897d9233f.jpg,original
b7337d87a1d2bb91.jpg,5,b7337d87a1d2bb91.jpg,original
b7389314404b2d96.jpg,4,b7389314404b2d96.jpg,original
b73a389fc25cfd4e.jpg,9,b73a389fc25cfd4e.jpg,original
b7423812e6c1bc67.jpg,3,b7423812e6c1bc67.jpg,original
b77db39aea710089.jpg,4,b77db39aea710089.jpg,original
b7f64df2b1a77e94.jpg,9,b7f64df2b1a77e94.jpg,original
b809e8d859f82012.jpg,6,b809e8d859f82012.jpg,original
b827c05dd3feaaaf.jpg,13,b827c05dd3feaaaf.jpg,original
b85142f970ee0423.jpg,6,b85142f970ee0423.jpg,original
b8685851e07c5f80.jpg,4,b8685851e07c5f80.jpg,original
b88ae140750180cc.jpg,11,b88ae140750180cc.jpg,original
b89c776a6a4b375b.jpg,4,b89c776a6a4b375b.jpg,original
b8ff531e7d91e362.jpg,11,b8ff531e7d91e362.jpg,original
b92152203e68a586.jpg,4,b92152203e68a586.jpg,original
b965827e74ee614b.jpg,6,b965827e74ee614b.jpg,original
b98c9e7804e8b6dd.jpg,12,b98c9e7804e8b6dd.jpg,original
b993227004156755.jpg,4,b993227004156755.jpg,original
b9997c0ada6471e2.jpg,0,b9997c0ada6471e2.jpg,original
ba133d22f8f3ba10.jpg,0,ba133d22f8f3ba10.jpg,original
ba3e6247c27fa06f.jpg,6,ba3e6247c27fa06f.jpg,original
ba579593a4909f6e.jpg,13,ba579593a4909f6e.jpg,original
ba95708686a33f50.jpg,2,ba95708686a33f50.jpg,original
ba992ca72aaf3677.jpg,9,ba992ca72aaf3677.jpg,original
baa0f051beaf049f.jpg,13,baa0f051beaf049f.jpg,original
baa80f147d1bcefc.jpg,4,baa80f147d1bcefc.jpg,original
bad74cc95cee3c75.jpg,0,bad74cc95cee3c75.jpg,original
bb4d477b8ffb8c11.jpg,6,bb4d477b8ffb8c11.jpg,original
bbb3c7c897a279c6.jpg,3,bbb3c7c897a279c6.jpg,original
bbc6a1043212c631.jpg,14,bbc6a1043212c631.jpg,original
bbebabe123611f14.jpg,16,bbebabe123611f14.jpg,original
bc41f760002af33d.jpg,6,bc41f760002af33d.jpg,original
bc4ec38de4b79c75.jpg,13,bc4ec38de4b79c75.jpg,original
bc6ba73d79a2936c.jpg,8,bc6ba73d79a2936c.jpg,original
bc78e06b69c5f683.jpg,5,bc78e06b69c5f683.jpg,original
bc90aa6ad32aac6c.jpg,15,bc90aa6ad32aac6c.jpg,original
bcb61c4330131a1b.jpg,1,bcb61c4330131a1b.jpg,original
bcce67ca3fec6158.jpg,12,bcce67ca3fec6158.jpg,original
bcdf3ca09b310143.jpg,3,bcdf3ca09b310143.jpg,original
bcf9041be7ebbe73.jpg,12,bcf9041be7ebbe73.jpg,original
bcfa1ce6259aaedd.jpg,5,bcfa1ce6259aaedd.jpg,original
bd0a254053c10ea2.jpg,6,bd0a254053c10ea2.jpg,original
bd0b198dd441f11b.jpg,12,bd0b198dd441f11b.jpg,original
bd531feb80c89f9e.jpg,10,bd531feb80c89f9e.jpg,original
bd7d6479be4c286f.jpg,15,bd7d6479be4c286f.jpg,original
bdc0e937c23d0544.jpg,0,bdc0e937c23d0544.jpg,original
bdf1bd840d1db82c.jpg,5,bdf1bd840d1db82c.jpg,original
be06420485ba2d7e.jpg,10,be06420485ba2d7e.jpg,original
be123b817a13676e.jpg,16,be123b817a13676e.jpg,original
be3aed2be00fd713.jpg,4,be3aed2be00fd713.jpg,original
be6311cc2841ba1f.jpg,7,be6311cc2841ba1f.jpg,original
be891ff3fe2d692c.jpg,0,be891ff3fe2d692c.jpg,original
bec303ba8b70ae3c.jpg,12,bec303ba8b70ae3c.jpg,original
bf04a8fc221acd6a.jpg,6,bf04a8fc221acd6a.jpg,original
bf1fb5abdc6da644.jpg,9,bf1fb5abdc6da644.jpg,original
bf3057365931822c.jpg,0,bf3057365931822c.jpg,original
bf378d29d811faa8.jpg,11,bf378d29d811faa8.jpg,original
bf7b8a3fac473a79.jpg,14,bf7b8a3fac473a79.jpg,original
bfc53da0b7ae4512.jpg,5,bfc53da0b7ae4512.jpg,original
bfc9fd388bfecaaf.jpg,5,bfc9fd388bfecaaf.jpg,original
bfd6d17b01b792f6.jpg,8,bfd6d17b01b792f6.jpg,original
bff16e0005d7db3f.jpg,5,bff16e0005d7db3f.jpg,original
bff29317b6ccb64f.jpg,0,bff29317b6ccb64f.jpg,original
c039533391ddbe53.jpg,7,c039533391ddbe53.jpg,original
c0b2875c14ceca0c.jpg,6,c0b2875c14ceca0c.jpg,original
c0c9be1b3c32fc17.jpg,10,c0c9be1b3c32fc17.jpg,original
c0ceb27fdfaa4aaf.jpg,3,c0ceb27fdfaa4aaf.jpg,original
c0d43c9035f7d2b6.jpg,3,c0d43c9035f7d2b6.jpg,original
c1599db9cd8c2c16.jpg,5,c1599db9cd8c2c16.jpg,original
c15f16d268849ead.jpg,10,c15f16d268849ead.jpg,original
c17d5a6399b48237.jpg,13,c17d5a6399b48237.jpg,original
c1887a6dc532382e.jpg,2,c1887a6dc532382e.jpg,original
c1aca4acf4fb283a.jpg,11,c1aca4acf4fb283a.jpg,original
c1f03fc1895ae807.jpg,5,c1f03fc1895ae807.jpg,original
c1fb3a3c0c08a60e.jpg,10,c1fb3a3c0c08a60e.jpg,original
c2ca16445db5d2c3.jpg,16,c2ca16445db5d2c3.jpg,original
c3151ab7322102cf.jpg,10,c3151ab7322102cf.jpg,original
c31be94e5376afae.jpg,12,c31be94e5376afae.jpg,original
c321d18c9bb4ba62.jpg,9,c321d18c9bb4ba62.jpg,original
c323c86de8033ad1.jpg,14,c323c86de8033ad1.jpg,original
c33f7435e4f272aa.jpg,12,c33f7435e4f272aa.jpg,original
c3629889f845bd50.jpg,4,c3629889f845bd50.jpg,original
c3710912d03b5dd0.jpg,8,c3710912d03b5dd0.jpg,original
c3b5a1ba4ae955bb.jpg,0,c3b5a1ba4ae955bb.jpg,original
c3e5e2030b188c1f.jpg,7,c3e5e2030b188c1f.jpg,original
c422f59c88c685f1.jpg,6,c422f59c88c685f1.jpg,original
c42701ce3e5636c5.jpg,6,c42701ce3e5636c5.jpg,original
c4430e6c1890dbb8.jpg,9,c4430e6c1890dbb8.jpg,original
c44859ca0d76f24f.jpg,15,c44859ca0d76f24f.jpg,original
c44dd5fb74c16964.jpg,3,c44dd5fb74c16964.jpg,original
c4710223093a582e.jpg,8,c4710223093a582e.jpg,original
c4775dd3b2c001c4.jpg,9,c4775dd3b2c001c4.jpg,original
c4d29037087545be.jpg,10,c4d29037087545be.jpg,original
c4d29f41a651b7b1.jpg,15,c4d29f41a651b7b1.jpg,original
c5182ab809478f12.jpg,14,c5182ab809478f12.jpg,original
c538d48d8f555ac8.jpg,11,c538d48d8f555ac8.jpg,original
c5ef103918f0d6b3.jpg,2,c5ef103918f0d6b3.jpg,original
c5f68f14522cc55e.jpg,11,c5f68f14522cc55e.jpg,original
c6016c1685ebb58a.jpg,0,c6016c1685ebb58a.jpg,original
c6370d4f08c1783d.jpg,13,c6370d4f08c1783d.jpg,original
c65feabfec6f59c2.jpg,6,c65feabfec6f59c2.jpg,original
c688423e265502b4.jpg,8,c688423e265502b4.jpg,original
c6a2d4c6b2b1dae8.jpg,8,c6a2d4c6b2b1dae8.jpg,original
c70d7245dd936788.jpg,4,c70d7245dd936788.jpg,original
c730c8081765dd47.jpg,5,c730c8081765dd47.jpg,original
c7315ae3066ad68d.jpg,16,c7315ae3066ad68d.jpg,original
c761bd0d7cd5f9fe.jpg,10,c761bd0d7cd5f9fe.jpg,original
c766e48a1e3cc8d2.jpg,12,c766e48a1e3cc8d2.jpg,original
c793848f5d0eb63b.jpg,10,c793848f5d0eb63b.jpg,original
c7d8b8df37ef1e65.jpg,6,c7d8b8df37ef1e65.jpg,original
c82156758abf1e7f.jpg,1,c82156758abf1e7f.jpg,original
c82ac5539a83f7f1.jpg,6,c82ac5539a83f7f1.jpg,original
c82e4e5709492578.jpg,9,c82e4e5709492578.jpg,original
c85e690b7fe577ad.jpg,10,c85e690b7fe577ad.jpg,original
c8816965abf6559b.jpg,1,c8816965abf6559b.jpg,original
c8cd1751b80440c2.jpg,7,c8cd1751b80440c2.jpg,original
c8d19b87f856bbcd.jpg,16,c8d19b87f856bbcd.jpg,original
c8ef1b2fdb8dbace.jpg,12,c8ef1b2fdb8dbace.jpg,original
c8f654044180fe34.jpg,10,c8f654044180fe34.jpg,original
c94b35147a6bfffb.jpg,16,c94b35147a6bfffb.jpg,original
c967607b85f769e7.jpg,15,c967607b85f769e7.jpg,original
c9ac57bc993e5a8b.jpg,3,c9ac57bc993e5a8b.jpg,original
c9c9b4e30805f103.jpg,16,c9c9b4e30805f103.jpg,original
ca591b04903dc675.jpg,15,ca591b04903dc675.jpg,original
ca977774f8c03b0e.jpg,2,ca977774f8c03b0e.jpg,original
cacb9b845f887624.jpg,15,cacb9b845f887624.jpg,original
cad7b583d69307dd.jpg,16,cad7b583d69307dd.jpg,original
cb21eaf0f58e325a.jpg,9,cb21eaf0f58e325a.jpg,original
cb3110eed656c439.jpg,2,cb3110eed656c439.jpg,original
cb59f25e8cd30a04.jpg,9,cb59f25e8cd30a04.jpg,original
cb6f5cd693d1c7f4.jpg,12,cb6f5cd693d1c7f4.jpg,original
cb80827b28619aa2.jpg,3,cb80827b28619aa2.jpg,original
cb866948ad41d6e8.jpg,12,cb866948ad41d6e8.jpg,original
cc1e5c1d963df965.jpg,5,cc1e5c1d963df965.jpg,original
cc25ee18ef8d5dcf.jpg,2,cc25ee18ef8d5dcf.jpg,original
cc26b4fc96adaa29.jpg,14,cc26b4fc96adaa29.jpg,original
ccc64f3e96eda192.jpg,5,ccc64f3e96eda192.jpg,original
cccf87c6733070d5.jpg,12,cccf87c6733070d5.jpg,original
ccd4f6c0d9704c4f.jpg,5,ccd4f6c0d9704c4f.jpg,original
ccda0529911b2f64.jpg,16,ccda0529911b2f64.jpg,original
cce8a2522a4db5f7.jpg,4,cce8a2522a4db5f7.jpg,original
ccfaed3108b0c1ca.jpg,5,ccfaed3108b0c1ca.jpg,original
cd0c40a03c3f9344.jpg,13,cd0c40a03c3f9344.jpg,original
cd0f485de1be0538.jpg,1,cd0f485de1be0538.jpg,original
cd109051fb268282.jpg,2,cd109051fb268282.jpg,original
cd1b66521a617f76.jpg,12,cd1b66521a617f76.jpg,original
cd6631958980681a.jpg,5,cd6631958980681a.jpg,original
cda2f69e86a3dd46.jpg,2,cda2f69e86a3dd46.jpg,original
ce20ee390833e1ed.jpg,4,ce20ee390833e1ed.jpg,original
ce92390124ba79ba.jpg,2,ce92390124ba79ba.jpg,original
cec6675f8c39147c.jpg,1,cec6675f8c39147c.jpg,original
cedaedb6431d1a40.jpg,9,cedaedb6431d1a40.jpg,original
cee86faf6225599e.jpg,7,cee86faf6225599e.jpg,original
cefa1db5be4030ee.jpg,0,cefa1db5be4030ee.jpg,original
cfdc16c65341f660.jpg,3,cfdc16c65341f660.jpg,original
cfe47bfe762f45ac.jpg,4,cfe47bfe762f45ac.jpg,original
d002fb843172f79c.jpg,3,d002fb843172f79c.jpg,original
d017e0633aa9883d.jpg,9,d017e0633aa9883d.jpg,original
d037ac95ca3d0aa8.jpg,6,d037ac95ca3d0aa8.jpg,original
d074a29e97aee277.jpg,10,d074a29e97aee277.jpg,original
d0a5557b10e84eda.jpg,15,d0a5557b10e84eda.jpg,original
d1278f7e49b24296.jpg,15,d1278f7e49b24296.jpg,original
d17e596e8baca59b.jpg,14,d17e596e8baca59b.jpg,original
d1b668ee2329c564.jpg,14,d1b668ee2329c564.jpg,original
d1c2651c46b5a95b.jpg,11,d1c2651c46b5a95b.jpg,original
d1cf22ae4426f919.jpg,13,d1cf22ae4426f919.jpg,original
d1e5c572377e11de.jpg,15,d1e5c572377e11de.jpg,original
d21e7085a6dc07dc.jpg,15,d21e7085a6dc07dc.jpg,original
d23b442f24f92dba.jpg,3,d23b442f24f92dba.jpg,original
d24281f1c99057fb.jpg,2,d24281f1c99057fb.jpg,original
d26e9455cfbf6083.jpg,13,d26e9455cfbf6083.jpg,original
d277a4cd000dfeca.jpg,2,d277a4cd000dfeca.jpg,original
d35ae77a02c90d79.jpg,2,d35ae77a02c90d79.jpg,original
d364910163665575.jpg,1,d364910163665575.jpg,original
d3cee1f3930e027e.jpg,0,d3cee1f3930e027e.jpg,original
d3e031f53d443c33.jpg,11,d3e031f53d443c33.jpg,original
d41f82a2e58ebf33.jpg,3,d41f82a2e58ebf33.jpg,original
d422262eb6aa6033.jpg,14,d422262eb6aa6033.jpg,original
d458c9a6ba50efe9.jpg,0,d458c9a6ba50efe9.jpg,original
d479e89ccd1ac5f9.jpg,3,d479e89ccd1ac5f9.jpg,original
d47d31e47169ccdf.jpg,4,d47d31e47169ccdf.jpg,original
d4d769d2926648a3.jpg,4,d4d769d2926648a3.jpg,original
d4dcb750454d78a4.jpg,3,d4dcb750454d78a4.jpg,original
d4f437fd7e06b4b2.jpg,8,d4f437fd7e06b4b2.jpg,original
d53c969a42faa2ad.jpg,8,d53c969a42faa2ad.jpg,original
d54f10f7792df3ec.jpg,7,d54f10f7792df3ec.jpg,original
d5519b4b4b4b23f8.jpg,10,d5519b4b4b4b23f8.jpg,original
d5a441151b29db20.jpg,16,d5a441151b29db20.jpg,original
d5da20ecbe8e1f20.jpg,5,d5da20ecbe8e1f20.jpg,original
d5f879880827292a.jpg,0,d5f879880827292a.jpg,original
d6340a38d264a3e7.jpg,8,d6340a38d264a3e7.jpg,original
d66992280008c1a7.jpg,6,d66992280008c1a7.jpg,original
d696cd78fe51ca3c.jpg,9,d696cd78fe51ca3c.jpg,original
d6a347d526941e79.jpg,4,d6a347d526941e79.jpg,original
d6e84bf25de1298a.jpg,16,d6e84bf25de1298a.jpg,original
d6fd226e72a20844.jpg,5,d6fd226e72a20844.jpg,original
d701754e411dcacb.jpg,10,d701754e411dcacb.jpg,original
d702a1dd3f401796.jpg,13,d702a1dd3f401796.jpg,original
d77f9822b3b488ca.jpg,12,d77f9822b3b488ca.jpg,original
d782187345e0abb0.jpg,8,d782187345e0abb0.jpg,original
d78d08f7feeb2225.jpg,15,d78d08f7feeb2225.jpg,original
d7c87417d07bf009.jpg,2,d7c87417d07bf009.jpg,original
d7fca020e6e4f207.jpg,2,d7fca020e6e4f207.jpg,original
d8324d4abf1bc4d3.jpg,0,d8324d4abf1bc4d3.jpg,original
d86e3238942b9aa4.jpg,0,d86e3238942b9aa4.jpg,original
d87fe6344741e8e4.jpg,7,d87fe6344741e8e4.jpg,original
d89fe6f4cf91aa6e.jpg,5,d89fe6f4cf91aa6e.jpg,original
d8aaa3f48085a68c.jpg,11,d8aaa3f48085a68c.jpg,original
d8adab6dfec3d43e.jpg,15,d8adab6dfec3d43e.jpg,original
d8e55600369f078c.jpg,0,d8e55600369f078c.jpg,original
d8ebc588e0c30142.jpg,13,d8ebc588e0c30142.jpg,original
d8ec671533223806.jpg,4,d8ec671533223806.jpg,original
d919dabe9f066dfc.jpg,1,d919dabe9f066dfc.jpg,original
d9258ffd43db6b98.jpg,7,d9258ffd43db6b98.jpg,original
d941da0b32375b7b.jpg,15,d941da0b32375b7b.jpg,original
d9bea6946b172732.jpg,15,d9bea6946b172732.jpg,original
d9e230e42838eb4f.jpg,7,d9e230e42838eb4f.jpg,original
d9eb325083ab816a.jpg,15,d9eb325083ab816a.jpg,original
d9ed91bef08431ec.jpg,2,d9ed91bef08431ec.jpg,original
da00cfad134c5c38.jpg,2,da00cfad134c5c38.jpg,original
da39b6ee680e0bb4.jpg,0,da39b6ee680e0bb4.jpg,original
da4e329a0b061ab5.jpg,3,da4e329a0b061ab5.jpg,original
da57d8eefd3cb622.jpg,6,da57d8eefd3cb622.jpg,original
da67a6969f407128.jpg,8,da67a6969f407128.jpg,original
da79b432d36e053f.jpg,8,da79b432d36e053f.jpg,original
da9a22b593000ffe.jpg,16,da9a22b593000ffe.jpg,original
dac2e72086a27f34.jpg,12,dac2e72086a27f34.jpg,original
db0ad34838522238.jpg,8,db0ad34838522238.jpg,original
db492340c2e628ef.jpg,4,db492340c2e628ef.jpg,original
db89ff8cb21d23aa.jpg,8,db89ff8cb21d23aa.jpg,original
dbb528dd3595f820.jpg,15,dbb528dd3595f820.jpg,original
dbfa65dfa6f60e01.jpg,10,dbfa65dfa6f60e01.jpg,original
dc15f16dbca38f7e.jpg,15,dc15f16dbca38f7e.jpg,original
dc4896b07123ad90.jpg,9,dc4896b07123ad90.jpg,original
dc85f3f23b1b8016.jpg,8,dc85f3f23b1b8016.jpg,original
dca043709cbafcb1.jpg,4,dca043709cbafcb1.jpg,original
dca9c3da2fd10251.jpg,7,dca9c3da2fd10251.jpg,original
dcc092f954e12d07.jpg,3,dcc092f954e12d07.jpg,original
dd0453cee3db2cf1.jpg,6,dd0453cee3db2cf1.jpg,original
dd499c243ecdd300.jpg,10,dd499c243ecdd300.jpg,original
dd890b6a9b2785e0.jpg,3,dd890b6a9b2785e0.jpg,original
dd95257e86c7c378.jpg,3,dd95257e86c7c378.jpg,original
dda2df9797b370e7.jpg,3,dda2df9797b370e7.jpg,original
ddecf32796ba59fb.jpg,2,ddecf32796ba59fb.jpg,original
de59e243f720f8e6.jpg,0,de59e243f720f8e6.jpg,original
de6debaeedbdabac.jpg,11,de6debaeedbdabac.jpg,original
de7d9f54a1bc2676.jpg,15,de7d9f54a1bc2676.jpg,original
de884241d9d56c7d.jpg,6,de884241d9d56c7d.jpg,original
defb0614f6e98814.jpg,9,defb0614f6e98814.jpg,original
df03f4facff2b3e7.jpg,3,df03f4facff2b3e7.jpg,original
df1caa3d9f344b5a.jpg,0,df1caa3d9f344b5a.jpg,original
df29ecbe84bcb5af.jpg,6,df29ecbe84bcb5af.jpg,original
df5de038a077c34a.jpg,0,df5de038a077c34a.jpg,original
df7d7932966d7e22.jpg,3,df7d7932966d7e22.jpg,original
dfa798b40397760b.jpg,11,dfa798b40397760b.jpg,original
dfbcc39a0cd12380.jpg,3,dfbcc39a0cd12380.jpg,original
e01f894df0a13db3.jpg,14,e01f894df0a13db3.jpg,original
e0309e1e1f05b1fd.jpg,3,e0309e1e1f05b1fd.jpg,original
e12e704f6a1fc07d.jpg,10,e12e704f6a1fc07d.jpg,original
e1d072534e243f52.jpg,10,e1d072534e243f52.jpg,original
e1df80668c20548f.jpg,13,e1df80668c20548f.jpg,original
e1e40eaeb4a377d1.jpg,1,e1e40eaeb4a377d1.jpg,original
e1e672f2d5adb64c.jpg,15,e1e672f2d5adb64c.jpg,original
e301e19ee1a735cd.jpg,0,e301e19ee1a735cd.jpg,original
e30915406d9b20de.jpg,13,e30915406d9b20de.jpg,original
e38d037e758fb18b.jpg,0,e38d037e758fb18b.jpg,original
e3a0e3c88dd2de8c.jpg,9,e3a0e3c88dd2de8c.jpg,original
e3b44c1a14dba712.jpg,9,e3b44c1a14dba712.jpg,original
e3ea1b4f435379a5.jpg,11,e3ea1b4f435379a5.jpg,original
e4073ae0f5024903.jpg,6,e4073ae0f5024903.jpg,original
e45d30315e6f3991.jpg,16,e45d30315e6f3991.jpg,original
e486affcd2c365ff.jpg,6,e486affcd2c365ff.jpg,original
e4875d47b263b7eb.jpg,2,e4875d47b263b7eb.jpg,original
e48c0e53c74b01b6.jpg,5,e48c0e53c74b01b6.jpg,original
e4ab16b5d1f26991.jpg,15,e4ab16b5d1f26991.jpg,original
e4b25bf0fc41b317.jpg,16,e4b25bf0fc41b317.jpg,original
e4bf926244810e1b.jpg,7,e4bf926244810e1b.jpg,original
e4ed17241d8f43f5.jpg,14,e4ed17241d8f43f5.jpg,original
e525e58288d02d1d.jpg,12,e525e58288d02d1d.jpg,original
e55e2da78637ab9a.jpg,15,e55e2da78637ab9a.jpg,original
e5a0d2a785508cfb.jpg,0,e5a0d2a785508cfb.jpg,original
e5bb1ca65bedae64.jpg,5,e5bb1ca65bedae64.jpg,original
e5e16f4d12999a48.jpg,2,e5e16f4d12999a48.jpg,original
e5ec5c7ccc335b80.jpg,2,e5ec5c7ccc335b80.jpg,original
e61d239495689428.jpg,1,e61d239495689428.jpg,original
e65f8e245c0d50b0.jpg,10,e65f8e245c0d50b0.jpg,original
e681d2d298112992.jpg,7,e681d2d298112992.jpg,original
e6973dbaa30ba7c3.jpg,11,e6973dbaa30ba7c3.jpg,original
e69f671605b83b31.jpg,1,e69f671605b83b31.jpg,original
e6b7972300792a1d.jpg,5,e6b7972300792a1d.jpg,original
e6e4186f462c590e.jpg,16,e6e4186f462c590e.jpg,original
e73de97b7c6ac109.jpg,2,e73de97b7c6ac109.jpg,original
e77a343897a1b845.jpg,7,e77a343897a1b845.jpg,original
e7d48e33b1fc4dfb.jpg,12,e7d48e33b1fc4dfb.jpg,original
e83156483c34d2ee.jpg,8,e83156483c34d2ee.jpg,original
e837dfbead851488.jpg,11,e837dfbead851488.jpg,original
e887b53c900b4133.jpg,1,e887b53c900b4133.jpg,original
e894c83f1cb6efac.jpg,3,e894c83f1cb6efac.jpg,original
e8c0c381c02201c9.jpg,11,e8c0c381c02201c9.jpg,original
e8cd3ebad02d1de5.jpg,8,e8cd3ebad02d1de5.jpg,original
e8cf8d1415370974.jpg,14,e8cf8d1415370974.jpg,original
e8db1707653dc637.jpg,3,e8db1707653dc637.jpg,original
e8e698529229a72a.jpg,10,e8e698529229a72a.jpg,original
e8e8dd06a96f2586.jpg,16,e8e8dd06a96f2586.jpg,original
e8f3120294aca53f.jpg,5,e8f3120294aca53f.jpg,original
e94cb361c4d52900.jpg,8,e94cb361c4d52900.jpg,original
e985d6cb79c79810.jpg,4,e985d6cb79c79810.jpg,original
e9bab9b6d33881eb.jpg,4,e9bab9b6d33881eb.jpg,original
ea27639c57e9b7d8.jpg,9,ea27639c57e9b7d8.jpg,original
ea2d8812bee62658.jpg,5,ea2d8812bee62658.jpg,original
ea379b41d59cec36.jpg,9,ea379b41d59cec36.jpg,original
ea67bd6071524b75.jpg,11,ea67bd6071524b75.jpg,original
eab87d51f62cb63e.jpg,0,eab87d51f62cb63e.jpg,original
eaf147f1f7c77fd6.jpg,4,eaf147f1f7c77fd6.jpg,original
eb1d69cc1a225f74.jpg,11,eb1d69cc1a225f74.jpg,original
eb5b733a2cc77155.jpg,2,eb5b733a2cc77155.jpg,original
ebbe01aaff327255.jpg,14,ebbe01aaff327255.jpg,original
ebc1b6158a726e1b.jpg,10,ebc1b6158a726e1b.jpg,original
ebd978302b4de8c5.jpg,9,ebd978302b4de8c5.jpg,original
ebdb6f14d9876caa.jpg,8,ebdb6f14d9876caa.jpg,original
ec0566c54c4cd5af.jpg,15,ec0566c54c4cd5af.jpg,original
ec5944aa6f505347.jpg,11,ec5944aa6f505347.jpg,original
ecb7bb9b2d758680.jpg,11,ecb7bb9b2d758680.jpg,original
ecbc01d97196b70a.jpg,0,ecbc01d97196b70a.jpg,original
ed3ef233d552beb3.jpg,5,ed3ef233d552beb3.jpg,original
ed58f4602c2b900f.jpg,16,ed58f4602c2b900f.jpg,original
ed5a4e5d317038eb.jpg,8,ed5a4e5d317038eb.jpg,original
ed6965390c27e093.jpg,9,ed6965390c27e093.jpg,original
edabe0ee29af0f71.jpg,10,edabe0ee29af0f71.jpg,original
edbce4c482ef0ca5.jpg,8,edbce4c482ef0ca5.jpg,original
edbf627d7217a4af.jpg,9,edbf627d7217a4af.jpg,original
edd68ccff7032f5e.jpg,8,edd68ccff7032f5e.jpg,original
ede6635db719d5b7.jpg,3,ede6635db719d5b7.jpg,original
ee28c456f43bff84.jpg,4,ee28c456f43bff84.jpg,original
ee44ae70132a1882.jpg,0,ee44ae70132a1882.jpg,original
ee459b37af794ed7.jpg,0,ee459b37af794ed7.jpg,original
ee4a18281036112e.jpg,15,ee4a18281036112e.jpg,original
ee655aa579958dab.jpg,15,ee655aa579958dab.jpg,original
ee943015dc2fda3b.jpg,0,ee943015dc2fda3b.jpg,original
ef1e64cf23af5029.jpg,2,ef1e64cf23af5029.jpg,original
ef20ff8f143bfafc.jpg,5,ef20ff8f143bfafc.jpg,original
ef2bf2a6aa6f525d.jpg,14,ef2bf2a6aa6f525d.jpg,original
ef48d12d2e4ff667.jpg,15,ef48d12d2e4ff667.jpg,original
ef58942d1d7307fa.jpg,6,ef58942d1d7307fa.jpg,original
efb9805cc6106c48.jpg,6,efb9805cc6106c48.jpg,original
efd4eca4cf555c9c.jpg,8,efd4eca4cf555c9c.jpg,original
efe9e1842d56c038.jpg,9,efe9e1842d56c038.jpg,original
f061a4d1f9a12a9d.jpg,3,f061a4d1f9a12a9d.jpg,original
f0c0ce213221e4c1.jpg,3,f0c0ce213221e4c1.jpg,original
f0d11155d48758de.jpg,1,f0d11155d48758de.jpg,original
f111c0504fbd9b4a.jpg,9,f111c0504fbd9b4a.jpg,original
f15534042b2fe647.jpg,2,f15534042b2fe647.jpg,original
f185764e6c371e7b.jpg,2,f185764e6c371e7b.jpg,original
f2079413e6c49f35.jpg,8,f2079413e6c49f35.jpg,original
f21a8b486a1c8077.jpg,16,f21a8b486a1c8077.jpg,original
f21d717d6df9c74d.jpg,16,f21d717d6df9c74d.jpg,original
f22ee2bc97dfaacb.jpg,2,f22ee2bc97dfaacb.jpg,original
f230a7ad534c49a6.jpg,6,f230a7ad534c49a6.jpg,original
f23244d093034a7e.jpg,4,f23244d093034a7e.jpg,original
f240b7e2b3f64ba0.jpg,0,f240b7e2b3f64ba0.jpg,original
f26f68c2c5db8b9b.jpg,8,f26f68c2c5db8b9b.jpg,original
f271e8aa74800bae.jpg,9,f271e8aa74800bae.jpg,original
f2d8a196eade5657.jpg,11,f2d8a196eade5657.jpg,original
f3288f19fb0f2b75.jpg,14,f3288f19fb0f2b75.jpg,original
f3451b2510437eba.jpg,14,f3451b2510437eba.jpg,original
f35b36871c75494a.jpg,4,f35b36871c75494a.jpg,original
f3d4cabc480bfc06.jpg,14,f3d4cabc480bfc06.jpg,original
f3d71b46eaba052c.jpg,8,f3d71b46eaba052c.jpg,original
f45f490c82c43c39.jpg,5,f45f490c82c43c39.jpg,original
f4775a882a619874.jpg,2,f4775a882a619874.jpg,original
f48bfe5c8b9948b4.jpg,9,f48bfe5c8b9948b4.jpg,original
f4d4c7510f579845.jpg,16,f4d4c7510f579845.jpg,original
f4ed57b980215e6d.jpg,16,f4ed57b980215e6d.jpg,original
f4fa7f3070cf4203.jpg,13,f4fa7f3070cf4203.jpg,original
f5ea433b1cf5757d.jpg,13,f5ea433b1cf5757d.jpg,original
f600c9bd27ad3bcf.jpg,10,f600c9bd27ad3bcf.jpg,original
f639384a02c71efd.jpg,7,f639384a02c71efd.jpg,original
f658d910990982f7.jpg,4,f658d910990982f7.jpg,original
f66cc08a628bc668.jpg,7,f66cc08a628bc668.jpg,original
f695cf40f51a910c.jpg,0,f695cf40f51a910c.jpg,original
f6a6192b791a65a1.jpg,0,f6a6192b791a65a1.jpg,original
f759a6c7482b66b0.jpg,15,f759a6c7482b66b0.jpg,original
f788a023a71dd962.jpg,15,f788a023a71dd962.jpg,original
f7a8b8730ac4a993.jpg,15,f7a8b8730ac4a993.jpg,original
f7adaf5535c0ba79.jpg,12,f7adaf5535c0ba79.jpg,original
f7b8a56acc3d85c7.jpg,12,f7b8a56acc3d85c7.jpg,original
f82b35c533b6fa81.jpg,8,f82b35c533b6fa81.jpg,original
f8a6ddf714baa3ec.jpg,10,f8a6ddf714baa3ec.jpg,original
f8e30abea6d91d16.jpg,12,f8e30abea6d91d16.jpg,original
f91e11f9cf1fd712.jpg,15,f91e11f9cf1fd712.jpg,original
f9b5addf7a5b4407.jpg,4,f9b5addf7a5b4407.jpg,original
f9bfe5eae7d723ce.jpg,7,f9bfe5eae7d723ce.jpg,original
f9da59df0d43b302.jpg,16,f9da59df0d43b302.jpg,original
f9e939c205cea5c6.jpg,7,f9e939c205cea5c6.jpg,original
f9ebb85e2929b388.jpg,16,f9ebb85e2929b388.jpg,original
fa3d55efc42982a7.jpg,5,fa3d55efc42982a7.jpg,original
fa6d6811b624d725.jpg,6,fa6d6811b624d725.jpg,original
fa794d60fc55156e.jpg,4,fa794d60fc55156e.jpg,original
fa8945c106e8e610.jpg,7,fa8945c106e8e610.jpg,original
fae8d5c25f02d86a.jpg,16,fae8d5c25f02d86a.jpg,original
fb366e8a1290169b.jpg,2,fb366e8a1290169b.jpg,original
fb70357d03187bf2.jpg,14,fb70357d03187bf2.jpg,original
fba49012c202152d.jpg,0,fba49012c202152d.jpg,original
fbb4583f64729d01.jpg,9,fbb4583f64729d01.jpg,original
fc222cca276469b7.jpg,10,fc222cca276469b7.jpg,original
fc85f507537c9300.jpg,4,fc85f507537c9300.jpg,original
fc86eb71611c9854.jpg,6,fc86eb71611c9854.jpg,original
fcc6d937960351e3.jpg,11,fcc6d937960351e3.jpg,original
fcd1212f7d0a474e.jpg,1,fcd1212f7d0a474e.jpg,original
fd0e37a8306b5905.jpg,10,fd0e37a8306b5905.jpg,original
fd344db80a9a9708.jpg,2,fd344db80a9a9708.jpg,original
fd3cfa9a0566549e.jpg,5,fd3cfa9a0566549e.jpg,original
fd4b76606f445882.jpg,5,fd4b76606f445882.jpg,original
fda9f9b14d231899.jpg,12,fda9f9b14d231899.jpg,original
fe30845b79d1d42f.jpg,7,fe30845b79d1d42f.jpg,original
fe73481aadfbec34.jpg,3,fe73481aadfbec34.jpg,original
fe8093a9eab697de.jpg,16,fe8093a9eab697de.jpg,original
fe89027e179546dc.jpg,6,fe89027e179546dc.jpg,original
fe9683317086dbab.jpg,3,fe9683317086dbab.jpg,original
fea6ad156a141a37.jpg,8,fea6ad156a141a37.jpg,original
fed9e9ec4a77bc06.jpg,4,fed9e9ec4a77bc06.jpg,original
feeade617aa68c45.jpg,7,feeade617aa68c45.jpg,original
ff51dd281a8423f1.jpg,11,ff51dd281a8423f1.jpg,original
ff8a6a251ce51c95.jpg,5,ff8a6a251ce51c95.jpg,original
ffc22136f958deb1.jpg,9,ffc22136f958deb1.jpg,original
be53872196b3ae1d.jpg,3,be53872196b3ae1d.jpg,original
be53872196b3ae1d_aug_clahe.jpg,3,be53872196b3ae1d_aug_clahe.jpg,original
be53872196b3ae1d_aug_motion_blur.jpg,3,be53872196b3ae1d_aug_motion_blur.jpg,original
be53872196b3ae1d_aug_iso_noise.jpg,3,be53872196b3ae1d_aug_iso_noise.jpg,original
be53872196b3ae1d_aug_perspective.jpg,3,be53872196b3ae1d_aug_perspective.jpg,original
f0fc4e2f239e236b.jpg,13,f0fc4e2f239e236b.jpg,original
f0fc4e2f239e236b_aug_clahe.jpg,13,f0fc4e2f239e236b_aug_clahe.jpg,original
f0fc4e2f239e236b_aug_motion_blur.jpg,13,f0fc4e2f239e236b_aug_motion_blur.jpg,original
f0fc4e2f239e236b_aug_iso_noise.jpg,13,f0fc4e2f239e236b_aug_iso_noise.jpg,original
f0fc4e2f239e236b_aug_perspective.jpg,13,f0fc4e2f239e236b_aug_perspective.jpg,original
f176f6c25b7bd8ae.jpg,13,f176f6c25b7bd8ae.jpg,original
f176f6c25b7bd8ae_aug_clahe.jpg,13,f176f6c25b7bd8ae_aug_clahe.jpg,original
f176f6c25b7bd8ae_aug_motion_blur.jpg,13,f176f6c25b7bd8ae_aug_motion_blur.jpg,original
f176f6c25b7bd8ae_aug_iso_noise.jpg,13,f176f6c25b7bd8ae_aug_iso_noise.jpg,original
f176f6c25b7bd8ae_aug_perspective.jpg,13,f176f6c25b7bd8ae_aug_perspective.jpg,original
be53872196b3ae1d_aug_clahe_1.jpg,3,be53872196b3ae1d_aug_clahe_1.jpg,original
be53872196b3ae1d_aug_motion_blur_1.jpg,3,be53872196b3ae1d_aug_motion_blur_1.jpg,original
be53872196b3ae1d_aug_iso_noise_1.jpg,3,be53872196b3ae1d_aug_iso_noise_1.jpg,original
be53872196b3ae1d_aug_perspective_1.jpg,3,be53872196b3ae1d_aug_perspective_1.jpg,original
f0fc4e2f239e236b_aug_clahe_1.jpg,13,f0fc4e2f239e236b_aug_clahe_1.jpg,original
f0fc4e2f239e236b_aug_motion_blur_1.jpg,13,f0fc4e2f239e236b_aug_motion_blur_1.jpg,original
f0fc4e2f239e236b_aug_iso_noise_1.jpg,13,f0fc4e2f239e236b_aug_iso_noise_1.jpg,original
f0fc4e2f239e236b_aug_perspective_1.jpg,13,f0fc4e2f239e236b_aug_perspective_1.jpg,original
f176f6c25b7bd8ae_aug_clahe_1.jpg,13,f176f6c25b7bd8ae_aug_clahe_1.jpg,original
f176f6c25b7bd8ae_aug_motion_blur_1.jpg,13,f176f6c25b7bd8ae_aug_motion_blur_1.jpg,original
f176f6c25b7bd8ae_aug_iso_noise_1.jpg,13,f176f6c25b7bd8ae_aug_iso_noise_1.jpg,original
f176f6c25b7bd8ae_aug_perspective_1.jpg,13,f176f6c25b7bd8ae_aug_perspective_1.jpg,original
002f99746285dfdd__aug0_offline.jpg,16,002f99746285dfdd.jpg,non_doc
002f99746285dfdd__aug1_offline.jpg,16,002f99746285dfdd.jpg,non_doc
002f99746285dfdd__aug2_offline.jpg,16,002f99746285dfdd.jpg,non_doc
002f99746285dfdd__aug3_offline.jpg,16,002f99746285dfdd.jpg,non_doc
008ccd231e1fea5d__aug0_offline.jpg,10,008ccd231e1fea5d.jpg,doc
008ccd231e1fea5d__aug1_offline.jpg,10,008ccd231e1fea5d.jpg,doc
008ccd231e1fea5d__aug2_offline.jpg,10,008ccd231e1fea5d.jpg,doc
008ccd231e1fea5d__aug3_offline.jpg,10,008ccd231e1fea5d.jpg,doc
008f5911bfda7695__aug0_offline.jpg,10,008f5911bfda7695.jpg,doc
008f5911bfda7695__aug1_offline.jpg,10,008f5911bfda7695.jpg,doc
008f5911bfda7695__aug2_offline.jpg,10,008f5911bfda7695.jpg,doc
008f5911bfda7695__aug3_offline.jpg,10,008f5911bfda7695.jpg,doc
009235e4c9c07af5__aug0_offline.jpg,4,009235e4c9c07af5.jpg,doc
009235e4c9c07af5__aug1_offline.jpg,4,009235e4c9c07af5.jpg,doc
009235e4c9c07af5__aug2_offline.jpg,4,009235e4c9c07af5.jpg,doc
009235e4c9c07af5__aug3_offline.jpg,4,009235e4c9c07af5.jpg,doc
00b2f44967580c74__aug0_offline.jpg,16,00b2f44967580c74.jpg,non_doc
00b2f44967580c74__aug1_offline.jpg,16,00b2f44967580c74.jpg,non_doc
00b2f44967580c74__aug2_offline.jpg,16,00b2f44967580c74.jpg,non_doc
00b2f44967580c74__aug3_offline.jpg,16,00b2f44967580c74.jpg,non_doc
00cfa88ce8973dea__aug0_offline.jpg,5,00cfa88ce8973dea.jpg,card_like
00cfa88ce8973dea__aug1_offline.jpg,5,00cfa88ce8973dea.jpg,card_like
00cfa88ce8973dea__aug2_offline.jpg,5,00cfa88ce8973dea.jpg,card_like
00cfa88ce8973dea__aug3_offline.jpg,5,00cfa88ce8973dea.jpg,card_like
00ec594b7cc89183__aug0_offline.jpg,15,00ec594b7cc89183.jpg,doc
00ec594b7cc89183__aug1_offline.jpg,15,00ec594b7cc89183.jpg,doc
00ec594b7cc89183__aug2_offline.jpg,15,00ec594b7cc89183.jpg,doc
00ec594b7cc89183__aug3_offline.jpg,15,00ec594b7cc89183.jpg,doc
00f59b12e9e08f29__aug0_offline.jpg,16,00f59b12e9e08f29.jpg,non_doc
00f59b12e9e08f29__aug1_offline.jpg,16,00f59b12e9e08f29.jpg,non_doc
00f59b12e9e08f29__aug2_offline.jpg,16,00f59b12e9e08f29.jpg,non_doc
00f59b12e9e08f29__aug3_offline.jpg,16,00f59b12e9e08f29.jpg,non_doc
00fdc02d9b552fe8__aug0_offline.jpg,15,00fdc02d9b552fe8.jpg,doc
00fdc02d9b552fe8__aug1_offline.jpg,15,00fdc02d9b552fe8.jpg,doc
00fdc02d9b552fe8__aug2_offline.jpg,15,00fdc02d9b552fe8.jpg,doc
00fdc02d9b552fe8__aug3_offline.jpg,15,00fdc02d9b552fe8.jpg,doc
012913977fd1d980__aug0_offline.jpg,14,012913977fd1d980.jpg,doc
012913977fd1d980__aug1_offline.jpg,14,012913977fd1d980.jpg,doc
012913977fd1d980__aug2_offline.jpg,14,012913977fd1d980.jpg,doc
012913977fd1d980__aug3_offline.jpg,14,012913977fd1d980.jpg,doc
012913977fd1d980__aug4_offline.jpg,14,012913977fd1d980.jpg,doc
012913977fd1d980__aug5_offline.jpg,14,012913977fd1d980.jpg,doc
012913977fd1d980__aug6_offline.jpg,14,012913977fd1d980.jpg,doc
012913977fd1d980__aug7_offline.jpg,14,012913977fd1d980.jpg,doc
012913977fd1d980__aug8_offline.jpg,14,012913977fd1d980.jpg,doc
0134204c33c8d37c__aug0_offline.jpg,5,0134204c33c8d37c.jpg,card_like
0134204c33c8d37c__aug1_offline.jpg,5,0134204c33c8d37c.jpg,card_like
0134204c33c8d37c__aug2_offline.jpg,5,0134204c33c8d37c.jpg,card_like
0134204c33c8d37c__aug3_offline.jpg,5,0134204c33c8d37c.jpg,card_like
0143de5f1099427d__aug0_offline.jpg,9,0143de5f1099427d.jpg,card_like
0143de5f1099427d__aug1_offline.jpg,9,0143de5f1099427d.jpg,card_like
0143de5f1099427d__aug2_offline.jpg,9,0143de5f1099427d.jpg,card_like
0143de5f1099427d__aug3_offline.jpg,9,0143de5f1099427d.jpg,card_like
01af3d4c58c8530f__aug0_offline.jpg,15,01af3d4c58c8530f.jpg,doc
01af3d4c58c8530f__aug1_offline.jpg,15,01af3d4c58c8530f.jpg,doc
01af3d4c58c8530f__aug2_offline.jpg,15,01af3d4c58c8530f.jpg,doc
01af3d4c58c8530f__aug3_offline.jpg,15,01af3d4c58c8530f.jpg,doc
01c0b97e1492b220__aug0_offline.jpg,15,01c0b97e1492b220.jpg,doc
01c0b97e1492b220__aug1_offline.jpg,15,01c0b97e1492b220.jpg,doc
01c0b97e1492b220__aug2_offline.jpg,15,01c0b97e1492b220.jpg,doc
01c0b97e1492b220__aug3_offline.jpg,15,01c0b97e1492b220.jpg,doc
024fe478044874ab__aug0_offline.jpg,13,024fe478044874ab.jpg,doc
024fe478044874ab__aug1_offline.jpg,13,024fe478044874ab.jpg,doc
024fe478044874ab__aug2_offline.jpg,13,024fe478044874ab.jpg,doc
024fe478044874ab__aug3_offline.jpg,13,024fe478044874ab.jpg,doc
024fe478044874ab__aug4_offline.jpg,13,024fe478044874ab.jpg,doc
0250ee8107091ade__aug0_offline.jpg,7,0250ee8107091ade.jpg,doc
0250ee8107091ade__aug1_offline.jpg,7,0250ee8107091ade.jpg,doc
0250ee8107091ade__aug2_offline.jpg,7,0250ee8107091ade.jpg,doc
0250ee8107091ade__aug3_offline.jpg,7,0250ee8107091ade.jpg,doc
02533d35fe935981__aug0_offline.jpg,11,02533d35fe935981.jpg,doc
02533d35fe935981__aug1_offline.jpg,11,02533d35fe935981.jpg,doc
02533d35fe935981__aug2_offline.jpg,11,02533d35fe935981.jpg,doc
02533d35fe935981__aug3_offline.jpg,11,02533d35fe935981.jpg,doc
026817f3f9434f5b__aug0_offline.jpg,10,026817f3f9434f5b.jpg,doc
026817f3f9434f5b__aug1_offline.jpg,10,026817f3f9434f5b.jpg,doc
026817f3f9434f5b__aug2_offline.jpg,10,026817f3f9434f5b.jpg,doc
026817f3f9434f5b__aug3_offline.jpg,10,026817f3f9434f5b.jpg,doc
02ab86a5d5a979cc__aug0_offline.jpg,11,02ab86a5d5a979cc.jpg,doc
02ab86a5d5a979cc__aug1_offline.jpg,11,02ab86a5d5a979cc.jpg,doc
02ab86a5d5a979cc__aug2_offline.jpg,11,02ab86a5d5a979cc.jpg,doc
02ab86a5d5a979cc__aug3_offline.jpg,11,02ab86a5d5a979cc.jpg,doc
02d404271e4965fa__aug0_offline.jpg,15,02d404271e4965fa.jpg,doc
02d404271e4965fa__aug1_offline.jpg,15,02d404271e4965fa.jpg,doc
02d404271e4965fa__aug2_offline.jpg,15,02d404271e4965fa.jpg,doc
02d404271e4965fa__aug3_offline.jpg,15,02d404271e4965fa.jpg,doc
02dad82a9420ae86__aug0_offline.jpg,7,02dad82a9420ae86.jpg,doc
02dad82a9420ae86__aug1_offline.jpg,7,02dad82a9420ae86.jpg,doc
02dad82a9420ae86__aug2_offline.jpg,7,02dad82a9420ae86.jpg,doc
02dad82a9420ae86__aug3_offline.jpg,7,02dad82a9420ae86.jpg,doc
02e1538cef751c7d__aug0_offline.jpg,10,02e1538cef751c7d.jpg,doc
02e1538cef751c7d__aug1_offline.jpg,10,02e1538cef751c7d.jpg,doc
02e1538cef751c7d__aug2_offline.jpg,10,02e1538cef751c7d.jpg,doc
02e1538cef751c7d__aug3_offline.jpg,10,02e1538cef751c7d.jpg,doc
02ebb92c43006832__aug0_offline.jpg,11,02ebb92c43006832.jpg,doc
02ebb92c43006832__aug1_offline.jpg,11,02ebb92c43006832.jpg,doc
02ebb92c43006832__aug2_offline.jpg,11,02ebb92c43006832.jpg,doc
02ebb92c43006832__aug3_offline.jpg,11,02ebb92c43006832.jpg,doc
03075ea3046d4459__aug0_offline.jpg,15,03075ea3046d4459.jpg,doc
03075ea3046d4459__aug1_offline.jpg,15,03075ea3046d4459.jpg,doc
03075ea3046d4459__aug2_offline.jpg,15,03075ea3046d4459.jpg,doc
03075ea3046d4459__aug3_offline.jpg,15,03075ea3046d4459.jpg,doc
03084c1b03921a99__aug0_offline.jpg,7,03084c1b03921a99.jpg,doc
03084c1b03921a99__aug1_offline.jpg,7,03084c1b03921a99.jpg,doc
03084c1b03921a99__aug2_offline.jpg,7,03084c1b03921a99.jpg,doc
03084c1b03921a99__aug3_offline.jpg,7,03084c1b03921a99.jpg,doc
03636653282bb56c__aug0_offline.jpg,5,03636653282bb56c.jpg,card_like
03636653282bb56c__aug1_offline.jpg,5,03636653282bb56c.jpg,card_like
03636653282bb56c__aug2_offline.jpg,5,03636653282bb56c.jpg,card_like
03636653282bb56c__aug3_offline.jpg,5,03636653282bb56c.jpg,card_like
03648b6855b9f8c1__aug0_offline.jpg,10,03648b6855b9f8c1.jpg,doc
03648b6855b9f8c1__aug1_offline.jpg,10,03648b6855b9f8c1.jpg,doc
03648b6855b9f8c1__aug2_offline.jpg,10,03648b6855b9f8c1.jpg,doc
03648b6855b9f8c1__aug3_offline.jpg,10,03648b6855b9f8c1.jpg,doc
03ce6a0a86939c04__aug0_offline.jpg,2,03ce6a0a86939c04.jpg,non_doc
03ce6a0a86939c04__aug1_offline.jpg,2,03ce6a0a86939c04.jpg,non_doc
03ce6a0a86939c04__aug2_offline.jpg,2,03ce6a0a86939c04.jpg,non_doc
03ce6a0a86939c04__aug3_offline.jpg,2,03ce6a0a86939c04.jpg,non_doc
040073c7f5eba0f9__aug0_offline.jpg,9,040073c7f5eba0f9.jpg,card_like
040073c7f5eba0f9__aug1_offline.jpg,9,040073c7f5eba0f9.jpg,card_like
040073c7f5eba0f9__aug2_offline.jpg,9,040073c7f5eba0f9.jpg,card_like
040073c7f5eba0f9__aug3_offline.jpg,9,040073c7f5eba0f9.jpg,card_like
04320d1d34f005ca__aug0_offline.jpg,14,04320d1d34f005ca.jpg,doc
04320d1d34f005ca__aug1_offline.jpg,14,04320d1d34f005ca.jpg,doc
04320d1d34f005ca__aug2_offline.jpg,14,04320d1d34f005ca.jpg,doc
04320d1d34f005ca__aug3_offline.jpg,14,04320d1d34f005ca.jpg,doc
04320d1d34f005ca__aug4_offline.jpg,14,04320d1d34f005ca.jpg,doc
04320d1d34f005ca__aug5_offline.jpg,14,04320d1d34f005ca.jpg,doc
04320d1d34f005ca__aug6_offline.jpg,14,04320d1d34f005ca.jpg,doc
04320d1d34f005ca__aug7_offline.jpg,14,04320d1d34f005ca.jpg,doc
04320d1d34f005ca__aug8_offline.jpg,14,04320d1d34f005ca.jpg,doc
045ddbf696513987__aug0_offline.jpg,15,045ddbf696513987.jpg,doc
045ddbf696513987__aug1_offline.jpg,15,045ddbf696513987.jpg,doc
045ddbf696513987__aug2_offline.jpg,15,045ddbf696513987.jpg,doc
045ddbf696513987__aug3_offline.jpg,15,045ddbf696513987.jpg,doc
0477c74e908ce463__aug0_offline.jpg,5,0477c74e908ce463.jpg,card_like
0477c74e908ce463__aug1_offline.jpg,5,0477c74e908ce463.jpg,card_like
0477c74e908ce463__aug2_offline.jpg,5,0477c74e908ce463.jpg,card_like
0477c74e908ce463__aug3_offline.jpg,5,0477c74e908ce463.jpg,card_like
0482c84f6e50fc44__aug0_offline.jpg,5,0482c84f6e50fc44.jpg,card_like
0482c84f6e50fc44__aug1_offline.jpg,5,0482c84f6e50fc44.jpg,card_like
0482c84f6e50fc44__aug2_offline.jpg,5,0482c84f6e50fc44.jpg,card_like
0482c84f6e50fc44__aug3_offline.jpg,5,0482c84f6e50fc44.jpg,card_like
04d106668176a2e6__aug0_offline.jpg,16,04d106668176a2e6.jpg,non_doc
04d106668176a2e6__aug1_offline.jpg,16,04d106668176a2e6.jpg,non_doc
04d106668176a2e6__aug2_offline.jpg,16,04d106668176a2e6.jpg,non_doc
04d106668176a2e6__aug3_offline.jpg,16,04d106668176a2e6.jpg,non_doc
055271bc977c47c7__aug0_offline.jpg,8,055271bc977c47c7.jpg,card_like
055271bc977c47c7__aug1_offline.jpg,8,055271bc977c47c7.jpg,card_like
055271bc977c47c7__aug2_offline.jpg,8,055271bc977c47c7.jpg,card_like
055271bc977c47c7__aug3_offline.jpg,8,055271bc977c47c7.jpg,card_like
055b74c6c5f5d86b__aug0_offline.jpg,14,055b74c6c5f5d86b.jpg,doc
055b74c6c5f5d86b__aug1_offline.jpg,14,055b74c6c5f5d86b.jpg,doc
055b74c6c5f5d86b__aug2_offline.jpg,14,055b74c6c5f5d86b.jpg,doc
055b74c6c5f5d86b__aug3_offline.jpg,14,055b74c6c5f5d86b.jpg,doc
055b74c6c5f5d86b__aug4_offline.jpg,14,055b74c6c5f5d86b.jpg,doc
055b74c6c5f5d86b__aug5_offline.jpg,14,055b74c6c5f5d86b.jpg,doc
055b74c6c5f5d86b__aug6_offline.jpg,14,055b74c6c5f5d86b.jpg,doc
055b74c6c5f5d86b__aug7_offline.jpg,14,055b74c6c5f5d86b.jpg,doc
055b74c6c5f5d86b__aug8_offline.jpg,14,055b74c6c5f5d86b.jpg,doc
055cab3d62cdedbe__aug0_offline.jpg,10,055cab3d62cdedbe.jpg,doc
055cab3d62cdedbe__aug1_offline.jpg,10,055cab3d62cdedbe.jpg,doc
055cab3d62cdedbe__aug2_offline.jpg,10,055cab3d62cdedbe.jpg,doc
055cab3d62cdedbe__aug3_offline.jpg,10,055cab3d62cdedbe.jpg,doc
05806b384996854a__aug0_offline.jpg,12,05806b384996854a.jpg,doc
05806b384996854a__aug1_offline.jpg,12,05806b384996854a.jpg,doc
05806b384996854a__aug2_offline.jpg,12,05806b384996854a.jpg,doc
05806b384996854a__aug3_offline.jpg,12,05806b384996854a.jpg,doc
0583254a73b48ece__aug0_offline.jpg,10,0583254a73b48ece.jpg,doc
0583254a73b48ece__aug1_offline.jpg,10,0583254a73b48ece.jpg,doc
0583254a73b48ece__aug2_offline.jpg,10,0583254a73b48ece.jpg,doc
0583254a73b48ece__aug3_offline.jpg,10,0583254a73b48ece.jpg,doc
05c30f3c5be4bdcb__aug0_offline.jpg,3,05c30f3c5be4bdcb.jpg,doc
05c30f3c5be4bdcb__aug1_offline.jpg,3,05c30f3c5be4bdcb.jpg,doc
05c30f3c5be4bdcb__aug2_offline.jpg,3,05c30f3c5be4bdcb.jpg,doc
05c30f3c5be4bdcb__aug3_offline.jpg,3,05c30f3c5be4bdcb.jpg,doc
05c521f2659c0711__aug0_offline.jpg,16,05c521f2659c0711.jpg,non_doc
05c521f2659c0711__aug1_offline.jpg,16,05c521f2659c0711.jpg,non_doc
05c521f2659c0711__aug2_offline.jpg,16,05c521f2659c0711.jpg,non_doc
05c521f2659c0711__aug3_offline.jpg,16,05c521f2659c0711.jpg,non_doc
0604225f0353cb7c__aug0_offline.jpg,16,0604225f0353cb7c.jpg,non_doc
0604225f0353cb7c__aug1_offline.jpg,16,0604225f0353cb7c.jpg,non_doc
0604225f0353cb7c__aug2_offline.jpg,16,0604225f0353cb7c.jpg,non_doc
0604225f0353cb7c__aug3_offline.jpg,16,0604225f0353cb7c.jpg,non_doc
0636f0cd41b60ffe__aug0_offline.jpg,2,0636f0cd41b60ffe.jpg,non_doc
0636f0cd41b60ffe__aug1_offline.jpg,2,0636f0cd41b60ffe.jpg,non_doc
0636f0cd41b60ffe__aug2_offline.jpg,2,0636f0cd41b60ffe.jpg,non_doc
0636f0cd41b60ffe__aug3_offline.jpg,2,0636f0cd41b60ffe.jpg,non_doc
0664699c12c8162c__aug0_offline.jpg,11,0664699c12c8162c.jpg,doc
0664699c12c8162c__aug1_offline.jpg,11,0664699c12c8162c.jpg,doc
0664699c12c8162c__aug2_offline.jpg,11,0664699c12c8162c.jpg,doc
0664699c12c8162c__aug3_offline.jpg,11,0664699c12c8162c.jpg,doc
067f25e0435ab78b__aug0_offline.jpg,7,067f25e0435ab78b.jpg,doc
067f25e0435ab78b__aug1_offline.jpg,7,067f25e0435ab78b.jpg,doc
067f25e0435ab78b__aug2_offline.jpg,7,067f25e0435ab78b.jpg,doc
067f25e0435ab78b__aug3_offline.jpg,7,067f25e0435ab78b.jpg,doc
0690bdea6146b3ab__aug0_offline.jpg,16,0690bdea6146b3ab.jpg,non_doc
0690bdea6146b3ab__aug1_offline.jpg,16,0690bdea6146b3ab.jpg,non_doc
0690bdea6146b3ab__aug2_offline.jpg,16,0690bdea6146b3ab.jpg,non_doc
0690bdea6146b3ab__aug3_offline.jpg,16,0690bdea6146b3ab.jpg,non_doc
06c04208033a0ebf__aug0_offline.jpg,0,06c04208033a0ebf.jpg,doc
06c04208033a0ebf__aug1_offline.jpg,0,06c04208033a0ebf.jpg,doc
06c04208033a0ebf__aug2_offline.jpg,0,06c04208033a0ebf.jpg,doc
06c04208033a0ebf__aug3_offline.jpg,0,06c04208033a0ebf.jpg,doc
06c8db1a419a2a52__aug0_offline.jpg,3,06c8db1a419a2a52.jpg,doc
06c8db1a419a2a52__aug1_offline.jpg,3,06c8db1a419a2a52.jpg,doc
06c8db1a419a2a52__aug2_offline.jpg,3,06c8db1a419a2a52.jpg,doc
06c8db1a419a2a52__aug3_offline.jpg,3,06c8db1a419a2a52.jpg,doc
06e3ae9dce375043__aug0_offline.jpg,7,06e3ae9dce375043.jpg,doc
06e3ae9dce375043__aug1_offline.jpg,7,06e3ae9dce375043.jpg,doc
06e3ae9dce375043__aug2_offline.jpg,7,06e3ae9dce375043.jpg,doc
06e3ae9dce375043__aug3_offline.jpg,7,06e3ae9dce375043.jpg,doc
06e51d188361295c__aug0_offline.jpg,12,06e51d188361295c.jpg,doc
06e51d188361295c__aug1_offline.jpg,12,06e51d188361295c.jpg,doc
06e51d188361295c__aug2_offline.jpg,12,06e51d188361295c.jpg,doc
06e51d188361295c__aug3_offline.jpg,12,06e51d188361295c.jpg,doc
06f87aac754f870b__aug0_offline.jpg,15,06f87aac754f870b.jpg,doc
06f87aac754f870b__aug1_offline.jpg,15,06f87aac754f870b.jpg,doc
06f87aac754f870b__aug2_offline.jpg,15,06f87aac754f870b.jpg,doc
06f87aac754f870b__aug3_offline.jpg,15,06f87aac754f870b.jpg,doc
0702d1b6007837c7__aug0_offline.jpg,12,0702d1b6007837c7.jpg,doc
0702d1b6007837c7__aug1_offline.jpg,12,0702d1b6007837c7.jpg,doc
0702d1b6007837c7__aug2_offline.jpg,12,0702d1b6007837c7.jpg,doc
0702d1b6007837c7__aug3_offline.jpg,12,0702d1b6007837c7.jpg,doc
0705443203af2672__aug0_offline.jpg,16,0705443203af2672.jpg,non_doc
0705443203af2672__aug1_offline.jpg,16,0705443203af2672.jpg,non_doc
0705443203af2672__aug2_offline.jpg,16,0705443203af2672.jpg,non_doc
0705443203af2672__aug3_offline.jpg,16,0705443203af2672.jpg,non_doc
070ac425616e7d20__aug0_offline.jpg,10,070ac425616e7d20.jpg,doc
070ac425616e7d20__aug1_offline.jpg,10,070ac425616e7d20.jpg,doc
070ac425616e7d20__aug2_offline.jpg,10,070ac425616e7d20.jpg,doc
070ac425616e7d20__aug3_offline.jpg,10,070ac425616e7d20.jpg,doc
0716742e75cfcbbf__aug0_offline.jpg,15,0716742e75cfcbbf.jpg,doc
0716742e75cfcbbf__aug1_offline.jpg,15,0716742e75cfcbbf.jpg,doc
0716742e75cfcbbf__aug2_offline.jpg,15,0716742e75cfcbbf.jpg,doc
0716742e75cfcbbf__aug3_offline.jpg,15,0716742e75cfcbbf.jpg,doc
0764b11d22a5bf2b__aug0_offline.jpg,13,0764b11d22a5bf2b.jpg,doc
0764b11d22a5bf2b__aug1_offline.jpg,13,0764b11d22a5bf2b.jpg,doc
0764b11d22a5bf2b__aug2_offline.jpg,13,0764b11d22a5bf2b.jpg,doc
0764b11d22a5bf2b__aug3_offline.jpg,13,0764b11d22a5bf2b.jpg,doc
0764b11d22a5bf2b__aug4_offline.jpg,13,0764b11d22a5bf2b.jpg,doc
0787007d9064369b__aug0_offline.jpg,13,0787007d9064369b.jpg,doc
0787007d9064369b__aug1_offline.jpg,13,0787007d9064369b.jpg,doc
0787007d9064369b__aug2_offline.jpg,13,0787007d9064369b.jpg,doc
0787007d9064369b__aug3_offline.jpg,13,0787007d9064369b.jpg,doc
0787007d9064369b__aug4_offline.jpg,13,0787007d9064369b.jpg,doc
07a0a849cab135e0__aug0_offline.jpg,0,07a0a849cab135e0.jpg,doc
07a0a849cab135e0__aug1_offline.jpg,0,07a0a849cab135e0.jpg,doc
07a0a849cab135e0__aug2_offline.jpg,0,07a0a849cab135e0.jpg,doc
07a0a849cab135e0__aug3_offline.jpg,0,07a0a849cab135e0.jpg,doc
07ed72c124333c68__aug0_offline.jpg,16,07ed72c124333c68.jpg,non_doc
07ed72c124333c68__aug1_offline.jpg,16,07ed72c124333c68.jpg,non_doc
07ed72c124333c68__aug2_offline.jpg,16,07ed72c124333c68.jpg,non_doc
07ed72c124333c68__aug3_offline.jpg,16,07ed72c124333c68.jpg,non_doc
0808c7453316041c__aug0_offline.jpg,3,0808c7453316041c.jpg,doc
0808c7453316041c__aug1_offline.jpg,3,0808c7453316041c.jpg,doc
0808c7453316041c__aug2_offline.jpg,3,0808c7453316041c.jpg,doc
0808c7453316041c__aug3_offline.jpg,3,0808c7453316041c.jpg,doc
08418d7a49cafbb5__aug0_offline.jpg,8,08418d7a49cafbb5.jpg,card_like
08418d7a49cafbb5__aug1_offline.jpg,8,08418d7a49cafbb5.jpg,card_like
08418d7a49cafbb5__aug2_offline.jpg,8,08418d7a49cafbb5.jpg,card_like
08418d7a49cafbb5__aug3_offline.jpg,8,08418d7a49cafbb5.jpg,card_like
08511642b48c0fad__aug0_offline.jpg,1,08511642b48c0fad.jpg,doc
08511642b48c0fad__aug1_offline.jpg,1,08511642b48c0fad.jpg,doc
08511642b48c0fad__aug2_offline.jpg,1,08511642b48c0fad.jpg,doc
08511642b48c0fad__aug3_offline.jpg,1,08511642b48c0fad.jpg,doc
08511642b48c0fad__aug4_offline.jpg,1,08511642b48c0fad.jpg,doc
08511642b48c0fad__aug5_offline.jpg,1,08511642b48c0fad.jpg,doc
08511642b48c0fad__aug6_offline.jpg,1,08511642b48c0fad.jpg,doc
08511642b48c0fad__aug7_offline.jpg,1,08511642b48c0fad.jpg,doc
08511642b48c0fad__aug8_offline.jpg,1,08511642b48c0fad.jpg,doc
08511642b48c0fad__aug9_offline.jpg,1,08511642b48c0fad.jpg,doc
08c000f407a21432__aug0_offline.jpg,5,08c000f407a21432.jpg,card_like
08c000f407a21432__aug1_offline.jpg,5,08c000f407a21432.jpg,card_like
08c000f407a21432__aug2_offline.jpg,5,08c000f407a21432.jpg,card_like
08c000f407a21432__aug3_offline.jpg,5,08c000f407a21432.jpg,card_like
08e735737fcb818d__aug0_offline.jpg,7,08e735737fcb818d.jpg,doc
08e735737fcb818d__aug1_offline.jpg,7,08e735737fcb818d.jpg,doc
08e735737fcb818d__aug2_offline.jpg,7,08e735737fcb818d.jpg,doc
08e735737fcb818d__aug3_offline.jpg,7,08e735737fcb818d.jpg,doc
08ef6f5c37cef1bb__aug0_offline.jpg,9,08ef6f5c37cef1bb.jpg,card_like
08ef6f5c37cef1bb__aug1_offline.jpg,9,08ef6f5c37cef1bb.jpg,card_like
08ef6f5c37cef1bb__aug2_offline.jpg,9,08ef6f5c37cef1bb.jpg,card_like
08ef6f5c37cef1bb__aug3_offline.jpg,9,08ef6f5c37cef1bb.jpg,card_like
09213af8d64b7e04__aug0_offline.jpg,10,09213af8d64b7e04.jpg,doc
09213af8d64b7e04__aug1_offline.jpg,10,09213af8d64b7e04.jpg,doc
09213af8d64b7e04__aug2_offline.jpg,10,09213af8d64b7e04.jpg,doc
09213af8d64b7e04__aug3_offline.jpg,10,09213af8d64b7e04.jpg,doc
0925f9ef30720e52__aug0_offline.jpg,1,0925f9ef30720e52.jpg,doc
0925f9ef30720e52__aug1_offline.jpg,1,0925f9ef30720e52.jpg,doc
0925f9ef30720e52__aug2_offline.jpg,1,0925f9ef30720e52.jpg,doc
0925f9ef30720e52__aug3_offline.jpg,1,0925f9ef30720e52.jpg,doc
0925f9ef30720e52__aug4_offline.jpg,1,0925f9ef30720e52.jpg,doc
0925f9ef30720e52__aug5_offline.jpg,1,0925f9ef30720e52.jpg,doc
0925f9ef30720e52__aug6_offline.jpg,1,0925f9ef30720e52.jpg,doc
0925f9ef30720e52__aug7_offline.jpg,1,0925f9ef30720e52.jpg,doc
0925f9ef30720e52__aug8_offline.jpg,1,0925f9ef30720e52.jpg,doc
0925f9ef30720e52__aug9_offline.jpg,1,0925f9ef30720e52.jpg,doc
092b33532a2d23c2__aug0_offline.jpg,11,092b33532a2d23c2.jpg,doc
092b33532a2d23c2__aug1_offline.jpg,11,092b33532a2d23c2.jpg,doc
092b33532a2d23c2__aug2_offline.jpg,11,092b33532a2d23c2.jpg,doc
092b33532a2d23c2__aug3_offline.jpg,11,092b33532a2d23c2.jpg,doc
096c4b74a832db46__aug0_offline.jpg,0,096c4b74a832db46.jpg,doc
096c4b74a832db46__aug1_offline.jpg,0,096c4b74a832db46.jpg,doc
096c4b74a832db46__aug2_offline.jpg,0,096c4b74a832db46.jpg,doc
096c4b74a832db46__aug3_offline.jpg,0,096c4b74a832db46.jpg,doc
097bf6816bf11df3__aug0_offline.jpg,0,097bf6816bf11df3.jpg,doc
097bf6816bf11df3__aug1_offline.jpg,0,097bf6816bf11df3.jpg,doc
097bf6816bf11df3__aug2_offline.jpg,0,097bf6816bf11df3.jpg,doc
097bf6816bf11df3__aug3_offline.jpg,0,097bf6816bf11df3.jpg,doc
097c776cb2854f99__aug0_offline.jpg,15,097c776cb2854f99.jpg,doc
097c776cb2854f99__aug1_offline.jpg,15,097c776cb2854f99.jpg,doc
097c776cb2854f99__aug2_offline.jpg,15,097c776cb2854f99.jpg,doc
097c776cb2854f99__aug3_offline.jpg,15,097c776cb2854f99.jpg,doc
09a930520afa0ab9__aug0_offline.jpg,3,09a930520afa0ab9.jpg,doc
09a930520afa0ab9__aug1_offline.jpg,3,09a930520afa0ab9.jpg,doc
09a930520afa0ab9__aug2_offline.jpg,3,09a930520afa0ab9.jpg,doc
09a930520afa0ab9__aug3_offline.jpg,3,09a930520afa0ab9.jpg,doc
0a1b8d3c52d64052__aug0_offline.jpg,8,0a1b8d3c52d64052.jpg,card_like
0a1b8d3c52d64052__aug1_offline.jpg,8,0a1b8d3c52d64052.jpg,card_like
0a1b8d3c52d64052__aug2_offline.jpg,8,0a1b8d3c52d64052.jpg,card_like
0a1b8d3c52d64052__aug3_offline.jpg,8,0a1b8d3c52d64052.jpg,card_like
0a26fc63987e05eb__aug0_offline.jpg,10,0a26fc63987e05eb.jpg,doc
0a26fc63987e05eb__aug1_offline.jpg,10,0a26fc63987e05eb.jpg,doc
0a26fc63987e05eb__aug2_offline.jpg,10,0a26fc63987e05eb.jpg,doc
0a26fc63987e05eb__aug3_offline.jpg,10,0a26fc63987e05eb.jpg,doc
0a4adccbb7fe73e0__aug0_offline.jpg,1,0a4adccbb7fe73e0.jpg,doc
0a4adccbb7fe73e0__aug1_offline.jpg,1,0a4adccbb7fe73e0.jpg,doc
0a4adccbb7fe73e0__aug2_offline.jpg,1,0a4adccbb7fe73e0.jpg,doc
0a4adccbb7fe73e0__aug3_offline.jpg,1,0a4adccbb7fe73e0.jpg,doc
0a4adccbb7fe73e0__aug4_offline.jpg,1,0a4adccbb7fe73e0.jpg,doc
0a4adccbb7fe73e0__aug5_offline.jpg,1,0a4adccbb7fe73e0.jpg,doc
0a4adccbb7fe73e0__aug6_offline.jpg,1,0a4adccbb7fe73e0.jpg,doc
0a4adccbb7fe73e0__aug7_offline.jpg,1,0a4adccbb7fe73e0.jpg,doc
0a4adccbb7fe73e0__aug8_offline.jpg,1,0a4adccbb7fe73e0.jpg,doc
0a4adccbb7fe73e0__aug9_offline.jpg,1,0a4adccbb7fe73e0.jpg,doc
0a9843bf4ec022f3__aug0_offline.jpg,3,0a9843bf4ec022f3.jpg,doc
0a9843bf4ec022f3__aug1_offline.jpg,3,0a9843bf4ec022f3.jpg,doc
0a9843bf4ec022f3__aug2_offline.jpg,3,0a9843bf4ec022f3.jpg,doc
0a9843bf4ec022f3__aug3_offline.jpg,3,0a9843bf4ec022f3.jpg,doc
0ac9d741be9c6757__aug0_offline.jpg,9,0ac9d741be9c6757.jpg,card_like
0ac9d741be9c6757__aug1_offline.jpg,9,0ac9d741be9c6757.jpg,card_like
0ac9d741be9c6757__aug2_offline.jpg,9,0ac9d741be9c6757.jpg,card_like
0ac9d741be9c6757__aug3_offline.jpg,9,0ac9d741be9c6757.jpg,card_like
0ad5ad8a888027e0__aug0_offline.jpg,10,0ad5ad8a888027e0.jpg,doc
0ad5ad8a888027e0__aug1_offline.jpg,10,0ad5ad8a888027e0.jpg,doc
0ad5ad8a888027e0__aug2_offline.jpg,10,0ad5ad8a888027e0.jpg,doc
0ad5ad8a888027e0__aug3_offline.jpg,10,0ad5ad8a888027e0.jpg,doc
0b305f87af38aeed__aug0_offline.jpg,10,0b305f87af38aeed.jpg,doc
0b305f87af38aeed__aug1_offline.jpg,10,0b305f87af38aeed.jpg,doc
0b305f87af38aeed__aug2_offline.jpg,10,0b305f87af38aeed.jpg,doc
0b305f87af38aeed__aug3_offline.jpg,10,0b305f87af38aeed.jpg,doc
0b574be91178eb35__aug0_offline.jpg,9,0b574be91178eb35.jpg,card_like
0b574be91178eb35__aug1_offline.jpg,9,0b574be91178eb35.jpg,card_like
0b574be91178eb35__aug2_offline.jpg,9,0b574be91178eb35.jpg,card_like
0b574be91178eb35__aug3_offline.jpg,9,0b574be91178eb35.jpg,card_like
0b9e81eacf022a95__aug0_offline.jpg,9,0b9e81eacf022a95.jpg,card_like
0b9e81eacf022a95__aug1_offline.jpg,9,0b9e81eacf022a95.jpg,card_like
0b9e81eacf022a95__aug2_offline.jpg,9,0b9e81eacf022a95.jpg,card_like
0b9e81eacf022a95__aug3_offline.jpg,9,0b9e81eacf022a95.jpg,card_like
0bb6c060183cddb9__aug0_offline.jpg,5,0bb6c060183cddb9.jpg,card_like
0bb6c060183cddb9__aug1_offline.jpg,5,0bb6c060183cddb9.jpg,card_like
0bb6c060183cddb9__aug2_offline.jpg,5,0bb6c060183cddb9.jpg,card_like
0bb6c060183cddb9__aug3_offline.jpg,5,0bb6c060183cddb9.jpg,card_like
0c62a4a572d6abef__aug0_offline.jpg,6,0c62a4a572d6abef.jpg,doc
0c62a4a572d6abef__aug1_offline.jpg,6,0c62a4a572d6abef.jpg,doc
0c62a4a572d6abef__aug2_offline.jpg,6,0c62a4a572d6abef.jpg,doc
0c62a4a572d6abef__aug3_offline.jpg,6,0c62a4a572d6abef.jpg,doc
0cd0ed110baca594__aug0_offline.jpg,15,0cd0ed110baca594.jpg,doc
0cd0ed110baca594__aug1_offline.jpg,15,0cd0ed110baca594.jpg,doc
0cd0ed110baca594__aug2_offline.jpg,15,0cd0ed110baca594.jpg,doc
0cd0ed110baca594__aug3_offline.jpg,15,0cd0ed110baca594.jpg,doc
0cdf7f30dbeacb1c__aug0_offline.jpg,0,0cdf7f30dbeacb1c.jpg,doc
0cdf7f30dbeacb1c__aug1_offline.jpg,0,0cdf7f30dbeacb1c.jpg,doc
0cdf7f30dbeacb1c__aug2_offline.jpg,0,0cdf7f30dbeacb1c.jpg,doc
0cdf7f30dbeacb1c__aug3_offline.jpg,0,0cdf7f30dbeacb1c.jpg,doc
0d6a14437ad1a20e__aug0_offline.jpg,7,0d6a14437ad1a20e.jpg,doc
0d6a14437ad1a20e__aug1_offline.jpg,7,0d6a14437ad1a20e.jpg,doc
0d6a14437ad1a20e__aug2_offline.jpg,7,0d6a14437ad1a20e.jpg,doc
0d6a14437ad1a20e__aug3_offline.jpg,7,0d6a14437ad1a20e.jpg,doc
0d7f2ffc25536b56__aug0_offline.jpg,16,0d7f2ffc25536b56.jpg,non_doc
0d7f2ffc25536b56__aug1_offline.jpg,16,0d7f2ffc25536b56.jpg,non_doc
0d7f2ffc25536b56__aug2_offline.jpg,16,0d7f2ffc25536b56.jpg,non_doc
0d7f2ffc25536b56__aug3_offline.jpg,16,0d7f2ffc25536b56.jpg,non_doc
0d980f149d750aa8__aug0_offline.jpg,15,0d980f149d750aa8.jpg,doc
0d980f149d750aa8__aug1_offline.jpg,15,0d980f149d750aa8.jpg,doc
0d980f149d750aa8__aug2_offline.jpg,15,0d980f149d750aa8.jpg,doc
0d980f149d750aa8__aug3_offline.jpg,15,0d980f149d750aa8.jpg,doc
0db0f87709c7c403__aug0_offline.jpg,6,0db0f87709c7c403.jpg,doc
0db0f87709c7c403__aug1_offline.jpg,6,0db0f87709c7c403.jpg,doc
0db0f87709c7c403__aug2_offline.jpg,6,0db0f87709c7c403.jpg,doc
0db0f87709c7c403__aug3_offline.jpg,6,0db0f87709c7c403.jpg,doc
0e15e264405bd12a__aug0_offline.jpg,3,0e15e264405bd12a.jpg,doc
0e15e264405bd12a__aug1_offline.jpg,3,0e15e264405bd12a.jpg,doc
0e15e264405bd12a__aug2_offline.jpg,3,0e15e264405bd12a.jpg,doc
0e15e264405bd12a__aug3_offline.jpg,3,0e15e264405bd12a.jpg,doc
0e1eb96c88179e6e__aug0_offline.jpg,11,0e1eb96c88179e6e.jpg,doc
0e1eb96c88179e6e__aug1_offline.jpg,11,0e1eb96c88179e6e.jpg,doc
0e1eb96c88179e6e__aug2_offline.jpg,11,0e1eb96c88179e6e.jpg,doc
0e1eb96c88179e6e__aug3_offline.jpg,11,0e1eb96c88179e6e.jpg,doc
0e2d9d02d62c0949__aug0_offline.jpg,15,0e2d9d02d62c0949.jpg,doc
0e2d9d02d62c0949__aug1_offline.jpg,15,0e2d9d02d62c0949.jpg,doc
0e2d9d02d62c0949__aug2_offline.jpg,15,0e2d9d02d62c0949.jpg,doc
0e2d9d02d62c0949__aug3_offline.jpg,15,0e2d9d02d62c0949.jpg,doc
0e73f69b538fb276__aug0_offline.jpg,13,0e73f69b538fb276.jpg,doc
0e73f69b538fb276__aug1_offline.jpg,13,0e73f69b538fb276.jpg,doc
0e73f69b538fb276__aug2_offline.jpg,13,0e73f69b538fb276.jpg,doc
0e73f69b538fb276__aug3_offline.jpg,13,0e73f69b538fb276.jpg,doc
0e73f69b538fb276__aug4_offline.jpg,13,0e73f69b538fb276.jpg,doc
0e876bb595b57f7f__aug0_offline.jpg,15,0e876bb595b57f7f.jpg,doc
0e876bb595b57f7f__aug1_offline.jpg,15,0e876bb595b57f7f.jpg,doc
0e876bb595b57f7f__aug2_offline.jpg,15,0e876bb595b57f7f.jpg,doc
0e876bb595b57f7f__aug3_offline.jpg,15,0e876bb595b57f7f.jpg,doc
0ebdd3bf7dbe63dc__aug0_offline.jpg,9,0ebdd3bf7dbe63dc.jpg,card_like
0ebdd3bf7dbe63dc__aug1_offline.jpg,9,0ebdd3bf7dbe63dc.jpg,card_like
0ebdd3bf7dbe63dc__aug2_offline.jpg,9,0ebdd3bf7dbe63dc.jpg,card_like
0ebdd3bf7dbe63dc__aug3_offline.jpg,9,0ebdd3bf7dbe63dc.jpg,card_like
0ed0af9895d19304__aug0_offline.jpg,5,0ed0af9895d19304.jpg,card_like
0ed0af9895d19304__aug1_offline.jpg,5,0ed0af9895d19304.jpg,card_like
0ed0af9895d19304__aug2_offline.jpg,5,0ed0af9895d19304.jpg,card_like
0ed0af9895d19304__aug3_offline.jpg,5,0ed0af9895d19304.jpg,card_like
0eff005acf5ce9c6__aug0_offline.jpg,6,0eff005acf5ce9c6.jpg,doc
0eff005acf5ce9c6__aug1_offline.jpg,6,0eff005acf5ce9c6.jpg,doc
0eff005acf5ce9c6__aug2_offline.jpg,6,0eff005acf5ce9c6.jpg,doc
0eff005acf5ce9c6__aug3_offline.jpg,6,0eff005acf5ce9c6.jpg,doc
0f1936616378ab3a__aug0_offline.jpg,13,0f1936616378ab3a.jpg,doc
0f1936616378ab3a__aug1_offline.jpg,13,0f1936616378ab3a.jpg,doc
0f1936616378ab3a__aug2_offline.jpg,13,0f1936616378ab3a.jpg,doc
0f1936616378ab3a__aug3_offline.jpg,13,0f1936616378ab3a.jpg,doc
0f1936616378ab3a__aug4_offline.jpg,13,0f1936616378ab3a.jpg,doc
0f3ac436363ae727__aug0_offline.jpg,14,0f3ac436363ae727.jpg,doc
0f3ac436363ae727__aug1_offline.jpg,14,0f3ac436363ae727.jpg,doc
0f3ac436363ae727__aug2_offline.jpg,14,0f3ac436363ae727.jpg,doc
0f3ac436363ae727__aug3_offline.jpg,14,0f3ac436363ae727.jpg,doc
0f3ac436363ae727__aug4_offline.jpg,14,0f3ac436363ae727.jpg,doc
0f3ac436363ae727__aug5_offline.jpg,14,0f3ac436363ae727.jpg,doc
0f3ac436363ae727__aug6_offline.jpg,14,0f3ac436363ae727.jpg,doc
0f3ac436363ae727__aug7_offline.jpg,14,0f3ac436363ae727.jpg,doc
0f3ac436363ae727__aug8_offline.jpg,14,0f3ac436363ae727.jpg,doc
0f4c2be43bbbf0a6__aug0_offline.jpg,10,0f4c2be43bbbf0a6.jpg,doc
0f4c2be43bbbf0a6__aug1_offline.jpg,10,0f4c2be43bbbf0a6.jpg,doc
0f4c2be43bbbf0a6__aug2_offline.jpg,10,0f4c2be43bbbf0a6.jpg,doc
0f4c2be43bbbf0a6__aug3_offline.jpg,10,0f4c2be43bbbf0a6.jpg,doc
0fa6bb7b61883601__aug0_offline.jpg,0,0fa6bb7b61883601.jpg,doc
0fa6bb7b61883601__aug1_offline.jpg,0,0fa6bb7b61883601.jpg,doc
0fa6bb7b61883601__aug2_offline.jpg,0,0fa6bb7b61883601.jpg,doc
0fa6bb7b61883601__aug3_offline.jpg,0,0fa6bb7b61883601.jpg,doc
0fe5dca9a9183702__aug0_offline.jpg,8,0fe5dca9a9183702.jpg,card_like
0fe5dca9a9183702__aug1_offline.jpg,8,0fe5dca9a9183702.jpg,card_like
0fe5dca9a9183702__aug2_offline.jpg,8,0fe5dca9a9183702.jpg,card_like
0fe5dca9a9183702__aug3_offline.jpg,8,0fe5dca9a9183702.jpg,card_like
1003aefb72113a16__aug0_offline.jpg,15,1003aefb72113a16.jpg,doc
1003aefb72113a16__aug1_offline.jpg,15,1003aefb72113a16.jpg,doc
1003aefb72113a16__aug2_offline.jpg,15,1003aefb72113a16.jpg,doc
1003aefb72113a16__aug3_offline.jpg,15,1003aefb72113a16.jpg,doc
100c0ec39409480d__aug0_offline.jpg,15,100c0ec39409480d.jpg,doc
100c0ec39409480d__aug1_offline.jpg,15,100c0ec39409480d.jpg,doc
100c0ec39409480d__aug2_offline.jpg,15,100c0ec39409480d.jpg,doc
100c0ec39409480d__aug3_offline.jpg,15,100c0ec39409480d.jpg,doc
10234347b425ff7e__aug0_offline.jpg,12,10234347b425ff7e.jpg,doc
10234347b425ff7e__aug1_offline.jpg,12,10234347b425ff7e.jpg,doc
10234347b425ff7e__aug2_offline.jpg,12,10234347b425ff7e.jpg,doc
10234347b425ff7e__aug3_offline.jpg,12,10234347b425ff7e.jpg,doc
1043b7e8f825705f__aug0_offline.jpg,11,1043b7e8f825705f.jpg,doc
1043b7e8f825705f__aug1_offline.jpg,11,1043b7e8f825705f.jpg,doc
1043b7e8f825705f__aug2_offline.jpg,11,1043b7e8f825705f.jpg,doc
1043b7e8f825705f__aug3_offline.jpg,11,1043b7e8f825705f.jpg,doc
1070b99464cb9755__aug0_offline.jpg,12,1070b99464cb9755.jpg,doc
1070b99464cb9755__aug1_offline.jpg,12,1070b99464cb9755.jpg,doc
1070b99464cb9755__aug2_offline.jpg,12,1070b99464cb9755.jpg,doc
1070b99464cb9755__aug3_offline.jpg,12,1070b99464cb9755.jpg,doc
108c622ecd7a9ea0__aug0_offline.jpg,0,108c622ecd7a9ea0.jpg,doc
108c622ecd7a9ea0__aug1_offline.jpg,0,108c622ecd7a9ea0.jpg,doc
108c622ecd7a9ea0__aug2_offline.jpg,0,108c622ecd7a9ea0.jpg,doc
108c622ecd7a9ea0__aug3_offline.jpg,0,108c622ecd7a9ea0.jpg,doc
1103b95d240a31bd__aug0_offline.jpg,2,1103b95d240a31bd.jpg,non_doc
1103b95d240a31bd__aug1_offline.jpg,2,1103b95d240a31bd.jpg,non_doc
1103b95d240a31bd__aug2_offline.jpg,2,1103b95d240a31bd.jpg,non_doc
1103b95d240a31bd__aug3_offline.jpg,2,1103b95d240a31bd.jpg,non_doc
1107103b712796a3__aug0_offline.jpg,16,1107103b712796a3.jpg,non_doc
1107103b712796a3__aug1_offline.jpg,16,1107103b712796a3.jpg,non_doc
1107103b712796a3__aug2_offline.jpg,16,1107103b712796a3.jpg,non_doc
1107103b712796a3__aug3_offline.jpg,16,1107103b712796a3.jpg,non_doc
11d2eeafa3170c62__aug0_offline.jpg,13,11d2eeafa3170c62.jpg,doc
11d2eeafa3170c62__aug1_offline.jpg,13,11d2eeafa3170c62.jpg,doc
11d2eeafa3170c62__aug2_offline.jpg,13,11d2eeafa3170c62.jpg,doc
11d2eeafa3170c62__aug3_offline.jpg,13,11d2eeafa3170c62.jpg,doc
11d2eeafa3170c62__aug4_offline.jpg,13,11d2eeafa3170c62.jpg,doc
11d78da553cb1577__aug0_offline.jpg,10,11d78da553cb1577.jpg,doc
11d78da553cb1577__aug1_offline.jpg,10,11d78da553cb1577.jpg,doc
11d78da553cb1577__aug2_offline.jpg,10,11d78da553cb1577.jpg,doc
11d78da553cb1577__aug3_offline.jpg,10,11d78da553cb1577.jpg,doc
11f522c4a00d4c8c__aug0_offline.jpg,0,11f522c4a00d4c8c.jpg,doc
11f522c4a00d4c8c__aug1_offline.jpg,0,11f522c4a00d4c8c.jpg,doc
11f522c4a00d4c8c__aug2_offline.jpg,0,11f522c4a00d4c8c.jpg,doc
11f522c4a00d4c8c__aug3_offline.jpg,0,11f522c4a00d4c8c.jpg,doc
1202c24bea56d1dc__aug0_offline.jpg,5,1202c24bea56d1dc.jpg,card_like
1202c24bea56d1dc__aug1_offline.jpg,5,1202c24bea56d1dc.jpg,card_like
1202c24bea56d1dc__aug2_offline.jpg,5,1202c24bea56d1dc.jpg,card_like
1202c24bea56d1dc__aug3_offline.jpg,5,1202c24bea56d1dc.jpg,card_like
1234dfd5a83372aa__aug0_offline.jpg,5,1234dfd5a83372aa.jpg,card_like
1234dfd5a83372aa__aug1_offline.jpg,5,1234dfd5a83372aa.jpg,card_like
1234dfd5a83372aa__aug2_offline.jpg,5,1234dfd5a83372aa.jpg,card_like
1234dfd5a83372aa__aug3_offline.jpg,5,1234dfd5a83372aa.jpg,card_like
1247240e60498c2f__aug0_offline.jpg,8,1247240e60498c2f.jpg,card_like
1247240e60498c2f__aug1_offline.jpg,8,1247240e60498c2f.jpg,card_like
1247240e60498c2f__aug2_offline.jpg,8,1247240e60498c2f.jpg,card_like
1247240e60498c2f__aug3_offline.jpg,8,1247240e60498c2f.jpg,card_like
1258871e4d7347be__aug0_offline.jpg,4,1258871e4d7347be.jpg,doc
1258871e4d7347be__aug1_offline.jpg,4,1258871e4d7347be.jpg,doc
1258871e4d7347be__aug2_offline.jpg,4,1258871e4d7347be.jpg,doc
1258871e4d7347be__aug3_offline.jpg,4,1258871e4d7347be.jpg,doc
12d1d9aa0ea45807__aug0_offline.jpg,1,12d1d9aa0ea45807.jpg,doc
12d1d9aa0ea45807__aug1_offline.jpg,1,12d1d9aa0ea45807.jpg,doc
12d1d9aa0ea45807__aug2_offline.jpg,1,12d1d9aa0ea45807.jpg,doc
12d1d9aa0ea45807__aug3_offline.jpg,1,12d1d9aa0ea45807.jpg,doc
12d1d9aa0ea45807__aug4_offline.jpg,1,12d1d9aa0ea45807.jpg,doc
12d1d9aa0ea45807__aug5_offline.jpg,1,12d1d9aa0ea45807.jpg,doc
12d1d9aa0ea45807__aug6_offline.jpg,1,12d1d9aa0ea45807.jpg,doc
12d1d9aa0ea45807__aug7_offline.jpg,1,12d1d9aa0ea45807.jpg,doc
12d1d9aa0ea45807__aug8_offline.jpg,1,12d1d9aa0ea45807.jpg,doc
12d1d9aa0ea45807__aug9_offline.jpg,1,12d1d9aa0ea45807.jpg,doc
12e8c26f252aa8df__aug0_offline.jpg,1,12e8c26f252aa8df.jpg,doc
12e8c26f252aa8df__aug1_offline.jpg,1,12e8c26f252aa8df.jpg,doc
12e8c26f252aa8df__aug2_offline.jpg,1,12e8c26f252aa8df.jpg,doc
12e8c26f252aa8df__aug3_offline.jpg,1,12e8c26f252aa8df.jpg,doc
12e8c26f252aa8df__aug4_offline.jpg,1,12e8c26f252aa8df.jpg,doc
12e8c26f252aa8df__aug5_offline.jpg,1,12e8c26f252aa8df.jpg,doc
12e8c26f252aa8df__aug6_offline.jpg,1,12e8c26f252aa8df.jpg,doc
12e8c26f252aa8df__aug7_offline.jpg,1,12e8c26f252aa8df.jpg,doc
12e8c26f252aa8df__aug8_offline.jpg,1,12e8c26f252aa8df.jpg,doc
12e8c26f252aa8df__aug9_offline.jpg,1,12e8c26f252aa8df.jpg,doc
12f0216cfc02be14__aug0_offline.jpg,13,12f0216cfc02be14.jpg,doc
12f0216cfc02be14__aug1_offline.jpg,13,12f0216cfc02be14.jpg,doc
12f0216cfc02be14__aug2_offline.jpg,13,12f0216cfc02be14.jpg,doc
12f0216cfc02be14__aug3_offline.jpg,13,12f0216cfc02be14.jpg,doc
12f0216cfc02be14__aug4_offline.jpg,13,12f0216cfc02be14.jpg,doc
133b0b66418f5992__aug0_offline.jpg,8,133b0b66418f5992.jpg,card_like
133b0b66418f5992__aug1_offline.jpg,8,133b0b66418f5992.jpg,card_like
133b0b66418f5992__aug2_offline.jpg,8,133b0b66418f5992.jpg,card_like
133b0b66418f5992__aug3_offline.jpg,8,133b0b66418f5992.jpg,card_like
134a6165b1e7198b__aug0_offline.jpg,4,134a6165b1e7198b.jpg,doc
134a6165b1e7198b__aug1_offline.jpg,4,134a6165b1e7198b.jpg,doc
134a6165b1e7198b__aug2_offline.jpg,4,134a6165b1e7198b.jpg,doc
134a6165b1e7198b__aug3_offline.jpg,4,134a6165b1e7198b.jpg,doc
135c81e626dbfde1__aug0_offline.jpg,0,135c81e626dbfde1.jpg,doc
135c81e626dbfde1__aug1_offline.jpg,0,135c81e626dbfde1.jpg,doc
135c81e626dbfde1__aug2_offline.jpg,0,135c81e626dbfde1.jpg,doc
135c81e626dbfde1__aug3_offline.jpg,0,135c81e626dbfde1.jpg,doc
1370c2d3fc1dbaa6__aug0_offline.jpg,16,1370c2d3fc1dbaa6.jpg,non_doc
1370c2d3fc1dbaa6__aug1_offline.jpg,16,1370c2d3fc1dbaa6.jpg,non_doc
1370c2d3fc1dbaa6__aug2_offline.jpg,16,1370c2d3fc1dbaa6.jpg,non_doc
1370c2d3fc1dbaa6__aug3_offline.jpg,16,1370c2d3fc1dbaa6.jpg,non_doc
138d2612e021b11a__aug0_offline.jpg,11,138d2612e021b11a.jpg,doc
138d2612e021b11a__aug1_offline.jpg,11,138d2612e021b11a.jpg,doc
138d2612e021b11a__aug2_offline.jpg,11,138d2612e021b11a.jpg,doc
138d2612e021b11a__aug3_offline.jpg,11,138d2612e021b11a.jpg,doc
139fec9a67910e28__aug0_offline.jpg,13,139fec9a67910e28.jpg,doc
139fec9a67910e28__aug1_offline.jpg,13,139fec9a67910e28.jpg,doc
139fec9a67910e28__aug2_offline.jpg,13,139fec9a67910e28.jpg,doc
139fec9a67910e28__aug3_offline.jpg,13,139fec9a67910e28.jpg,doc
139fec9a67910e28__aug4_offline.jpg,13,139fec9a67910e28.jpg,doc
13c183761855c4e6__aug0_offline.jpg,2,13c183761855c4e6.jpg,non_doc
13c183761855c4e6__aug1_offline.jpg,2,13c183761855c4e6.jpg,non_doc
13c183761855c4e6__aug2_offline.jpg,2,13c183761855c4e6.jpg,non_doc
13c183761855c4e6__aug3_offline.jpg,2,13c183761855c4e6.jpg,non_doc
13ff4fb604003772__aug0_offline.jpg,10,13ff4fb604003772.jpg,doc
13ff4fb604003772__aug1_offline.jpg,10,13ff4fb604003772.jpg,doc
13ff4fb604003772__aug2_offline.jpg,10,13ff4fb604003772.jpg,doc
13ff4fb604003772__aug3_offline.jpg,10,13ff4fb604003772.jpg,doc
14073265c0fc4232__aug0_offline.jpg,9,14073265c0fc4232.jpg,card_like
14073265c0fc4232__aug1_offline.jpg,9,14073265c0fc4232.jpg,card_like
14073265c0fc4232__aug2_offline.jpg,9,14073265c0fc4232.jpg,card_like
14073265c0fc4232__aug3_offline.jpg,9,14073265c0fc4232.jpg,card_like
1429280c33f2a820__aug0_offline.jpg,8,1429280c33f2a820.jpg,card_like
1429280c33f2a820__aug1_offline.jpg,8,1429280c33f2a820.jpg,card_like
1429280c33f2a820__aug2_offline.jpg,8,1429280c33f2a820.jpg,card_like
1429280c33f2a820__aug3_offline.jpg,8,1429280c33f2a820.jpg,card_like
14415a54a4805c75__aug0_offline.jpg,16,14415a54a4805c75.jpg,non_doc
14415a54a4805c75__aug1_offline.jpg,16,14415a54a4805c75.jpg,non_doc
14415a54a4805c75__aug2_offline.jpg,16,14415a54a4805c75.jpg,non_doc
14415a54a4805c75__aug3_offline.jpg,16,14415a54a4805c75.jpg,non_doc
14555a04140dc3b4__aug0_offline.jpg,5,14555a04140dc3b4.jpg,card_like
14555a04140dc3b4__aug1_offline.jpg,5,14555a04140dc3b4.jpg,card_like
14555a04140dc3b4__aug2_offline.jpg,5,14555a04140dc3b4.jpg,card_like
14555a04140dc3b4__aug3_offline.jpg,5,14555a04140dc3b4.jpg,card_like
1495a1e3d1599fe1__aug0_offline.jpg,7,1495a1e3d1599fe1.jpg,doc
1495a1e3d1599fe1__aug1_offline.jpg,7,1495a1e3d1599fe1.jpg,doc
1495a1e3d1599fe1__aug2_offline.jpg,7,1495a1e3d1599fe1.jpg,doc
1495a1e3d1599fe1__aug3_offline.jpg,7,1495a1e3d1599fe1.jpg,doc
149c501f1b14311c__aug0_offline.jpg,13,149c501f1b14311c.jpg,doc
149c501f1b14311c__aug1_offline.jpg,13,149c501f1b14311c.jpg,doc
149c501f1b14311c__aug2_offline.jpg,13,149c501f1b14311c.jpg,doc
149c501f1b14311c__aug3_offline.jpg,13,149c501f1b14311c.jpg,doc
149c501f1b14311c__aug4_offline.jpg,13,149c501f1b14311c.jpg,doc
149c8444ae80d630__aug0_offline.jpg,13,149c8444ae80d630.jpg,doc
149c8444ae80d630__aug1_offline.jpg,13,149c8444ae80d630.jpg,doc
149c8444ae80d630__aug2_offline.jpg,13,149c8444ae80d630.jpg,doc
149c8444ae80d630__aug3_offline.jpg,13,149c8444ae80d630.jpg,doc
149c8444ae80d630__aug4_offline.jpg,13,149c8444ae80d630.jpg,doc
14e71e8bec67f1a3__aug0_offline.jpg,8,14e71e8bec67f1a3.jpg,card_like
14e71e8bec67f1a3__aug1_offline.jpg,8,14e71e8bec67f1a3.jpg,card_like
14e71e8bec67f1a3__aug2_offline.jpg,8,14e71e8bec67f1a3.jpg,card_like
14e71e8bec67f1a3__aug3_offline.jpg,8,14e71e8bec67f1a3.jpg,card_like
15738105f616bea2__aug0_offline.jpg,4,15738105f616bea2.jpg,doc
15738105f616bea2__aug1_offline.jpg,4,15738105f616bea2.jpg,doc
15738105f616bea2__aug2_offline.jpg,4,15738105f616bea2.jpg,doc
15738105f616bea2__aug3_offline.jpg,4,15738105f616bea2.jpg,doc
159f76320c144a6a__aug0_offline.jpg,7,159f76320c144a6a.jpg,doc
159f76320c144a6a__aug1_offline.jpg,7,159f76320c144a6a.jpg,doc
159f76320c144a6a__aug2_offline.jpg,7,159f76320c144a6a.jpg,doc
159f76320c144a6a__aug3_offline.jpg,7,159f76320c144a6a.jpg,doc
15ab846de6b9bbf6__aug0_offline.jpg,12,15ab846de6b9bbf6.jpg,doc
15ab846de6b9bbf6__aug1_offline.jpg,12,15ab846de6b9bbf6.jpg,doc
15ab846de6b9bbf6__aug2_offline.jpg,12,15ab846de6b9bbf6.jpg,doc
15ab846de6b9bbf6__aug3_offline.jpg,12,15ab846de6b9bbf6.jpg,doc
15b7c95b4bffa703__aug0_offline.jpg,16,15b7c95b4bffa703.jpg,non_doc
15b7c95b4bffa703__aug1_offline.jpg,16,15b7c95b4bffa703.jpg,non_doc
15b7c95b4bffa703__aug2_offline.jpg,16,15b7c95b4bffa703.jpg,non_doc
15b7c95b4bffa703__aug3_offline.jpg,16,15b7c95b4bffa703.jpg,non_doc
15f0ed8589380d8f__aug0_offline.jpg,3,15f0ed8589380d8f.jpg,doc
15f0ed8589380d8f__aug1_offline.jpg,3,15f0ed8589380d8f.jpg,doc
15f0ed8589380d8f__aug2_offline.jpg,3,15f0ed8589380d8f.jpg,doc
15f0ed8589380d8f__aug3_offline.jpg,3,15f0ed8589380d8f.jpg,doc
16176cca20eed3c8__aug0_offline.jpg,4,16176cca20eed3c8.jpg,doc
16176cca20eed3c8__aug1_offline.jpg,4,16176cca20eed3c8.jpg,doc
16176cca20eed3c8__aug2_offline.jpg,4,16176cca20eed3c8.jpg,doc
16176cca20eed3c8__aug3_offline.jpg,4,16176cca20eed3c8.jpg,doc
162759419a76edff__aug0_offline.jpg,15,162759419a76edff.jpg,doc
162759419a76edff__aug1_offline.jpg,15,162759419a76edff.jpg,doc
162759419a76edff__aug2_offline.jpg,15,162759419a76edff.jpg,doc
162759419a76edff__aug3_offline.jpg,15,162759419a76edff.jpg,doc
16491db231b8d957__aug0_offline.jpg,6,16491db231b8d957.jpg,doc
16491db231b8d957__aug1_offline.jpg,6,16491db231b8d957.jpg,doc
16491db231b8d957__aug2_offline.jpg,6,16491db231b8d957.jpg,doc
16491db231b8d957__aug3_offline.jpg,6,16491db231b8d957.jpg,doc
1674ad0591a3014a__aug0_offline.jpg,3,1674ad0591a3014a.jpg,doc
1674ad0591a3014a__aug1_offline.jpg,3,1674ad0591a3014a.jpg,doc
1674ad0591a3014a__aug2_offline.jpg,3,1674ad0591a3014a.jpg,doc
1674ad0591a3014a__aug3_offline.jpg,3,1674ad0591a3014a.jpg,doc
16f1e14f778ce315__aug0_offline.jpg,16,16f1e14f778ce315.jpg,non_doc
16f1e14f778ce315__aug1_offline.jpg,16,16f1e14f778ce315.jpg,non_doc
16f1e14f778ce315__aug2_offline.jpg,16,16f1e14f778ce315.jpg,non_doc
16f1e14f778ce315__aug3_offline.jpg,16,16f1e14f778ce315.jpg,non_doc
181e78045b123ee2__aug0_offline.jpg,5,181e78045b123ee2.jpg,card_like
181e78045b123ee2__aug1_offline.jpg,5,181e78045b123ee2.jpg,card_like
181e78045b123ee2__aug2_offline.jpg,5,181e78045b123ee2.jpg,card_like
181e78045b123ee2__aug3_offline.jpg,5,181e78045b123ee2.jpg,card_like
184c5b6c3f4f5acd__aug0_offline.jpg,8,184c5b6c3f4f5acd.jpg,card_like
184c5b6c3f4f5acd__aug1_offline.jpg,8,184c5b6c3f4f5acd.jpg,card_like
184c5b6c3f4f5acd__aug2_offline.jpg,8,184c5b6c3f4f5acd.jpg,card_like
184c5b6c3f4f5acd__aug3_offline.jpg,8,184c5b6c3f4f5acd.jpg,card_like
1857d71e467f27a2__aug0_offline.jpg,1,1857d71e467f27a2.jpg,doc
1857d71e467f27a2__aug1_offline.jpg,1,1857d71e467f27a2.jpg,doc
1857d71e467f27a2__aug2_offline.jpg,1,1857d71e467f27a2.jpg,doc
1857d71e467f27a2__aug3_offline.jpg,1,1857d71e467f27a2.jpg,doc
1857d71e467f27a2__aug4_offline.jpg,1,1857d71e467f27a2.jpg,doc
1857d71e467f27a2__aug5_offline.jpg,1,1857d71e467f27a2.jpg,doc
1857d71e467f27a2__aug6_offline.jpg,1,1857d71e467f27a2.jpg,doc
1857d71e467f27a2__aug7_offline.jpg,1,1857d71e467f27a2.jpg,doc
1857d71e467f27a2__aug8_offline.jpg,1,1857d71e467f27a2.jpg,doc
1857d71e467f27a2__aug9_offline.jpg,1,1857d71e467f27a2.jpg,doc
186099f62d5cb389__aug0_offline.jpg,10,186099f62d5cb389.jpg,doc
186099f62d5cb389__aug1_offline.jpg,10,186099f62d5cb389.jpg,doc
186099f62d5cb389__aug2_offline.jpg,10,186099f62d5cb389.jpg,doc
186099f62d5cb389__aug3_offline.jpg,10,186099f62d5cb389.jpg,doc
18964b9de31b1356__aug0_offline.jpg,2,18964b9de31b1356.jpg,non_doc
18964b9de31b1356__aug1_offline.jpg,2,18964b9de31b1356.jpg,non_doc
18964b9de31b1356__aug2_offline.jpg,2,18964b9de31b1356.jpg,non_doc
18964b9de31b1356__aug3_offline.jpg,2,18964b9de31b1356.jpg,non_doc
18a13df74db514bf__aug0_offline.jpg,4,18a13df74db514bf.jpg,doc
18a13df74db514bf__aug1_offline.jpg,4,18a13df74db514bf.jpg,doc
18a13df74db514bf__aug2_offline.jpg,4,18a13df74db514bf.jpg,doc
18a13df74db514bf__aug3_offline.jpg,4,18a13df74db514bf.jpg,doc
18c3fd66188127c9__aug0_offline.jpg,2,18c3fd66188127c9.jpg,non_doc
18c3fd66188127c9__aug1_offline.jpg,2,18c3fd66188127c9.jpg,non_doc
18c3fd66188127c9__aug2_offline.jpg,2,18c3fd66188127c9.jpg,non_doc
18c3fd66188127c9__aug3_offline.jpg,2,18c3fd66188127c9.jpg,non_doc
18cbf4a6f3f18730__aug0_offline.jpg,11,18cbf4a6f3f18730.jpg,doc
18cbf4a6f3f18730__aug1_offline.jpg,11,18cbf4a6f3f18730.jpg,doc
18cbf4a6f3f18730__aug2_offline.jpg,11,18cbf4a6f3f18730.jpg,doc
18cbf4a6f3f18730__aug3_offline.jpg,11,18cbf4a6f3f18730.jpg,doc
18d6eabbd7a90bc8__aug0_offline.jpg,9,18d6eabbd7a90bc8.jpg,card_like
18d6eabbd7a90bc8__aug1_offline.jpg,9,18d6eabbd7a90bc8.jpg,card_like
18d6eabbd7a90bc8__aug2_offline.jpg,9,18d6eabbd7a90bc8.jpg,card_like
18d6eabbd7a90bc8__aug3_offline.jpg,9,18d6eabbd7a90bc8.jpg,card_like
18dc0fddebcbb811__aug0_offline.jpg,13,18dc0fddebcbb811.jpg,doc
18dc0fddebcbb811__aug1_offline.jpg,13,18dc0fddebcbb811.jpg,doc
18dc0fddebcbb811__aug2_offline.jpg,13,18dc0fddebcbb811.jpg,doc
18dc0fddebcbb811__aug3_offline.jpg,13,18dc0fddebcbb811.jpg,doc
18dc0fddebcbb811__aug4_offline.jpg,13,18dc0fddebcbb811.jpg,doc
18f1cb6c0fa49c3f__aug0_offline.jpg,6,18f1cb6c0fa49c3f.jpg,doc
18f1cb6c0fa49c3f__aug1_offline.jpg,6,18f1cb6c0fa49c3f.jpg,doc
18f1cb6c0fa49c3f__aug2_offline.jpg,6,18f1cb6c0fa49c3f.jpg,doc
18f1cb6c0fa49c3f__aug3_offline.jpg,6,18f1cb6c0fa49c3f.jpg,doc
1923d2f3faa9a0b7__aug0_offline.jpg,5,1923d2f3faa9a0b7.jpg,card_like
1923d2f3faa9a0b7__aug1_offline.jpg,5,1923d2f3faa9a0b7.jpg,card_like
1923d2f3faa9a0b7__aug2_offline.jpg,5,1923d2f3faa9a0b7.jpg,card_like
1923d2f3faa9a0b7__aug3_offline.jpg,5,1923d2f3faa9a0b7.jpg,card_like
19a514ee76e9529a__aug0_offline.jpg,13,19a514ee76e9529a.jpg,doc
19a514ee76e9529a__aug1_offline.jpg,13,19a514ee76e9529a.jpg,doc
19a514ee76e9529a__aug2_offline.jpg,13,19a514ee76e9529a.jpg,doc
19a514ee76e9529a__aug3_offline.jpg,13,19a514ee76e9529a.jpg,doc
19a514ee76e9529a__aug4_offline.jpg,13,19a514ee76e9529a.jpg,doc
1a230ae459855d4b__aug0_offline.jpg,9,1a230ae459855d4b.jpg,card_like
1a230ae459855d4b__aug1_offline.jpg,9,1a230ae459855d4b.jpg,card_like
1a230ae459855d4b__aug2_offline.jpg,9,1a230ae459855d4b.jpg,card_like
1a230ae459855d4b__aug3_offline.jpg,9,1a230ae459855d4b.jpg,card_like
1a4d78981f730db6__aug0_offline.jpg,8,1a4d78981f730db6.jpg,card_like
1a4d78981f730db6__aug1_offline.jpg,8,1a4d78981f730db6.jpg,card_like
1a4d78981f730db6__aug2_offline.jpg,8,1a4d78981f730db6.jpg,card_like
1a4d78981f730db6__aug3_offline.jpg,8,1a4d78981f730db6.jpg,card_like
1a5b5d5ceed7b946__aug0_offline.jpg,14,1a5b5d5ceed7b946.jpg,doc
1a5b5d5ceed7b946__aug1_offline.jpg,14,1a5b5d5ceed7b946.jpg,doc
1a5b5d5ceed7b946__aug2_offline.jpg,14,1a5b5d5ceed7b946.jpg,doc
1a5b5d5ceed7b946__aug3_offline.jpg,14,1a5b5d5ceed7b946.jpg,doc
1a5b5d5ceed7b946__aug4_offline.jpg,14,1a5b5d5ceed7b946.jpg,doc
1a5b5d5ceed7b946__aug5_offline.jpg,14,1a5b5d5ceed7b946.jpg,doc
1a5b5d5ceed7b946__aug6_offline.jpg,14,1a5b5d5ceed7b946.jpg,doc
1a5b5d5ceed7b946__aug7_offline.jpg,14,1a5b5d5ceed7b946.jpg,doc
1a5b5d5ceed7b946__aug8_offline.jpg,14,1a5b5d5ceed7b946.jpg,doc
1a7b8a8cfc41b2b2__aug0_offline.jpg,10,1a7b8a8cfc41b2b2.jpg,doc
1a7b8a8cfc41b2b2__aug1_offline.jpg,10,1a7b8a8cfc41b2b2.jpg,doc
1a7b8a8cfc41b2b2__aug2_offline.jpg,10,1a7b8a8cfc41b2b2.jpg,doc
1a7b8a8cfc41b2b2__aug3_offline.jpg,10,1a7b8a8cfc41b2b2.jpg,doc
1a91d8e63a70efea__aug0_offline.jpg,15,1a91d8e63a70efea.jpg,doc
1a91d8e63a70efea__aug1_offline.jpg,15,1a91d8e63a70efea.jpg,doc
1a91d8e63a70efea__aug2_offline.jpg,15,1a91d8e63a70efea.jpg,doc
1a91d8e63a70efea__aug3_offline.jpg,15,1a91d8e63a70efea.jpg,doc
1aa909832b5c4542__aug0_offline.jpg,4,1aa909832b5c4542.jpg,doc
1aa909832b5c4542__aug1_offline.jpg,4,1aa909832b5c4542.jpg,doc
1aa909832b5c4542__aug2_offline.jpg,4,1aa909832b5c4542.jpg,doc
1aa909832b5c4542__aug3_offline.jpg,4,1aa909832b5c4542.jpg,doc
1ab6b4d6b1ebe5dd__aug0_offline.jpg,7,1ab6b4d6b1ebe5dd.jpg,doc
1ab6b4d6b1ebe5dd__aug1_offline.jpg,7,1ab6b4d6b1ebe5dd.jpg,doc
1ab6b4d6b1ebe5dd__aug2_offline.jpg,7,1ab6b4d6b1ebe5dd.jpg,doc
1ab6b4d6b1ebe5dd__aug3_offline.jpg,7,1ab6b4d6b1ebe5dd.jpg,doc
1ae1f676bdb59f13__aug0_offline.jpg,8,1ae1f676bdb59f13.jpg,card_like
1ae1f676bdb59f13__aug1_offline.jpg,8,1ae1f676bdb59f13.jpg,card_like
1ae1f676bdb59f13__aug2_offline.jpg,8,1ae1f676bdb59f13.jpg,card_like
1ae1f676bdb59f13__aug3_offline.jpg,8,1ae1f676bdb59f13.jpg,card_like
1aeb7ac256febd27__aug0_offline.jpg,16,1aeb7ac256febd27.jpg,non_doc
1aeb7ac256febd27__aug1_offline.jpg,16,1aeb7ac256febd27.jpg,non_doc
1aeb7ac256febd27__aug2_offline.jpg,16,1aeb7ac256febd27.jpg,non_doc
1aeb7ac256febd27__aug3_offline.jpg,16,1aeb7ac256febd27.jpg,non_doc
1af85d095317707e__aug0_offline.jpg,7,1af85d095317707e.jpg,doc
1af85d095317707e__aug1_offline.jpg,7,1af85d095317707e.jpg,doc
1af85d095317707e__aug2_offline.jpg,7,1af85d095317707e.jpg,doc
1af85d095317707e__aug3_offline.jpg,7,1af85d095317707e.jpg,doc
1b60fba7141b8b33__aug0_offline.jpg,11,1b60fba7141b8b33.jpg,doc
1b60fba7141b8b33__aug1_offline.jpg,11,1b60fba7141b8b33.jpg,doc
1b60fba7141b8b33__aug2_offline.jpg,11,1b60fba7141b8b33.jpg,doc
1b60fba7141b8b33__aug3_offline.jpg,11,1b60fba7141b8b33.jpg,doc
1ba8ba8d582eb19f__aug0_offline.jpg,12,1ba8ba8d582eb19f.jpg,doc
1ba8ba8d582eb19f__aug1_offline.jpg,12,1ba8ba8d582eb19f.jpg,doc
1ba8ba8d582eb19f__aug2_offline.jpg,12,1ba8ba8d582eb19f.jpg,doc
1ba8ba8d582eb19f__aug3_offline.jpg,12,1ba8ba8d582eb19f.jpg,doc
1bb0c218c35112e9__aug0_offline.jpg,3,1bb0c218c35112e9.jpg,doc
1bb0c218c35112e9__aug1_offline.jpg,3,1bb0c218c35112e9.jpg,doc
1bb0c218c35112e9__aug2_offline.jpg,3,1bb0c218c35112e9.jpg,doc
1bb0c218c35112e9__aug3_offline.jpg,3,1bb0c218c35112e9.jpg,doc
1bc94a114eba1a7b__aug0_offline.jpg,11,1bc94a114eba1a7b.jpg,doc
1bc94a114eba1a7b__aug1_offline.jpg,11,1bc94a114eba1a7b.jpg,doc
1bc94a114eba1a7b__aug2_offline.jpg,11,1bc94a114eba1a7b.jpg,doc
1bc94a114eba1a7b__aug3_offline.jpg,11,1bc94a114eba1a7b.jpg,doc
1be2e37e46da7808__aug0_offline.jpg,8,1be2e37e46da7808.jpg,card_like
1be2e37e46da7808__aug1_offline.jpg,8,1be2e37e46da7808.jpg,card_like
1be2e37e46da7808__aug2_offline.jpg,8,1be2e37e46da7808.jpg,card_like
1be2e37e46da7808__aug3_offline.jpg,8,1be2e37e46da7808.jpg,card_like
1c3dc2ba8aea2b10__aug0_offline.jpg,5,1c3dc2ba8aea2b10.jpg,card_like
1c3dc2ba8aea2b10__aug1_offline.jpg,5,1c3dc2ba8aea2b10.jpg,card_like
1c3dc2ba8aea2b10__aug2_offline.jpg,5,1c3dc2ba8aea2b10.jpg,card_like
1c3dc2ba8aea2b10__aug3_offline.jpg,5,1c3dc2ba8aea2b10.jpg,card_like
1c4f24cbd0c3b67f__aug0_offline.jpg,5,1c4f24cbd0c3b67f.jpg,card_like
1c4f24cbd0c3b67f__aug1_offline.jpg,5,1c4f24cbd0c3b67f.jpg,card_like
1c4f24cbd0c3b67f__aug2_offline.jpg,5,1c4f24cbd0c3b67f.jpg,card_like
1c4f24cbd0c3b67f__aug3_offline.jpg,5,1c4f24cbd0c3b67f.jpg,card_like
1c893f02de43b62a__aug0_offline.jpg,3,1c893f02de43b62a.jpg,doc
1c893f02de43b62a__aug1_offline.jpg,3,1c893f02de43b62a.jpg,doc
1c893f02de43b62a__aug2_offline.jpg,3,1c893f02de43b62a.jpg,doc
1c893f02de43b62a__aug3_offline.jpg,3,1c893f02de43b62a.jpg,doc
1cbb286b54a7de7a__aug0_offline.jpg,12,1cbb286b54a7de7a.jpg,doc
1cbb286b54a7de7a__aug1_offline.jpg,12,1cbb286b54a7de7a.jpg,doc
1cbb286b54a7de7a__aug2_offline.jpg,12,1cbb286b54a7de7a.jpg,doc
1cbb286b54a7de7a__aug3_offline.jpg,12,1cbb286b54a7de7a.jpg,doc
1cc56bce8c1d4a39__aug0_offline.jpg,3,1cc56bce8c1d4a39.jpg,doc
1cc56bce8c1d4a39__aug1_offline.jpg,3,1cc56bce8c1d4a39.jpg,doc
1cc56bce8c1d4a39__aug2_offline.jpg,3,1cc56bce8c1d4a39.jpg,doc
1cc56bce8c1d4a39__aug3_offline.jpg,3,1cc56bce8c1d4a39.jpg,doc
1cc6427133ca0bc8__aug0_offline.jpg,0,1cc6427133ca0bc8.jpg,doc
1cc6427133ca0bc8__aug1_offline.jpg,0,1cc6427133ca0bc8.jpg,doc
1cc6427133ca0bc8__aug2_offline.jpg,0,1cc6427133ca0bc8.jpg,doc
1cc6427133ca0bc8__aug3_offline.jpg,0,1cc6427133ca0bc8.jpg,doc
1cdeefc0cbab4c31__aug0_offline.jpg,9,1cdeefc0cbab4c31.jpg,card_like
1cdeefc0cbab4c31__aug1_offline.jpg,9,1cdeefc0cbab4c31.jpg,card_like
1cdeefc0cbab4c31__aug2_offline.jpg,9,1cdeefc0cbab4c31.jpg,card_like
1cdeefc0cbab4c31__aug3_offline.jpg,9,1cdeefc0cbab4c31.jpg,card_like
1d381bdebf05dcd1__aug0_offline.jpg,6,1d381bdebf05dcd1.jpg,doc
1d381bdebf05dcd1__aug1_offline.jpg,6,1d381bdebf05dcd1.jpg,doc
1d381bdebf05dcd1__aug2_offline.jpg,6,1d381bdebf05dcd1.jpg,doc
1d381bdebf05dcd1__aug3_offline.jpg,6,1d381bdebf05dcd1.jpg,doc
1d5ba2a00f0b1337__aug0_offline.jpg,5,1d5ba2a00f0b1337.jpg,card_like
1d5ba2a00f0b1337__aug1_offline.jpg,5,1d5ba2a00f0b1337.jpg,card_like
1d5ba2a00f0b1337__aug2_offline.jpg,5,1d5ba2a00f0b1337.jpg,card_like
1d5ba2a00f0b1337__aug3_offline.jpg,5,1d5ba2a00f0b1337.jpg,card_like
1d78411ce7e87b5a__aug0_offline.jpg,16,1d78411ce7e87b5a.jpg,non_doc
1d78411ce7e87b5a__aug1_offline.jpg,16,1d78411ce7e87b5a.jpg,non_doc
1d78411ce7e87b5a__aug2_offline.jpg,16,1d78411ce7e87b5a.jpg,non_doc
1d78411ce7e87b5a__aug3_offline.jpg,16,1d78411ce7e87b5a.jpg,non_doc
1dbf43241f30a8a4__aug0_offline.jpg,9,1dbf43241f30a8a4.jpg,card_like
1dbf43241f30a8a4__aug1_offline.jpg,9,1dbf43241f30a8a4.jpg,card_like
1dbf43241f30a8a4__aug2_offline.jpg,9,1dbf43241f30a8a4.jpg,card_like
1dbf43241f30a8a4__aug3_offline.jpg,9,1dbf43241f30a8a4.jpg,card_like
1dc625f3328476d7__aug0_offline.jpg,16,1dc625f3328476d7.jpg,non_doc
1dc625f3328476d7__aug1_offline.jpg,16,1dc625f3328476d7.jpg,non_doc
1dc625f3328476d7__aug2_offline.jpg,16,1dc625f3328476d7.jpg,non_doc
1dc625f3328476d7__aug3_offline.jpg,16,1dc625f3328476d7.jpg,non_doc
1de204716ce483ca__aug0_offline.jpg,4,1de204716ce483ca.jpg,doc
1de204716ce483ca__aug1_offline.jpg,4,1de204716ce483ca.jpg,doc
1de204716ce483ca__aug2_offline.jpg,4,1de204716ce483ca.jpg,doc
1de204716ce483ca__aug3_offline.jpg,4,1de204716ce483ca.jpg,doc
1df37977197865cb__aug0_offline.jpg,7,1df37977197865cb.jpg,doc
1df37977197865cb__aug1_offline.jpg,7,1df37977197865cb.jpg,doc
1df37977197865cb__aug2_offline.jpg,7,1df37977197865cb.jpg,doc
1df37977197865cb__aug3_offline.jpg,7,1df37977197865cb.jpg,doc
1e49a906f3c2e521__aug0_offline.jpg,15,1e49a906f3c2e521.jpg,doc
1e49a906f3c2e521__aug1_offline.jpg,15,1e49a906f3c2e521.jpg,doc
1e49a906f3c2e521__aug2_offline.jpg,15,1e49a906f3c2e521.jpg,doc
1e49a906f3c2e521__aug3_offline.jpg,15,1e49a906f3c2e521.jpg,doc
1e5bf6fe5e8686d6__aug0_offline.jpg,7,1e5bf6fe5e8686d6.jpg,doc
1e5bf6fe5e8686d6__aug1_offline.jpg,7,1e5bf6fe5e8686d6.jpg,doc
1e5bf6fe5e8686d6__aug2_offline.jpg,7,1e5bf6fe5e8686d6.jpg,doc
1e5bf6fe5e8686d6__aug3_offline.jpg,7,1e5bf6fe5e8686d6.jpg,doc
1e6963c0f450dce5__aug0_offline.jpg,11,1e6963c0f450dce5.jpg,doc
1e6963c0f450dce5__aug1_offline.jpg,11,1e6963c0f450dce5.jpg,doc
1e6963c0f450dce5__aug2_offline.jpg,11,1e6963c0f450dce5.jpg,doc
1e6963c0f450dce5__aug3_offline.jpg,11,1e6963c0f450dce5.jpg,doc
1eb0b4140776ba76__aug0_offline.jpg,11,1eb0b4140776ba76.jpg,doc
1eb0b4140776ba76__aug1_offline.jpg,11,1eb0b4140776ba76.jpg,doc
1eb0b4140776ba76__aug2_offline.jpg,11,1eb0b4140776ba76.jpg,doc
1eb0b4140776ba76__aug3_offline.jpg,11,1eb0b4140776ba76.jpg,doc
1ec14a14bbe633db__aug0_offline.jpg,7,1ec14a14bbe633db.jpg,doc
1ec14a14bbe633db__aug1_offline.jpg,7,1ec14a14bbe633db.jpg,doc
1ec14a14bbe633db__aug2_offline.jpg,7,1ec14a14bbe633db.jpg,doc
1ec14a14bbe633db__aug3_offline.jpg,7,1ec14a14bbe633db.jpg,doc
1efe346107bb463a__aug0_offline.jpg,2,1efe346107bb463a.jpg,non_doc
1efe346107bb463a__aug1_offline.jpg,2,1efe346107bb463a.jpg,non_doc
1efe346107bb463a__aug2_offline.jpg,2,1efe346107bb463a.jpg,non_doc
1efe346107bb463a__aug3_offline.jpg,2,1efe346107bb463a.jpg,non_doc
1f5b35d7e43136cf__aug0_offline.jpg,6,1f5b35d7e43136cf.jpg,doc
1f5b35d7e43136cf__aug1_offline.jpg,6,1f5b35d7e43136cf.jpg,doc
1f5b35d7e43136cf__aug2_offline.jpg,6,1f5b35d7e43136cf.jpg,doc
1f5b35d7e43136cf__aug3_offline.jpg,6,1f5b35d7e43136cf.jpg,doc
1fa7fa1cd2ab2047__aug0_offline.jpg,5,1fa7fa1cd2ab2047.jpg,card_like
1fa7fa1cd2ab2047__aug1_offline.jpg,5,1fa7fa1cd2ab2047.jpg,card_like
1fa7fa1cd2ab2047__aug2_offline.jpg,5,1fa7fa1cd2ab2047.jpg,card_like
1fa7fa1cd2ab2047__aug3_offline.jpg,5,1fa7fa1cd2ab2047.jpg,card_like
1fbda5ffdc6abf49__aug0_offline.jpg,4,1fbda5ffdc6abf49.jpg,doc
1fbda5ffdc6abf49__aug1_offline.jpg,4,1fbda5ffdc6abf49.jpg,doc
1fbda5ffdc6abf49__aug2_offline.jpg,4,1fbda5ffdc6abf49.jpg,doc
1fbda5ffdc6abf49__aug3_offline.jpg,4,1fbda5ffdc6abf49.jpg,doc
1fc4f6a592ace1da__aug0_offline.jpg,2,1fc4f6a592ace1da.jpg,non_doc
1fc4f6a592ace1da__aug1_offline.jpg,2,1fc4f6a592ace1da.jpg,non_doc
1fc4f6a592ace1da__aug2_offline.jpg,2,1fc4f6a592ace1da.jpg,non_doc
1fc4f6a592ace1da__aug3_offline.jpg,2,1fc4f6a592ace1da.jpg,non_doc
1fca58126b4d1128__aug0_offline.jpg,14,1fca58126b4d1128.jpg,doc
1fca58126b4d1128__aug1_offline.jpg,14,1fca58126b4d1128.jpg,doc
1fca58126b4d1128__aug2_offline.jpg,14,1fca58126b4d1128.jpg,doc
1fca58126b4d1128__aug3_offline.jpg,14,1fca58126b4d1128.jpg,doc
1fca58126b4d1128__aug4_offline.jpg,14,1fca58126b4d1128.jpg,doc
1fca58126b4d1128__aug5_offline.jpg,14,1fca58126b4d1128.jpg,doc
1fca58126b4d1128__aug6_offline.jpg,14,1fca58126b4d1128.jpg,doc
1fca58126b4d1128__aug7_offline.jpg,14,1fca58126b4d1128.jpg,doc
1fca58126b4d1128__aug8_offline.jpg,14,1fca58126b4d1128.jpg,doc
1ff90f5c563641b6__aug0_offline.jpg,10,1ff90f5c563641b6.jpg,doc
1ff90f5c563641b6__aug1_offline.jpg,10,1ff90f5c563641b6.jpg,doc
1ff90f5c563641b6__aug2_offline.jpg,10,1ff90f5c563641b6.jpg,doc
1ff90f5c563641b6__aug3_offline.jpg,10,1ff90f5c563641b6.jpg,doc
2011ad31ee2deebf__aug0_offline.jpg,5,2011ad31ee2deebf.jpg,card_like
2011ad31ee2deebf__aug1_offline.jpg,5,2011ad31ee2deebf.jpg,card_like
2011ad31ee2deebf__aug2_offline.jpg,5,2011ad31ee2deebf.jpg,card_like
2011ad31ee2deebf__aug3_offline.jpg,5,2011ad31ee2deebf.jpg,card_like
201b665c0a513d19__aug0_offline.jpg,8,201b665c0a513d19.jpg,card_like
201b665c0a513d19__aug1_offline.jpg,8,201b665c0a513d19.jpg,card_like
201b665c0a513d19__aug2_offline.jpg,8,201b665c0a513d19.jpg,card_like
201b665c0a513d19__aug3_offline.jpg,8,201b665c0a513d19.jpg,card_like
2081d0e29accb9b2__aug0_offline.jpg,2,2081d0e29accb9b2.jpg,non_doc
2081d0e29accb9b2__aug1_offline.jpg,2,2081d0e29accb9b2.jpg,non_doc
2081d0e29accb9b2__aug2_offline.jpg,2,2081d0e29accb9b2.jpg,non_doc
2081d0e29accb9b2__aug3_offline.jpg,2,2081d0e29accb9b2.jpg,non_doc
20cdc47ce476427a__aug0_offline.jpg,12,20cdc47ce476427a.jpg,doc
20cdc47ce476427a__aug1_offline.jpg,12,20cdc47ce476427a.jpg,doc
20cdc47ce476427a__aug2_offline.jpg,12,20cdc47ce476427a.jpg,doc
20cdc47ce476427a__aug3_offline.jpg,12,20cdc47ce476427a.jpg,doc
20eb9af9eded1aea__aug0_offline.jpg,12,20eb9af9eded1aea.jpg,doc
20eb9af9eded1aea__aug1_offline.jpg,12,20eb9af9eded1aea.jpg,doc
20eb9af9eded1aea__aug2_offline.jpg,12,20eb9af9eded1aea.jpg,doc
20eb9af9eded1aea__aug3_offline.jpg,12,20eb9af9eded1aea.jpg,doc
210e5e6b28b73a4b__aug0_offline.jpg,7,210e5e6b28b73a4b.jpg,doc
210e5e6b28b73a4b__aug1_offline.jpg,7,210e5e6b28b73a4b.jpg,doc
210e5e6b28b73a4b__aug2_offline.jpg,7,210e5e6b28b73a4b.jpg,doc
210e5e6b28b73a4b__aug3_offline.jpg,7,210e5e6b28b73a4b.jpg,doc
21aa0f921c2e123c__aug0_offline.jpg,5,21aa0f921c2e123c.jpg,card_like
21aa0f921c2e123c__aug1_offline.jpg,5,21aa0f921c2e123c.jpg,card_like
21aa0f921c2e123c__aug2_offline.jpg,5,21aa0f921c2e123c.jpg,card_like
21aa0f921c2e123c__aug3_offline.jpg,5,21aa0f921c2e123c.jpg,card_like
21b62e20ee3bdea6__aug0_offline.jpg,9,21b62e20ee3bdea6.jpg,card_like
21b62e20ee3bdea6__aug1_offline.jpg,9,21b62e20ee3bdea6.jpg,card_like
21b62e20ee3bdea6__aug2_offline.jpg,9,21b62e20ee3bdea6.jpg,card_like
21b62e20ee3bdea6__aug3_offline.jpg,9,21b62e20ee3bdea6.jpg,card_like
22819e513decca0f__aug0_offline.jpg,14,22819e513decca0f.jpg,doc
22819e513decca0f__aug1_offline.jpg,14,22819e513decca0f.jpg,doc
22819e513decca0f__aug2_offline.jpg,14,22819e513decca0f.jpg,doc
22819e513decca0f__aug3_offline.jpg,14,22819e513decca0f.jpg,doc
22819e513decca0f__aug4_offline.jpg,14,22819e513decca0f.jpg,doc
22819e513decca0f__aug5_offline.jpg,14,22819e513decca0f.jpg,doc
22819e513decca0f__aug6_offline.jpg,14,22819e513decca0f.jpg,doc
22819e513decca0f__aug7_offline.jpg,14,22819e513decca0f.jpg,doc
22819e513decca0f__aug8_offline.jpg,14,22819e513decca0f.jpg,doc
228baafd60ceaae0__aug0_offline.jpg,15,228baafd60ceaae0.jpg,doc
228baafd60ceaae0__aug1_offline.jpg,15,228baafd60ceaae0.jpg,doc
228baafd60ceaae0__aug2_offline.jpg,15,228baafd60ceaae0.jpg,doc
228baafd60ceaae0__aug3_offline.jpg,15,228baafd60ceaae0.jpg,doc
22cdc44d695f2c1f__aug0_offline.jpg,7,22cdc44d695f2c1f.jpg,doc
22cdc44d695f2c1f__aug1_offline.jpg,7,22cdc44d695f2c1f.jpg,doc
22cdc44d695f2c1f__aug2_offline.jpg,7,22cdc44d695f2c1f.jpg,doc
22cdc44d695f2c1f__aug3_offline.jpg,7,22cdc44d695f2c1f.jpg,doc
23176b708b5111a4__aug0_offline.jpg,9,23176b708b5111a4.jpg,card_like
23176b708b5111a4__aug1_offline.jpg,9,23176b708b5111a4.jpg,card_like
23176b708b5111a4__aug2_offline.jpg,9,23176b708b5111a4.jpg,card_like
23176b708b5111a4__aug3_offline.jpg,9,23176b708b5111a4.jpg,card_like
233685659ef1ed84__aug0_offline.jpg,13,233685659ef1ed84.jpg,doc
233685659ef1ed84__aug1_offline.jpg,13,233685659ef1ed84.jpg,doc
233685659ef1ed84__aug2_offline.jpg,13,233685659ef1ed84.jpg,doc
233685659ef1ed84__aug3_offline.jpg,13,233685659ef1ed84.jpg,doc
233685659ef1ed84__aug4_offline.jpg,13,233685659ef1ed84.jpg,doc
2344b9ce3755221e__aug0_offline.jpg,8,2344b9ce3755221e.jpg,card_like
2344b9ce3755221e__aug1_offline.jpg,8,2344b9ce3755221e.jpg,card_like
2344b9ce3755221e__aug2_offline.jpg,8,2344b9ce3755221e.jpg,card_like
2344b9ce3755221e__aug3_offline.jpg,8,2344b9ce3755221e.jpg,card_like
23776fee6a6a5aa5__aug0_offline.jpg,15,23776fee6a6a5aa5.jpg,doc
23776fee6a6a5aa5__aug1_offline.jpg,15,23776fee6a6a5aa5.jpg,doc
23776fee6a6a5aa5__aug2_offline.jpg,15,23776fee6a6a5aa5.jpg,doc
23776fee6a6a5aa5__aug3_offline.jpg,15,23776fee6a6a5aa5.jpg,doc
23f48245fd39a90c__aug0_offline.jpg,2,23f48245fd39a90c.jpg,non_doc
23f48245fd39a90c__aug1_offline.jpg,2,23f48245fd39a90c.jpg,non_doc
23f48245fd39a90c__aug2_offline.jpg,2,23f48245fd39a90c.jpg,non_doc
23f48245fd39a90c__aug3_offline.jpg,2,23f48245fd39a90c.jpg,non_doc
241cfb4ccd3666f0__aug0_offline.jpg,7,241cfb4ccd3666f0.jpg,doc
241cfb4ccd3666f0__aug1_offline.jpg,7,241cfb4ccd3666f0.jpg,doc
241cfb4ccd3666f0__aug2_offline.jpg,7,241cfb4ccd3666f0.jpg,doc
241cfb4ccd3666f0__aug3_offline.jpg,7,241cfb4ccd3666f0.jpg,doc
24204bdb434192db__aug0_offline.jpg,3,24204bdb434192db.jpg,doc
24204bdb434192db__aug1_offline.jpg,3,24204bdb434192db.jpg,doc
24204bdb434192db__aug2_offline.jpg,3,24204bdb434192db.jpg,doc
24204bdb434192db__aug3_offline.jpg,3,24204bdb434192db.jpg,doc
24849ed38a58e37d__aug0_offline.jpg,4,24849ed38a58e37d.jpg,doc
24849ed38a58e37d__aug1_offline.jpg,4,24849ed38a58e37d.jpg,doc
24849ed38a58e37d__aug2_offline.jpg,4,24849ed38a58e37d.jpg,doc
24849ed38a58e37d__aug3_offline.jpg,4,24849ed38a58e37d.jpg,doc
2491313fc531e53c__aug0_offline.jpg,12,2491313fc531e53c.jpg,doc
2491313fc531e53c__aug1_offline.jpg,12,2491313fc531e53c.jpg,doc
2491313fc531e53c__aug2_offline.jpg,12,2491313fc531e53c.jpg,doc
2491313fc531e53c__aug3_offline.jpg,12,2491313fc531e53c.jpg,doc
24ccb7ee55e01794__aug0_offline.jpg,10,24ccb7ee55e01794.jpg,doc
24ccb7ee55e01794__aug1_offline.jpg,10,24ccb7ee55e01794.jpg,doc
24ccb7ee55e01794__aug2_offline.jpg,10,24ccb7ee55e01794.jpg,doc
24ccb7ee55e01794__aug3_offline.jpg,10,24ccb7ee55e01794.jpg,doc
24d674a8083314a7__aug0_offline.jpg,8,24d674a8083314a7.jpg,card_like
24d674a8083314a7__aug1_offline.jpg,8,24d674a8083314a7.jpg,card_like
24d674a8083314a7__aug2_offline.jpg,8,24d674a8083314a7.jpg,card_like
24d674a8083314a7__aug3_offline.jpg,8,24d674a8083314a7.jpg,card_like
251aae77e760ca8a__aug0_offline.jpg,0,251aae77e760ca8a.jpg,doc
251aae77e760ca8a__aug1_offline.jpg,0,251aae77e760ca8a.jpg,doc
251aae77e760ca8a__aug2_offline.jpg,0,251aae77e760ca8a.jpg,doc
251aae77e760ca8a__aug3_offline.jpg,0,251aae77e760ca8a.jpg,doc
2552a6625015ace2__aug0_offline.jpg,8,2552a6625015ace2.jpg,card_like
2552a6625015ace2__aug1_offline.jpg,8,2552a6625015ace2.jpg,card_like
2552a6625015ace2__aug2_offline.jpg,8,2552a6625015ace2.jpg,card_like
2552a6625015ace2__aug3_offline.jpg,8,2552a6625015ace2.jpg,card_like
257781a5474229b2__aug0_offline.jpg,5,257781a5474229b2.jpg,card_like
257781a5474229b2__aug1_offline.jpg,5,257781a5474229b2.jpg,card_like
257781a5474229b2__aug2_offline.jpg,5,257781a5474229b2.jpg,card_like
257781a5474229b2__aug3_offline.jpg,5,257781a5474229b2.jpg,card_like
258ffcf2fbc07d2c__aug0_offline.jpg,3,258ffcf2fbc07d2c.jpg,doc
258ffcf2fbc07d2c__aug1_offline.jpg,3,258ffcf2fbc07d2c.jpg,doc
258ffcf2fbc07d2c__aug2_offline.jpg,3,258ffcf2fbc07d2c.jpg,doc
258ffcf2fbc07d2c__aug3_offline.jpg,3,258ffcf2fbc07d2c.jpg,doc
25cb3d4a2e9d24e2__aug0_offline.jpg,3,25cb3d4a2e9d24e2.jpg,doc
25cb3d4a2e9d24e2__aug1_offline.jpg,3,25cb3d4a2e9d24e2.jpg,doc
25cb3d4a2e9d24e2__aug2_offline.jpg,3,25cb3d4a2e9d24e2.jpg,doc
25cb3d4a2e9d24e2__aug3_offline.jpg,3,25cb3d4a2e9d24e2.jpg,doc
2609d9a25bd136ee__aug0_offline.jpg,6,2609d9a25bd136ee.jpg,doc
2609d9a25bd136ee__aug1_offline.jpg,6,2609d9a25bd136ee.jpg,doc
2609d9a25bd136ee__aug2_offline.jpg,6,2609d9a25bd136ee.jpg,doc
2609d9a25bd136ee__aug3_offline.jpg,6,2609d9a25bd136ee.jpg,doc
267e7c60307fbc40__aug0_offline.jpg,12,267e7c60307fbc40.jpg,doc
267e7c60307fbc40__aug1_offline.jpg,12,267e7c60307fbc40.jpg,doc
267e7c60307fbc40__aug2_offline.jpg,12,267e7c60307fbc40.jpg,doc
267e7c60307fbc40__aug3_offline.jpg,12,267e7c60307fbc40.jpg,doc
26b5a257eea69adb__aug0_offline.jpg,5,26b5a257eea69adb.jpg,card_like
26b5a257eea69adb__aug1_offline.jpg,5,26b5a257eea69adb.jpg,card_like
26b5a257eea69adb__aug2_offline.jpg,5,26b5a257eea69adb.jpg,card_like
26b5a257eea69adb__aug3_offline.jpg,5,26b5a257eea69adb.jpg,card_like
26c2ffab3948e196__aug0_offline.jpg,10,26c2ffab3948e196.jpg,doc
26c2ffab3948e196__aug1_offline.jpg,10,26c2ffab3948e196.jpg,doc
26c2ffab3948e196__aug2_offline.jpg,10,26c2ffab3948e196.jpg,doc
26c2ffab3948e196__aug3_offline.jpg,10,26c2ffab3948e196.jpg,doc
270755a6d4055845__aug0_offline.jpg,2,270755a6d4055845.jpg,non_doc
270755a6d4055845__aug1_offline.jpg,2,270755a6d4055845.jpg,non_doc
270755a6d4055845__aug2_offline.jpg,2,270755a6d4055845.jpg,non_doc
270755a6d4055845__aug3_offline.jpg,2,270755a6d4055845.jpg,non_doc
271322cae921fac6__aug0_offline.jpg,11,271322cae921fac6.jpg,doc
271322cae921fac6__aug1_offline.jpg,11,271322cae921fac6.jpg,doc
271322cae921fac6__aug2_offline.jpg,11,271322cae921fac6.jpg,doc
271322cae921fac6__aug3_offline.jpg,11,271322cae921fac6.jpg,doc
276944ce58a620d4__aug0_offline.jpg,6,276944ce58a620d4.jpg,doc
276944ce58a620d4__aug1_offline.jpg,6,276944ce58a620d4.jpg,doc
276944ce58a620d4__aug2_offline.jpg,6,276944ce58a620d4.jpg,doc
276944ce58a620d4__aug3_offline.jpg,6,276944ce58a620d4.jpg,doc
278277805e83e8b2__aug0_offline.jpg,6,278277805e83e8b2.jpg,doc
278277805e83e8b2__aug1_offline.jpg,6,278277805e83e8b2.jpg,doc
278277805e83e8b2__aug2_offline.jpg,6,278277805e83e8b2.jpg,doc
278277805e83e8b2__aug3_offline.jpg,6,278277805e83e8b2.jpg,doc
27e97a7637f1f1c4__aug0_offline.jpg,16,27e97a7637f1f1c4.jpg,non_doc
27e97a7637f1f1c4__aug1_offline.jpg,16,27e97a7637f1f1c4.jpg,non_doc
27e97a7637f1f1c4__aug2_offline.jpg,16,27e97a7637f1f1c4.jpg,non_doc
27e97a7637f1f1c4__aug3_offline.jpg,16,27e97a7637f1f1c4.jpg,non_doc
2887fd8fd6320039__aug0_offline.jpg,1,2887fd8fd6320039.jpg,doc
2887fd8fd6320039__aug1_offline.jpg,1,2887fd8fd6320039.jpg,doc
2887fd8fd6320039__aug2_offline.jpg,1,2887fd8fd6320039.jpg,doc
2887fd8fd6320039__aug3_offline.jpg,1,2887fd8fd6320039.jpg,doc
2887fd8fd6320039__aug4_offline.jpg,1,2887fd8fd6320039.jpg,doc
2887fd8fd6320039__aug5_offline.jpg,1,2887fd8fd6320039.jpg,doc
2887fd8fd6320039__aug6_offline.jpg,1,2887fd8fd6320039.jpg,doc
2887fd8fd6320039__aug7_offline.jpg,1,2887fd8fd6320039.jpg,doc
2887fd8fd6320039__aug8_offline.jpg,1,2887fd8fd6320039.jpg,doc
2887fd8fd6320039__aug9_offline.jpg,1,2887fd8fd6320039.jpg,doc
28beca469e8966b7__aug0_offline.jpg,12,28beca469e8966b7.jpg,doc
28beca469e8966b7__aug1_offline.jpg,12,28beca469e8966b7.jpg,doc
28beca469e8966b7__aug2_offline.jpg,12,28beca469e8966b7.jpg,doc
28beca469e8966b7__aug3_offline.jpg,12,28beca469e8966b7.jpg,doc
28f6c16c4fb6bf83__aug0_offline.jpg,5,28f6c16c4fb6bf83.jpg,card_like
28f6c16c4fb6bf83__aug1_offline.jpg,5,28f6c16c4fb6bf83.jpg,card_like
28f6c16c4fb6bf83__aug2_offline.jpg,5,28f6c16c4fb6bf83.jpg,card_like
28f6c16c4fb6bf83__aug3_offline.jpg,5,28f6c16c4fb6bf83.jpg,card_like
2916e5db8a60d01a__aug0_offline.jpg,0,2916e5db8a60d01a.jpg,doc
2916e5db8a60d01a__aug1_offline.jpg,0,2916e5db8a60d01a.jpg,doc
2916e5db8a60d01a__aug2_offline.jpg,0,2916e5db8a60d01a.jpg,doc
2916e5db8a60d01a__aug3_offline.jpg,0,2916e5db8a60d01a.jpg,doc
293316f2c9939133__aug0_offline.jpg,0,293316f2c9939133.jpg,doc
293316f2c9939133__aug1_offline.jpg,0,293316f2c9939133.jpg,doc
293316f2c9939133__aug2_offline.jpg,0,293316f2c9939133.jpg,doc
293316f2c9939133__aug3_offline.jpg,0,293316f2c9939133.jpg,doc
297bbf30d4be0d50__aug0_offline.jpg,3,297bbf30d4be0d50.jpg,doc
297bbf30d4be0d50__aug1_offline.jpg,3,297bbf30d4be0d50.jpg,doc
297bbf30d4be0d50__aug2_offline.jpg,3,297bbf30d4be0d50.jpg,doc
297bbf30d4be0d50__aug3_offline.jpg,3,297bbf30d4be0d50.jpg,doc
298df9959cc9995c__aug0_offline.jpg,2,298df9959cc9995c.jpg,non_doc
298df9959cc9995c__aug1_offline.jpg,2,298df9959cc9995c.jpg,non_doc
298df9959cc9995c__aug2_offline.jpg,2,298df9959cc9995c.jpg,non_doc
298df9959cc9995c__aug3_offline.jpg,2,298df9959cc9995c.jpg,non_doc
299a9d5cd6894ad7__aug0_offline.jpg,4,299a9d5cd6894ad7.jpg,doc
299a9d5cd6894ad7__aug1_offline.jpg,4,299a9d5cd6894ad7.jpg,doc
299a9d5cd6894ad7__aug2_offline.jpg,4,299a9d5cd6894ad7.jpg,doc
299a9d5cd6894ad7__aug3_offline.jpg,4,299a9d5cd6894ad7.jpg,doc
2a0ab3ef1ad4f910__aug0_offline.jpg,10,2a0ab3ef1ad4f910.jpg,doc
2a0ab3ef1ad4f910__aug1_offline.jpg,10,2a0ab3ef1ad4f910.jpg,doc
2a0ab3ef1ad4f910__aug2_offline.jpg,10,2a0ab3ef1ad4f910.jpg,doc
2a0ab3ef1ad4f910__aug3_offline.jpg,10,2a0ab3ef1ad4f910.jpg,doc
2a1e96189e54e1e9__aug0_offline.jpg,2,2a1e96189e54e1e9.jpg,non_doc
2a1e96189e54e1e9__aug1_offline.jpg,2,2a1e96189e54e1e9.jpg,non_doc
2a1e96189e54e1e9__aug2_offline.jpg,2,2a1e96189e54e1e9.jpg,non_doc
2a1e96189e54e1e9__aug3_offline.jpg,2,2a1e96189e54e1e9.jpg,non_doc
2a3790ab1adfe1f4__aug0_offline.jpg,3,2a3790ab1adfe1f4.jpg,doc
2a3790ab1adfe1f4__aug1_offline.jpg,3,2a3790ab1adfe1f4.jpg,doc
2a3790ab1adfe1f4__aug2_offline.jpg,3,2a3790ab1adfe1f4.jpg,doc
2a3790ab1adfe1f4__aug3_offline.jpg,3,2a3790ab1adfe1f4.jpg,doc
2a69eaae1b584459__aug0_offline.jpg,2,2a69eaae1b584459.jpg,non_doc
2a69eaae1b584459__aug1_offline.jpg,2,2a69eaae1b584459.jpg,non_doc
2a69eaae1b584459__aug2_offline.jpg,2,2a69eaae1b584459.jpg,non_doc
2a69eaae1b584459__aug3_offline.jpg,2,2a69eaae1b584459.jpg,non_doc
2a6a04ac881579f4__aug0_offline.jpg,13,2a6a04ac881579f4.jpg,doc
2a6a04ac881579f4__aug1_offline.jpg,13,2a6a04ac881579f4.jpg,doc
2a6a04ac881579f4__aug2_offline.jpg,13,2a6a04ac881579f4.jpg,doc
2a6a04ac881579f4__aug3_offline.jpg,13,2a6a04ac881579f4.jpg,doc
2a6a04ac881579f4__aug4_offline.jpg,13,2a6a04ac881579f4.jpg,doc
2a75938541d36c4a__aug0_offline.jpg,14,2a75938541d36c4a.jpg,doc
2a75938541d36c4a__aug1_offline.jpg,14,2a75938541d36c4a.jpg,doc
2a75938541d36c4a__aug2_offline.jpg,14,2a75938541d36c4a.jpg,doc
2a75938541d36c4a__aug3_offline.jpg,14,2a75938541d36c4a.jpg,doc
2a75938541d36c4a__aug4_offline.jpg,14,2a75938541d36c4a.jpg,doc
2a75938541d36c4a__aug5_offline.jpg,14,2a75938541d36c4a.jpg,doc
2a75938541d36c4a__aug6_offline.jpg,14,2a75938541d36c4a.jpg,doc
2a75938541d36c4a__aug7_offline.jpg,14,2a75938541d36c4a.jpg,doc
2a75938541d36c4a__aug8_offline.jpg,14,2a75938541d36c4a.jpg,doc
2a782453c0dc8083__aug0_offline.jpg,12,2a782453c0dc8083.jpg,doc
2a782453c0dc8083__aug1_offline.jpg,12,2a782453c0dc8083.jpg,doc
2a782453c0dc8083__aug2_offline.jpg,12,2a782453c0dc8083.jpg,doc
2a782453c0dc8083__aug3_offline.jpg,12,2a782453c0dc8083.jpg,doc
2af50704a985252c__aug0_offline.jpg,16,2af50704a985252c.jpg,non_doc
2af50704a985252c__aug1_offline.jpg,16,2af50704a985252c.jpg,non_doc
2af50704a985252c__aug2_offline.jpg,16,2af50704a985252c.jpg,non_doc
2af50704a985252c__aug3_offline.jpg,16,2af50704a985252c.jpg,non_doc
2b04e4a315457bc0__aug0_offline.jpg,7,2b04e4a315457bc0.jpg,doc
2b04e4a315457bc0__aug1_offline.jpg,7,2b04e4a315457bc0.jpg,doc
2b04e4a315457bc0__aug2_offline.jpg,7,2b04e4a315457bc0.jpg,doc
2b04e4a315457bc0__aug3_offline.jpg,7,2b04e4a315457bc0.jpg,doc
2b2c5155a5c90fed__aug0_offline.jpg,2,2b2c5155a5c90fed.jpg,non_doc
2b2c5155a5c90fed__aug1_offline.jpg,2,2b2c5155a5c90fed.jpg,non_doc
2b2c5155a5c90fed__aug2_offline.jpg,2,2b2c5155a5c90fed.jpg,non_doc
2b2c5155a5c90fed__aug3_offline.jpg,2,2b2c5155a5c90fed.jpg,non_doc
2b35ea4896a3cb57__aug0_offline.jpg,12,2b35ea4896a3cb57.jpg,doc
2b35ea4896a3cb57__aug1_offline.jpg,12,2b35ea4896a3cb57.jpg,doc
2b35ea4896a3cb57__aug2_offline.jpg,12,2b35ea4896a3cb57.jpg,doc
2b35ea4896a3cb57__aug3_offline.jpg,12,2b35ea4896a3cb57.jpg,doc
2b48c5df850c656b__aug0_offline.jpg,12,2b48c5df850c656b.jpg,doc
2b48c5df850c656b__aug1_offline.jpg,12,2b48c5df850c656b.jpg,doc
2b48c5df850c656b__aug2_offline.jpg,12,2b48c5df850c656b.jpg,doc
2b48c5df850c656b__aug3_offline.jpg,12,2b48c5df850c656b.jpg,doc
2b79f6f8cce0368c__aug0_offline.jpg,0,2b79f6f8cce0368c.jpg,doc
2b79f6f8cce0368c__aug1_offline.jpg,0,2b79f6f8cce0368c.jpg,doc
2b79f6f8cce0368c__aug2_offline.jpg,0,2b79f6f8cce0368c.jpg,doc
2b79f6f8cce0368c__aug3_offline.jpg,0,2b79f6f8cce0368c.jpg,doc
2bbdb0a519013af2__aug0_offline.jpg,14,2bbdb0a519013af2.jpg,doc
2bbdb0a519013af2__aug1_offline.jpg,14,2bbdb0a519013af2.jpg,doc
2bbdb0a519013af2__aug2_offline.jpg,14,2bbdb0a519013af2.jpg,doc
2bbdb0a519013af2__aug3_offline.jpg,14,2bbdb0a519013af2.jpg,doc
2bbdb0a519013af2__aug4_offline.jpg,14,2bbdb0a519013af2.jpg,doc
2bbdb0a519013af2__aug5_offline.jpg,14,2bbdb0a519013af2.jpg,doc
2bbdb0a519013af2__aug6_offline.jpg,14,2bbdb0a519013af2.jpg,doc
2bbdb0a519013af2__aug7_offline.jpg,14,2bbdb0a519013af2.jpg,doc
2bbdb0a519013af2__aug8_offline.jpg,14,2bbdb0a519013af2.jpg,doc
2bd137d9e8c2a8d9__aug0_offline.jpg,12,2bd137d9e8c2a8d9.jpg,doc
2bd137d9e8c2a8d9__aug1_offline.jpg,12,2bd137d9e8c2a8d9.jpg,doc
2bd137d9e8c2a8d9__aug2_offline.jpg,12,2bd137d9e8c2a8d9.jpg,doc
2bd137d9e8c2a8d9__aug3_offline.jpg,12,2bd137d9e8c2a8d9.jpg,doc
2bd9681497e2eb3a__aug0_offline.jpg,13,2bd9681497e2eb3a.jpg,doc
2bd9681497e2eb3a__aug1_offline.jpg,13,2bd9681497e2eb3a.jpg,doc
2bd9681497e2eb3a__aug2_offline.jpg,13,2bd9681497e2eb3a.jpg,doc
2bd9681497e2eb3a__aug3_offline.jpg,13,2bd9681497e2eb3a.jpg,doc
2bd9681497e2eb3a__aug4_offline.jpg,13,2bd9681497e2eb3a.jpg,doc
2c4aef59eb3e8f84__aug0_offline.jpg,9,2c4aef59eb3e8f84.jpg,card_like
2c4aef59eb3e8f84__aug1_offline.jpg,9,2c4aef59eb3e8f84.jpg,card_like
2c4aef59eb3e8f84__aug2_offline.jpg,9,2c4aef59eb3e8f84.jpg,card_like
2c4aef59eb3e8f84__aug3_offline.jpg,9,2c4aef59eb3e8f84.jpg,card_like
2c5a2a5f066b1c82__aug0_offline.jpg,3,2c5a2a5f066b1c82.jpg,doc
2c5a2a5f066b1c82__aug1_offline.jpg,3,2c5a2a5f066b1c82.jpg,doc
2c5a2a5f066b1c82__aug2_offline.jpg,3,2c5a2a5f066b1c82.jpg,doc
2c5a2a5f066b1c82__aug3_offline.jpg,3,2c5a2a5f066b1c82.jpg,doc
2c7de2c90fe6388f__aug0_offline.jpg,12,2c7de2c90fe6388f.jpg,doc
2c7de2c90fe6388f__aug1_offline.jpg,12,2c7de2c90fe6388f.jpg,doc
2c7de2c90fe6388f__aug2_offline.jpg,12,2c7de2c90fe6388f.jpg,doc
2c7de2c90fe6388f__aug3_offline.jpg,12,2c7de2c90fe6388f.jpg,doc
2c83cba92c88468c__aug0_offline.jpg,9,2c83cba92c88468c.jpg,card_like
2c83cba92c88468c__aug1_offline.jpg,9,2c83cba92c88468c.jpg,card_like
2c83cba92c88468c__aug2_offline.jpg,9,2c83cba92c88468c.jpg,card_like
2c83cba92c88468c__aug3_offline.jpg,9,2c83cba92c88468c.jpg,card_like
2ca6dd9543332aea__aug0_offline.jpg,1,2ca6dd9543332aea.jpg,doc
2ca6dd9543332aea__aug1_offline.jpg,1,2ca6dd9543332aea.jpg,doc
2ca6dd9543332aea__aug2_offline.jpg,1,2ca6dd9543332aea.jpg,doc
2ca6dd9543332aea__aug3_offline.jpg,1,2ca6dd9543332aea.jpg,doc
2ca6dd9543332aea__aug4_offline.jpg,1,2ca6dd9543332aea.jpg,doc
2ca6dd9543332aea__aug5_offline.jpg,1,2ca6dd9543332aea.jpg,doc
2ca6dd9543332aea__aug6_offline.jpg,1,2ca6dd9543332aea.jpg,doc
2ca6dd9543332aea__aug7_offline.jpg,1,2ca6dd9543332aea.jpg,doc
2ca6dd9543332aea__aug8_offline.jpg,1,2ca6dd9543332aea.jpg,doc
2ca6dd9543332aea__aug9_offline.jpg,1,2ca6dd9543332aea.jpg,doc
2d1381ebe8a01fa2__aug0_offline.jpg,0,2d1381ebe8a01fa2.jpg,doc
2d1381ebe8a01fa2__aug1_offline.jpg,0,2d1381ebe8a01fa2.jpg,doc
2d1381ebe8a01fa2__aug2_offline.jpg,0,2d1381ebe8a01fa2.jpg,doc
2d1381ebe8a01fa2__aug3_offline.jpg,0,2d1381ebe8a01fa2.jpg,doc
2d2269b6c266dff0__aug0_offline.jpg,4,2d2269b6c266dff0.jpg,doc
2d2269b6c266dff0__aug1_offline.jpg,4,2d2269b6c266dff0.jpg,doc
2d2269b6c266dff0__aug2_offline.jpg,4,2d2269b6c266dff0.jpg,doc
2d2269b6c266dff0__aug3_offline.jpg,4,2d2269b6c266dff0.jpg,doc
2d53b7c7b8cd47ac__aug0_offline.jpg,6,2d53b7c7b8cd47ac.jpg,doc
2d53b7c7b8cd47ac__aug1_offline.jpg,6,2d53b7c7b8cd47ac.jpg,doc
2d53b7c7b8cd47ac__aug2_offline.jpg,6,2d53b7c7b8cd47ac.jpg,doc
2d53b7c7b8cd47ac__aug3_offline.jpg,6,2d53b7c7b8cd47ac.jpg,doc
2db10d90789ed7e6__aug0_offline.jpg,4,2db10d90789ed7e6.jpg,doc
2db10d90789ed7e6__aug1_offline.jpg,4,2db10d90789ed7e6.jpg,doc
2db10d90789ed7e6__aug2_offline.jpg,4,2db10d90789ed7e6.jpg,doc
2db10d90789ed7e6__aug3_offline.jpg,4,2db10d90789ed7e6.jpg,doc
2db21acd1d1402a7__aug0_offline.jpg,10,2db21acd1d1402a7.jpg,doc
2db21acd1d1402a7__aug1_offline.jpg,10,2db21acd1d1402a7.jpg,doc
2db21acd1d1402a7__aug2_offline.jpg,10,2db21acd1d1402a7.jpg,doc
2db21acd1d1402a7__aug3_offline.jpg,10,2db21acd1d1402a7.jpg,doc
2dec15a45154959e__aug0_offline.jpg,8,2dec15a45154959e.jpg,card_like
2dec15a45154959e__aug1_offline.jpg,8,2dec15a45154959e.jpg,card_like
2dec15a45154959e__aug2_offline.jpg,8,2dec15a45154959e.jpg,card_like
2dec15a45154959e__aug3_offline.jpg,8,2dec15a45154959e.jpg,card_like
2e2d105c5a7df767__aug0_offline.jpg,4,2e2d105c5a7df767.jpg,doc
2e2d105c5a7df767__aug1_offline.jpg,4,2e2d105c5a7df767.jpg,doc
2e2d105c5a7df767__aug2_offline.jpg,4,2e2d105c5a7df767.jpg,doc
2e2d105c5a7df767__aug3_offline.jpg,4,2e2d105c5a7df767.jpg,doc
2e340057f941be08__aug0_offline.jpg,5,2e340057f941be08.jpg,card_like
2e340057f941be08__aug1_offline.jpg,5,2e340057f941be08.jpg,card_like
2e340057f941be08__aug2_offline.jpg,5,2e340057f941be08.jpg,card_like
2e340057f941be08__aug3_offline.jpg,5,2e340057f941be08.jpg,card_like
2e3550bead1a72cb__aug0_offline.jpg,14,2e3550bead1a72cb.jpg,doc
2e3550bead1a72cb__aug1_offline.jpg,14,2e3550bead1a72cb.jpg,doc
2e3550bead1a72cb__aug2_offline.jpg,14,2e3550bead1a72cb.jpg,doc
2e3550bead1a72cb__aug3_offline.jpg,14,2e3550bead1a72cb.jpg,doc
2e3550bead1a72cb__aug4_offline.jpg,14,2e3550bead1a72cb.jpg,doc
2e3550bead1a72cb__aug5_offline.jpg,14,2e3550bead1a72cb.jpg,doc
2e3550bead1a72cb__aug6_offline.jpg,14,2e3550bead1a72cb.jpg,doc
2e3550bead1a72cb__aug7_offline.jpg,14,2e3550bead1a72cb.jpg,doc
2e3550bead1a72cb__aug8_offline.jpg,14,2e3550bead1a72cb.jpg,doc
2e5acd2c86fc6ad3__aug0_offline.jpg,3,2e5acd2c86fc6ad3.jpg,doc
2e5acd2c86fc6ad3__aug1_offline.jpg,3,2e5acd2c86fc6ad3.jpg,doc
2e5acd2c86fc6ad3__aug2_offline.jpg,3,2e5acd2c86fc6ad3.jpg,doc
2e5acd2c86fc6ad3__aug3_offline.jpg,3,2e5acd2c86fc6ad3.jpg,doc
2e939381a84d19cf__aug0_offline.jpg,7,2e939381a84d19cf.jpg,doc
2e939381a84d19cf__aug1_offline.jpg,7,2e939381a84d19cf.jpg,doc
2e939381a84d19cf__aug2_offline.jpg,7,2e939381a84d19cf.jpg,doc
2e939381a84d19cf__aug3_offline.jpg,7,2e939381a84d19cf.jpg,doc
2e9848b9a0ccbf72__aug0_offline.jpg,13,2e9848b9a0ccbf72.jpg,doc
2e9848b9a0ccbf72__aug1_offline.jpg,13,2e9848b9a0ccbf72.jpg,doc
2e9848b9a0ccbf72__aug2_offline.jpg,13,2e9848b9a0ccbf72.jpg,doc
2e9848b9a0ccbf72__aug3_offline.jpg,13,2e9848b9a0ccbf72.jpg,doc
2e9848b9a0ccbf72__aug4_offline.jpg,13,2e9848b9a0ccbf72.jpg,doc
2ece6d9427f8602b__aug0_offline.jpg,1,2ece6d9427f8602b.jpg,doc
2ece6d9427f8602b__aug1_offline.jpg,1,2ece6d9427f8602b.jpg,doc
2ece6d9427f8602b__aug2_offline.jpg,1,2ece6d9427f8602b.jpg,doc
2ece6d9427f8602b__aug3_offline.jpg,1,2ece6d9427f8602b.jpg,doc
2ece6d9427f8602b__aug4_offline.jpg,1,2ece6d9427f8602b.jpg,doc
2ece6d9427f8602b__aug5_offline.jpg,1,2ece6d9427f8602b.jpg,doc
2ece6d9427f8602b__aug6_offline.jpg,1,2ece6d9427f8602b.jpg,doc
2ece6d9427f8602b__aug7_offline.jpg,1,2ece6d9427f8602b.jpg,doc
2ece6d9427f8602b__aug8_offline.jpg,1,2ece6d9427f8602b.jpg,doc
2ece6d9427f8602b__aug9_offline.jpg,1,2ece6d9427f8602b.jpg,doc
2edee3a4605a6992__aug0_offline.jpg,14,2edee3a4605a6992.jpg,doc
2edee3a4605a6992__aug1_offline.jpg,14,2edee3a4605a6992.jpg,doc
2edee3a4605a6992__aug2_offline.jpg,14,2edee3a4605a6992.jpg,doc
2edee3a4605a6992__aug3_offline.jpg,14,2edee3a4605a6992.jpg,doc
2edee3a4605a6992__aug4_offline.jpg,14,2edee3a4605a6992.jpg,doc
2edee3a4605a6992__aug5_offline.jpg,14,2edee3a4605a6992.jpg,doc
2edee3a4605a6992__aug6_offline.jpg,14,2edee3a4605a6992.jpg,doc
2edee3a4605a6992__aug7_offline.jpg,14,2edee3a4605a6992.jpg,doc
2edee3a4605a6992__aug8_offline.jpg,14,2edee3a4605a6992.jpg,doc
2f10436b17d47159__aug0_offline.jpg,9,2f10436b17d47159.jpg,card_like
2f10436b17d47159__aug1_offline.jpg,9,2f10436b17d47159.jpg,card_like
2f10436b17d47159__aug2_offline.jpg,9,2f10436b17d47159.jpg,card_like
2f10436b17d47159__aug3_offline.jpg,9,2f10436b17d47159.jpg,card_like
2f3571beb1cdbc2a__aug0_offline.jpg,5,2f3571beb1cdbc2a.jpg,card_like
2f3571beb1cdbc2a__aug1_offline.jpg,5,2f3571beb1cdbc2a.jpg,card_like
2f3571beb1cdbc2a__aug2_offline.jpg,5,2f3571beb1cdbc2a.jpg,card_like
2f3571beb1cdbc2a__aug3_offline.jpg,5,2f3571beb1cdbc2a.jpg,card_like
2f54a350152fc848__aug0_offline.jpg,10,2f54a350152fc848.jpg,doc
2f54a350152fc848__aug1_offline.jpg,10,2f54a350152fc848.jpg,doc
2f54a350152fc848__aug2_offline.jpg,10,2f54a350152fc848.jpg,doc
2f54a350152fc848__aug3_offline.jpg,10,2f54a350152fc848.jpg,doc
2f9e59fc591b0b0e__aug0_offline.jpg,5,2f9e59fc591b0b0e.jpg,card_like
2f9e59fc591b0b0e__aug1_offline.jpg,5,2f9e59fc591b0b0e.jpg,card_like
2f9e59fc591b0b0e__aug2_offline.jpg,5,2f9e59fc591b0b0e.jpg,card_like
2f9e59fc591b0b0e__aug3_offline.jpg,5,2f9e59fc591b0b0e.jpg,card_like
2fa2273e868d224e__aug0_offline.jpg,10,2fa2273e868d224e.jpg,doc
2fa2273e868d224e__aug1_offline.jpg,10,2fa2273e868d224e.jpg,doc
2fa2273e868d224e__aug2_offline.jpg,10,2fa2273e868d224e.jpg,doc
2fa2273e868d224e__aug3_offline.jpg,10,2fa2273e868d224e.jpg,doc
2fef62c132543794__aug0_offline.jpg,6,2fef62c132543794.jpg,doc
2fef62c132543794__aug1_offline.jpg,6,2fef62c132543794.jpg,doc
2fef62c132543794__aug2_offline.jpg,6,2fef62c132543794.jpg,doc
2fef62c132543794__aug3_offline.jpg,6,2fef62c132543794.jpg,doc
300c5be1070fd0ca__aug0_offline.jpg,0,300c5be1070fd0ca.jpg,doc
300c5be1070fd0ca__aug1_offline.jpg,0,300c5be1070fd0ca.jpg,doc
300c5be1070fd0ca__aug2_offline.jpg,0,300c5be1070fd0ca.jpg,doc
300c5be1070fd0ca__aug3_offline.jpg,0,300c5be1070fd0ca.jpg,doc
3010c2ef019abeeb__aug0_offline.jpg,15,3010c2ef019abeeb.jpg,doc
3010c2ef019abeeb__aug1_offline.jpg,15,3010c2ef019abeeb.jpg,doc
3010c2ef019abeeb__aug2_offline.jpg,15,3010c2ef019abeeb.jpg,doc
3010c2ef019abeeb__aug3_offline.jpg,15,3010c2ef019abeeb.jpg,doc
30363ae8afb9f685__aug0_offline.jpg,8,30363ae8afb9f685.jpg,card_like
30363ae8afb9f685__aug1_offline.jpg,8,30363ae8afb9f685.jpg,card_like
30363ae8afb9f685__aug2_offline.jpg,8,30363ae8afb9f685.jpg,card_like
30363ae8afb9f685__aug3_offline.jpg,8,30363ae8afb9f685.jpg,card_like
304fd1de239ea7c6__aug0_offline.jpg,15,304fd1de239ea7c6.jpg,doc
304fd1de239ea7c6__aug1_offline.jpg,15,304fd1de239ea7c6.jpg,doc
304fd1de239ea7c6__aug2_offline.jpg,15,304fd1de239ea7c6.jpg,doc
304fd1de239ea7c6__aug3_offline.jpg,15,304fd1de239ea7c6.jpg,doc
3058a1d26cf2d4cc__aug0_offline.jpg,16,3058a1d26cf2d4cc.jpg,non_doc
3058a1d26cf2d4cc__aug1_offline.jpg,16,3058a1d26cf2d4cc.jpg,non_doc
3058a1d26cf2d4cc__aug2_offline.jpg,16,3058a1d26cf2d4cc.jpg,non_doc
3058a1d26cf2d4cc__aug3_offline.jpg,16,3058a1d26cf2d4cc.jpg,non_doc
308ffb1480b710bb__aug0_offline.jpg,3,308ffb1480b710bb.jpg,doc
308ffb1480b710bb__aug1_offline.jpg,3,308ffb1480b710bb.jpg,doc
308ffb1480b710bb__aug2_offline.jpg,3,308ffb1480b710bb.jpg,doc
308ffb1480b710bb__aug3_offline.jpg,3,308ffb1480b710bb.jpg,doc
309ce6a6e13f0177__aug0_offline.jpg,1,309ce6a6e13f0177.jpg,doc
309ce6a6e13f0177__aug1_offline.jpg,1,309ce6a6e13f0177.jpg,doc
309ce6a6e13f0177__aug2_offline.jpg,1,309ce6a6e13f0177.jpg,doc
309ce6a6e13f0177__aug3_offline.jpg,1,309ce6a6e13f0177.jpg,doc
309ce6a6e13f0177__aug4_offline.jpg,1,309ce6a6e13f0177.jpg,doc
309ce6a6e13f0177__aug5_offline.jpg,1,309ce6a6e13f0177.jpg,doc
309ce6a6e13f0177__aug6_offline.jpg,1,309ce6a6e13f0177.jpg,doc
309ce6a6e13f0177__aug7_offline.jpg,1,309ce6a6e13f0177.jpg,doc
309ce6a6e13f0177__aug8_offline.jpg,1,309ce6a6e13f0177.jpg,doc
309ce6a6e13f0177__aug9_offline.jpg,1,309ce6a6e13f0177.jpg,doc
30b2df34210bef90__aug0_offline.jpg,0,30b2df34210bef90.jpg,doc
30b2df34210bef90__aug1_offline.jpg,0,30b2df34210bef90.jpg,doc
30b2df34210bef90__aug2_offline.jpg,0,30b2df34210bef90.jpg,doc
30b2df34210bef90__aug3_offline.jpg,0,30b2df34210bef90.jpg,doc
31403802398458b2__aug0_offline.jpg,5,31403802398458b2.jpg,card_like
31403802398458b2__aug1_offline.jpg,5,31403802398458b2.jpg,card_like
31403802398458b2__aug2_offline.jpg,5,31403802398458b2.jpg,card_like
31403802398458b2__aug3_offline.jpg,5,31403802398458b2.jpg,card_like
317d0100d8d875cd__aug0_offline.jpg,10,317d0100d8d875cd.jpg,doc
317d0100d8d875cd__aug1_offline.jpg,10,317d0100d8d875cd.jpg,doc
317d0100d8d875cd__aug2_offline.jpg,10,317d0100d8d875cd.jpg,doc
317d0100d8d875cd__aug3_offline.jpg,10,317d0100d8d875cd.jpg,doc
31b8db5e4a6c36a0__aug0_offline.jpg,1,31b8db5e4a6c36a0.jpg,doc
31b8db5e4a6c36a0__aug1_offline.jpg,1,31b8db5e4a6c36a0.jpg,doc
31b8db5e4a6c36a0__aug2_offline.jpg,1,31b8db5e4a6c36a0.jpg,doc
31b8db5e4a6c36a0__aug3_offline.jpg,1,31b8db5e4a6c36a0.jpg,doc
31b8db5e4a6c36a0__aug4_offline.jpg,1,31b8db5e4a6c36a0.jpg,doc
31b8db5e4a6c36a0__aug5_offline.jpg,1,31b8db5e4a6c36a0.jpg,doc
31b8db5e4a6c36a0__aug6_offline.jpg,1,31b8db5e4a6c36a0.jpg,doc
31b8db5e4a6c36a0__aug7_offline.jpg,1,31b8db5e4a6c36a0.jpg,doc
31b8db5e4a6c36a0__aug8_offline.jpg,1,31b8db5e4a6c36a0.jpg,doc
31b8db5e4a6c36a0__aug9_offline.jpg,1,31b8db5e4a6c36a0.jpg,doc
321cc4226ad59da1__aug0_offline.jpg,9,321cc4226ad59da1.jpg,card_like
321cc4226ad59da1__aug1_offline.jpg,9,321cc4226ad59da1.jpg,card_like
321cc4226ad59da1__aug2_offline.jpg,9,321cc4226ad59da1.jpg,card_like
321cc4226ad59da1__aug3_offline.jpg,9,321cc4226ad59da1.jpg,card_like
32cd3c80f5ceca3e__aug0_offline.jpg,1,32cd3c80f5ceca3e.jpg,doc
32cd3c80f5ceca3e__aug1_offline.jpg,1,32cd3c80f5ceca3e.jpg,doc
32cd3c80f5ceca3e__aug2_offline.jpg,1,32cd3c80f5ceca3e.jpg,doc
32cd3c80f5ceca3e__aug3_offline.jpg,1,32cd3c80f5ceca3e.jpg,doc
32cd3c80f5ceca3e__aug4_offline.jpg,1,32cd3c80f5ceca3e.jpg,doc
32cd3c80f5ceca3e__aug5_offline.jpg,1,32cd3c80f5ceca3e.jpg,doc
32cd3c80f5ceca3e__aug6_offline.jpg,1,32cd3c80f5ceca3e.jpg,doc
32cd3c80f5ceca3e__aug7_offline.jpg,1,32cd3c80f5ceca3e.jpg,doc
32cd3c80f5ceca3e__aug8_offline.jpg,1,32cd3c80f5ceca3e.jpg,doc
32dc0bbace373001__aug0_offline.jpg,6,32dc0bbace373001.jpg,doc
32dc0bbace373001__aug1_offline.jpg,6,32dc0bbace373001.jpg,doc
32dc0bbace373001__aug2_offline.jpg,6,32dc0bbace373001.jpg,doc
32dc0bbace373001__aug3_offline.jpg,6,32dc0bbace373001.jpg,doc
32f16dc5a731b111__aug0_offline.jpg,9,32f16dc5a731b111.jpg,card_like
32f16dc5a731b111__aug1_offline.jpg,9,32f16dc5a731b111.jpg,card_like
32f16dc5a731b111__aug2_offline.jpg,9,32f16dc5a731b111.jpg,card_like
32f16dc5a731b111__aug3_offline.jpg,9,32f16dc5a731b111.jpg,card_like
32f175a825abf9e8__aug0_offline.jpg,9,32f175a825abf9e8.jpg,card_like
32f175a825abf9e8__aug1_offline.jpg,9,32f175a825abf9e8.jpg,card_like
32f175a825abf9e8__aug2_offline.jpg,9,32f175a825abf9e8.jpg,card_like
32f175a825abf9e8__aug3_offline.jpg,9,32f175a825abf9e8.jpg,card_like
3311d1b3fbfd27cb__aug0_offline.jpg,10,3311d1b3fbfd27cb.jpg,doc
3311d1b3fbfd27cb__aug1_offline.jpg,10,3311d1b3fbfd27cb.jpg,doc
3311d1b3fbfd27cb__aug2_offline.jpg,10,3311d1b3fbfd27cb.jpg,doc
3311d1b3fbfd27cb__aug3_offline.jpg,10,3311d1b3fbfd27cb.jpg,doc
3328bcc59f70eba9__aug0_offline.jpg,2,3328bcc59f70eba9.jpg,non_doc
3328bcc59f70eba9__aug1_offline.jpg,2,3328bcc59f70eba9.jpg,non_doc
3328bcc59f70eba9__aug2_offline.jpg,2,3328bcc59f70eba9.jpg,non_doc
3328bcc59f70eba9__aug3_offline.jpg,2,3328bcc59f70eba9.jpg,non_doc
337eb06c7c2d709d__aug0_offline.jpg,3,337eb06c7c2d709d.jpg,doc
337eb06c7c2d709d__aug1_offline.jpg,3,337eb06c7c2d709d.jpg,doc
337eb06c7c2d709d__aug2_offline.jpg,3,337eb06c7c2d709d.jpg,doc
337eb06c7c2d709d__aug3_offline.jpg,3,337eb06c7c2d709d.jpg,doc
3393b9f804bff29f__aug0_offline.jpg,7,3393b9f804bff29f.jpg,doc
3393b9f804bff29f__aug1_offline.jpg,7,3393b9f804bff29f.jpg,doc
3393b9f804bff29f__aug2_offline.jpg,7,3393b9f804bff29f.jpg,doc
3393b9f804bff29f__aug3_offline.jpg,7,3393b9f804bff29f.jpg,doc
33dd3c24c72a1879__aug0_offline.jpg,15,33dd3c24c72a1879.jpg,doc
33dd3c24c72a1879__aug1_offline.jpg,15,33dd3c24c72a1879.jpg,doc
33dd3c24c72a1879__aug2_offline.jpg,15,33dd3c24c72a1879.jpg,doc
33dd3c24c72a1879__aug3_offline.jpg,15,33dd3c24c72a1879.jpg,doc
33eb258301be774c__aug0_offline.jpg,8,33eb258301be774c.jpg,card_like
33eb258301be774c__aug1_offline.jpg,8,33eb258301be774c.jpg,card_like
33eb258301be774c__aug2_offline.jpg,8,33eb258301be774c.jpg,card_like
33eb258301be774c__aug3_offline.jpg,8,33eb258301be774c.jpg,card_like
3400e4d2f3772cdd__aug0_offline.jpg,6,3400e4d2f3772cdd.jpg,doc
3400e4d2f3772cdd__aug1_offline.jpg,6,3400e4d2f3772cdd.jpg,doc
3400e4d2f3772cdd__aug2_offline.jpg,6,3400e4d2f3772cdd.jpg,doc
3400e4d2f3772cdd__aug3_offline.jpg,6,3400e4d2f3772cdd.jpg,doc
340339bffa631da0__aug0_offline.jpg,3,340339bffa631da0.jpg,doc
340339bffa631da0__aug1_offline.jpg,3,340339bffa631da0.jpg,doc
340339bffa631da0__aug2_offline.jpg,3,340339bffa631da0.jpg,doc
340339bffa631da0__aug3_offline.jpg,3,340339bffa631da0.jpg,doc
343fcb668bb39d6f__aug0_offline.jpg,16,343fcb668bb39d6f.jpg,non_doc
343fcb668bb39d6f__aug1_offline.jpg,16,343fcb668bb39d6f.jpg,non_doc
343fcb668bb39d6f__aug2_offline.jpg,16,343fcb668bb39d6f.jpg,non_doc
343fcb668bb39d6f__aug3_offline.jpg,16,343fcb668bb39d6f.jpg,non_doc
345e99c3012ad832__aug0_offline.jpg,12,345e99c3012ad832.jpg,doc
345e99c3012ad832__aug1_offline.jpg,12,345e99c3012ad832.jpg,doc
345e99c3012ad832__aug2_offline.jpg,12,345e99c3012ad832.jpg,doc
345e99c3012ad832__aug3_offline.jpg,12,345e99c3012ad832.jpg,doc
34c5189a68346df2__aug0_offline.jpg,13,34c5189a68346df2.jpg,doc
34c5189a68346df2__aug1_offline.jpg,13,34c5189a68346df2.jpg,doc
34c5189a68346df2__aug2_offline.jpg,13,34c5189a68346df2.jpg,doc
34c5189a68346df2__aug3_offline.jpg,13,34c5189a68346df2.jpg,doc
34c5189a68346df2__aug4_offline.jpg,13,34c5189a68346df2.jpg,doc
3555c7c9d966077e__aug0_offline.jpg,11,3555c7c9d966077e.jpg,doc
3555c7c9d966077e__aug1_offline.jpg,11,3555c7c9d966077e.jpg,doc
3555c7c9d966077e__aug2_offline.jpg,11,3555c7c9d966077e.jpg,doc
3555c7c9d966077e__aug3_offline.jpg,11,3555c7c9d966077e.jpg,doc
356ae63d8d2c9a4b__aug0_offline.jpg,16,356ae63d8d2c9a4b.jpg,non_doc
356ae63d8d2c9a4b__aug1_offline.jpg,16,356ae63d8d2c9a4b.jpg,non_doc
356ae63d8d2c9a4b__aug2_offline.jpg,16,356ae63d8d2c9a4b.jpg,non_doc
356ae63d8d2c9a4b__aug3_offline.jpg,16,356ae63d8d2c9a4b.jpg,non_doc
356d8b33c4a3881c__aug0_offline.jpg,8,356d8b33c4a3881c.jpg,card_like
356d8b33c4a3881c__aug1_offline.jpg,8,356d8b33c4a3881c.jpg,card_like
356d8b33c4a3881c__aug2_offline.jpg,8,356d8b33c4a3881c.jpg,card_like
356d8b33c4a3881c__aug3_offline.jpg,8,356d8b33c4a3881c.jpg,card_like
356d928ddcc18c2c__aug0_offline.jpg,16,356d928ddcc18c2c.jpg,non_doc
356d928ddcc18c2c__aug1_offline.jpg,16,356d928ddcc18c2c.jpg,non_doc
356d928ddcc18c2c__aug2_offline.jpg,16,356d928ddcc18c2c.jpg,non_doc
356d928ddcc18c2c__aug3_offline.jpg,16,356d928ddcc18c2c.jpg,non_doc
36337da177221f75__aug0_offline.jpg,15,36337da177221f75.jpg,doc
36337da177221f75__aug1_offline.jpg,15,36337da177221f75.jpg,doc
36337da177221f75__aug2_offline.jpg,15,36337da177221f75.jpg,doc
36337da177221f75__aug3_offline.jpg,15,36337da177221f75.jpg,doc
363edeab084e0800__aug0_offline.jpg,13,363edeab084e0800.jpg,doc
363edeab084e0800__aug1_offline.jpg,13,363edeab084e0800.jpg,doc
363edeab084e0800__aug2_offline.jpg,13,363edeab084e0800.jpg,doc
363edeab084e0800__aug3_offline.jpg,13,363edeab084e0800.jpg,doc
363edeab084e0800__aug4_offline.jpg,13,363edeab084e0800.jpg,doc
365f9dd663ce66ec__aug0_offline.jpg,5,365f9dd663ce66ec.jpg,card_like
365f9dd663ce66ec__aug1_offline.jpg,5,365f9dd663ce66ec.jpg,card_like
365f9dd663ce66ec__aug2_offline.jpg,5,365f9dd663ce66ec.jpg,card_like
365f9dd663ce66ec__aug3_offline.jpg,5,365f9dd663ce66ec.jpg,card_like
3662df95535e82f1__aug0_offline.jpg,6,3662df95535e82f1.jpg,doc
3662df95535e82f1__aug1_offline.jpg,6,3662df95535e82f1.jpg,doc
3662df95535e82f1__aug2_offline.jpg,6,3662df95535e82f1.jpg,doc
3662df95535e82f1__aug3_offline.jpg,6,3662df95535e82f1.jpg,doc
3692370e53cb2b40__aug0_offline.jpg,8,3692370e53cb2b40.jpg,card_like
3692370e53cb2b40__aug1_offline.jpg,8,3692370e53cb2b40.jpg,card_like
3692370e53cb2b40__aug2_offline.jpg,8,3692370e53cb2b40.jpg,card_like
3692370e53cb2b40__aug3_offline.jpg,8,3692370e53cb2b40.jpg,card_like
3696b2ffaa6147e6__aug0_offline.jpg,14,3696b2ffaa6147e6.jpg,doc
3696b2ffaa6147e6__aug1_offline.jpg,14,3696b2ffaa6147e6.jpg,doc
3696b2ffaa6147e6__aug2_offline.jpg,14,3696b2ffaa6147e6.jpg,doc
3696b2ffaa6147e6__aug3_offline.jpg,14,3696b2ffaa6147e6.jpg,doc
3696b2ffaa6147e6__aug4_offline.jpg,14,3696b2ffaa6147e6.jpg,doc
3696b2ffaa6147e6__aug5_offline.jpg,14,3696b2ffaa6147e6.jpg,doc
3696b2ffaa6147e6__aug6_offline.jpg,14,3696b2ffaa6147e6.jpg,doc
3696b2ffaa6147e6__aug7_offline.jpg,14,3696b2ffaa6147e6.jpg,doc
3696b2ffaa6147e6__aug8_offline.jpg,14,3696b2ffaa6147e6.jpg,doc
3697795011b535c6__aug0_offline.jpg,2,3697795011b535c6.jpg,non_doc
3697795011b535c6__aug1_offline.jpg,2,3697795011b535c6.jpg,non_doc
3697795011b535c6__aug2_offline.jpg,2,3697795011b535c6.jpg,non_doc
3697795011b535c6__aug3_offline.jpg,2,3697795011b535c6.jpg,non_doc
36c7cfcc9e17a134__aug0_offline.jpg,0,36c7cfcc9e17a134.jpg,doc
36c7cfcc9e17a134__aug1_offline.jpg,0,36c7cfcc9e17a134.jpg,doc
36c7cfcc9e17a134__aug2_offline.jpg,0,36c7cfcc9e17a134.jpg,doc
36c7cfcc9e17a134__aug3_offline.jpg,0,36c7cfcc9e17a134.jpg,doc
36e1647d484b88b7__aug0_offline.jpg,7,36e1647d484b88b7.jpg,doc
36e1647d484b88b7__aug1_offline.jpg,7,36e1647d484b88b7.jpg,doc
36e1647d484b88b7__aug2_offline.jpg,7,36e1647d484b88b7.jpg,doc
36e1647d484b88b7__aug3_offline.jpg,7,36e1647d484b88b7.jpg,doc
36e8941ee6688769__aug0_offline.jpg,8,36e8941ee6688769.jpg,card_like
36e8941ee6688769__aug1_offline.jpg,8,36e8941ee6688769.jpg,card_like
36e8941ee6688769__aug2_offline.jpg,8,36e8941ee6688769.jpg,card_like
36e8941ee6688769__aug3_offline.jpg,8,36e8941ee6688769.jpg,card_like
3729eca1540fe908__aug0_offline.jpg,8,3729eca1540fe908.jpg,card_like
3729eca1540fe908__aug1_offline.jpg,8,3729eca1540fe908.jpg,card_like
3729eca1540fe908__aug2_offline.jpg,8,3729eca1540fe908.jpg,card_like
3729eca1540fe908__aug3_offline.jpg,8,3729eca1540fe908.jpg,card_like
373e02b8c92800b3__aug0_offline.jpg,8,373e02b8c92800b3.jpg,card_like
373e02b8c92800b3__aug1_offline.jpg,8,373e02b8c92800b3.jpg,card_like
373e02b8c92800b3__aug2_offline.jpg,8,373e02b8c92800b3.jpg,card_like
373e02b8c92800b3__aug3_offline.jpg,8,373e02b8c92800b3.jpg,card_like
37492d1e2cd93ccb__aug0_offline.jpg,10,37492d1e2cd93ccb.jpg,doc
37492d1e2cd93ccb__aug1_offline.jpg,10,37492d1e2cd93ccb.jpg,doc
37492d1e2cd93ccb__aug2_offline.jpg,10,37492d1e2cd93ccb.jpg,doc
37492d1e2cd93ccb__aug3_offline.jpg,10,37492d1e2cd93ccb.jpg,doc
3749f61bc7fe4c1a__aug0_offline.jpg,5,3749f61bc7fe4c1a.jpg,card_like
3749f61bc7fe4c1a__aug1_offline.jpg,5,3749f61bc7fe4c1a.jpg,card_like
3749f61bc7fe4c1a__aug2_offline.jpg,5,3749f61bc7fe4c1a.jpg,card_like
3749f61bc7fe4c1a__aug3_offline.jpg,5,3749f61bc7fe4c1a.jpg,card_like
37677496d1cb705a__aug0_offline.jpg,6,37677496d1cb705a.jpg,doc
37677496d1cb705a__aug1_offline.jpg,6,37677496d1cb705a.jpg,doc
37677496d1cb705a__aug2_offline.jpg,6,37677496d1cb705a.jpg,doc
37677496d1cb705a__aug3_offline.jpg,6,37677496d1cb705a.jpg,doc
37a581964c5dd537__aug0_offline.jpg,9,37a581964c5dd537.jpg,card_like
37a581964c5dd537__aug1_offline.jpg,9,37a581964c5dd537.jpg,card_like
37a581964c5dd537__aug2_offline.jpg,9,37a581964c5dd537.jpg,card_like
37a581964c5dd537__aug3_offline.jpg,9,37a581964c5dd537.jpg,card_like
37a79e77c1c3ed6d__aug0_offline.jpg,11,37a79e77c1c3ed6d.jpg,doc
37a79e77c1c3ed6d__aug1_offline.jpg,11,37a79e77c1c3ed6d.jpg,doc
37a79e77c1c3ed6d__aug2_offline.jpg,11,37a79e77c1c3ed6d.jpg,doc
37a79e77c1c3ed6d__aug3_offline.jpg,11,37a79e77c1c3ed6d.jpg,doc
37f9414beea68229__aug0_offline.jpg,14,37f9414beea68229.jpg,doc
37f9414beea68229__aug1_offline.jpg,14,37f9414beea68229.jpg,doc
37f9414beea68229__aug2_offline.jpg,14,37f9414beea68229.jpg,doc
37f9414beea68229__aug3_offline.jpg,14,37f9414beea68229.jpg,doc
37f9414beea68229__aug4_offline.jpg,14,37f9414beea68229.jpg,doc
37f9414beea68229__aug5_offline.jpg,14,37f9414beea68229.jpg,doc
37f9414beea68229__aug6_offline.jpg,14,37f9414beea68229.jpg,doc
37f9414beea68229__aug7_offline.jpg,14,37f9414beea68229.jpg,doc
382426073dbdd709__aug0_offline.jpg,10,382426073dbdd709.jpg,doc
382426073dbdd709__aug1_offline.jpg,10,382426073dbdd709.jpg,doc
382426073dbdd709__aug2_offline.jpg,10,382426073dbdd709.jpg,doc
382426073dbdd709__aug3_offline.jpg,10,382426073dbdd709.jpg,doc
382d0975f15bcf4b__aug0_offline.jpg,10,382d0975f15bcf4b.jpg,doc
382d0975f15bcf4b__aug1_offline.jpg,10,382d0975f15bcf4b.jpg,doc
382d0975f15bcf4b__aug2_offline.jpg,10,382d0975f15bcf4b.jpg,doc
382d0975f15bcf4b__aug3_offline.jpg,10,382d0975f15bcf4b.jpg,doc
3894573a98e02cc8__aug0_offline.jpg,0,3894573a98e02cc8.jpg,doc
3894573a98e02cc8__aug1_offline.jpg,0,3894573a98e02cc8.jpg,doc
3894573a98e02cc8__aug2_offline.jpg,0,3894573a98e02cc8.jpg,doc
3894573a98e02cc8__aug3_offline.jpg,0,3894573a98e02cc8.jpg,doc
38c4469181001a62__aug0_offline.jpg,16,38c4469181001a62.jpg,non_doc
38c4469181001a62__aug1_offline.jpg,16,38c4469181001a62.jpg,non_doc
38c4469181001a62__aug2_offline.jpg,16,38c4469181001a62.jpg,non_doc
38c4469181001a62__aug3_offline.jpg,16,38c4469181001a62.jpg,non_doc
38ca25fc6cea6554__aug0_offline.jpg,11,38ca25fc6cea6554.jpg,doc
38ca25fc6cea6554__aug1_offline.jpg,11,38ca25fc6cea6554.jpg,doc
38ca25fc6cea6554__aug2_offline.jpg,11,38ca25fc6cea6554.jpg,doc
38ca25fc6cea6554__aug3_offline.jpg,11,38ca25fc6cea6554.jpg,doc
38d1796b6ad99ddd__aug0_offline.jpg,10,38d1796b6ad99ddd.jpg,doc
38d1796b6ad99ddd__aug1_offline.jpg,10,38d1796b6ad99ddd.jpg,doc
38d1796b6ad99ddd__aug2_offline.jpg,10,38d1796b6ad99ddd.jpg,doc
38d1796b6ad99ddd__aug3_offline.jpg,10,38d1796b6ad99ddd.jpg,doc
39132ee7af16925f__aug0_offline.jpg,0,39132ee7af16925f.jpg,doc
39132ee7af16925f__aug1_offline.jpg,0,39132ee7af16925f.jpg,doc
39132ee7af16925f__aug2_offline.jpg,0,39132ee7af16925f.jpg,doc
39132ee7af16925f__aug3_offline.jpg,0,39132ee7af16925f.jpg,doc
392a24cddc8df59f__aug0_offline.jpg,16,392a24cddc8df59f.jpg,non_doc
392a24cddc8df59f__aug1_offline.jpg,16,392a24cddc8df59f.jpg,non_doc
392a24cddc8df59f__aug2_offline.jpg,16,392a24cddc8df59f.jpg,non_doc
392a24cddc8df59f__aug3_offline.jpg,16,392a24cddc8df59f.jpg,non_doc
393395fdaeaafde3__aug0_offline.jpg,0,393395fdaeaafde3.jpg,doc
393395fdaeaafde3__aug1_offline.jpg,0,393395fdaeaafde3.jpg,doc
393395fdaeaafde3__aug2_offline.jpg,0,393395fdaeaafde3.jpg,doc
393395fdaeaafde3__aug3_offline.jpg,0,393395fdaeaafde3.jpg,doc
3958ff328e348138__aug0_offline.jpg,12,3958ff328e348138.jpg,doc
3958ff328e348138__aug1_offline.jpg,12,3958ff328e348138.jpg,doc
3958ff328e348138__aug2_offline.jpg,12,3958ff328e348138.jpg,doc
3958ff328e348138__aug3_offline.jpg,12,3958ff328e348138.jpg,doc
3961bbc5ad66a757__aug0_offline.jpg,16,3961bbc5ad66a757.jpg,non_doc
3961bbc5ad66a757__aug1_offline.jpg,16,3961bbc5ad66a757.jpg,non_doc
3961bbc5ad66a757__aug2_offline.jpg,16,3961bbc5ad66a757.jpg,non_doc
3961bbc5ad66a757__aug3_offline.jpg,16,3961bbc5ad66a757.jpg,non_doc
3963920965897f10__aug0_offline.jpg,3,3963920965897f10.jpg,doc
3963920965897f10__aug1_offline.jpg,3,3963920965897f10.jpg,doc
3963920965897f10__aug2_offline.jpg,3,3963920965897f10.jpg,doc
3963920965897f10__aug3_offline.jpg,3,3963920965897f10.jpg,doc
39a4f1b94db5e879__aug0_offline.jpg,4,39a4f1b94db5e879.jpg,doc
39a4f1b94db5e879__aug1_offline.jpg,4,39a4f1b94db5e879.jpg,doc
39a4f1b94db5e879__aug2_offline.jpg,4,39a4f1b94db5e879.jpg,doc
39a4f1b94db5e879__aug3_offline.jpg,4,39a4f1b94db5e879.jpg,doc
39aac55dba3a8184__aug0_offline.jpg,12,39aac55dba3a8184.jpg,doc
39aac55dba3a8184__aug1_offline.jpg,12,39aac55dba3a8184.jpg,doc
39aac55dba3a8184__aug2_offline.jpg,12,39aac55dba3a8184.jpg,doc
39aac55dba3a8184__aug3_offline.jpg,12,39aac55dba3a8184.jpg,doc
39c151defee976da__aug0_offline.jpg,6,39c151defee976da.jpg,doc
39c151defee976da__aug1_offline.jpg,6,39c151defee976da.jpg,doc
39c151defee976da__aug2_offline.jpg,6,39c151defee976da.jpg,doc
39c151defee976da__aug3_offline.jpg,6,39c151defee976da.jpg,doc
39e47698e2ffe3d6__aug0_offline.jpg,0,39e47698e2ffe3d6.jpg,doc
39e47698e2ffe3d6__aug1_offline.jpg,0,39e47698e2ffe3d6.jpg,doc
39e47698e2ffe3d6__aug2_offline.jpg,0,39e47698e2ffe3d6.jpg,doc
39e47698e2ffe3d6__aug3_offline.jpg,0,39e47698e2ffe3d6.jpg,doc
39f3daa7b06e4a99__aug0_offline.jpg,12,39f3daa7b06e4a99.jpg,doc
39f3daa7b06e4a99__aug1_offline.jpg,12,39f3daa7b06e4a99.jpg,doc
39f3daa7b06e4a99__aug2_offline.jpg,12,39f3daa7b06e4a99.jpg,doc
39f3daa7b06e4a99__aug3_offline.jpg,12,39f3daa7b06e4a99.jpg,doc
3a4d4dfe70377fd1__aug0_offline.jpg,5,3a4d4dfe70377fd1.jpg,card_like
3a4d4dfe70377fd1__aug1_offline.jpg,5,3a4d4dfe70377fd1.jpg,card_like
3a4d4dfe70377fd1__aug2_offline.jpg,5,3a4d4dfe70377fd1.jpg,card_like
3a4d4dfe70377fd1__aug3_offline.jpg,5,3a4d4dfe70377fd1.jpg,card_like
3a698c6a1d3a12ba__aug0_offline.jpg,11,3a698c6a1d3a12ba.jpg,doc
3a698c6a1d3a12ba__aug1_offline.jpg,11,3a698c6a1d3a12ba.jpg,doc
3a698c6a1d3a12ba__aug2_offline.jpg,11,3a698c6a1d3a12ba.jpg,doc
3a698c6a1d3a12ba__aug3_offline.jpg,11,3a698c6a1d3a12ba.jpg,doc
3a9874f83dd1374a__aug0_offline.jpg,13,3a9874f83dd1374a.jpg,doc
3a9874f83dd1374a__aug1_offline.jpg,13,3a9874f83dd1374a.jpg,doc
3a9874f83dd1374a__aug2_offline.jpg,13,3a9874f83dd1374a.jpg,doc
3a9874f83dd1374a__aug3_offline.jpg,13,3a9874f83dd1374a.jpg,doc
3a9874f83dd1374a__aug4_offline.jpg,13,3a9874f83dd1374a.jpg,doc
3aa71b5ec5630ae9__aug0_offline.jpg,9,3aa71b5ec5630ae9.jpg,card_like
3aa71b5ec5630ae9__aug1_offline.jpg,9,3aa71b5ec5630ae9.jpg,card_like
3aa71b5ec5630ae9__aug2_offline.jpg,9,3aa71b5ec5630ae9.jpg,card_like
3aa71b5ec5630ae9__aug3_offline.jpg,9,3aa71b5ec5630ae9.jpg,card_like
3ae93b2b566b6701__aug0_offline.jpg,8,3ae93b2b566b6701.jpg,card_like
3ae93b2b566b6701__aug1_offline.jpg,8,3ae93b2b566b6701.jpg,card_like
3ae93b2b566b6701__aug2_offline.jpg,8,3ae93b2b566b6701.jpg,card_like
3ae93b2b566b6701__aug3_offline.jpg,8,3ae93b2b566b6701.jpg,card_like
3af0108e01850ce2__aug0_offline.jpg,2,3af0108e01850ce2.jpg,non_doc
3af0108e01850ce2__aug1_offline.jpg,2,3af0108e01850ce2.jpg,non_doc
3af0108e01850ce2__aug2_offline.jpg,2,3af0108e01850ce2.jpg,non_doc
3af0108e01850ce2__aug3_offline.jpg,2,3af0108e01850ce2.jpg,non_doc
3b013762fcc19049__aug0_offline.jpg,7,3b013762fcc19049.jpg,doc
3b013762fcc19049__aug1_offline.jpg,7,3b013762fcc19049.jpg,doc
3b013762fcc19049__aug2_offline.jpg,7,3b013762fcc19049.jpg,doc
3b013762fcc19049__aug3_offline.jpg,7,3b013762fcc19049.jpg,doc
3b2ddc667cea0d48__aug0_offline.jpg,7,3b2ddc667cea0d48.jpg,doc
3b2ddc667cea0d48__aug1_offline.jpg,7,3b2ddc667cea0d48.jpg,doc
3b2ddc667cea0d48__aug2_offline.jpg,7,3b2ddc667cea0d48.jpg,doc
3b2ddc667cea0d48__aug3_offline.jpg,7,3b2ddc667cea0d48.jpg,doc
3b75b362c09c5211__aug0_offline.jpg,10,3b75b362c09c5211.jpg,doc
3b75b362c09c5211__aug1_offline.jpg,10,3b75b362c09c5211.jpg,doc
3b75b362c09c5211__aug2_offline.jpg,10,3b75b362c09c5211.jpg,doc
3b75b362c09c5211__aug3_offline.jpg,10,3b75b362c09c5211.jpg,doc
3b91709613216b2e__aug0_offline.jpg,15,3b91709613216b2e.jpg,doc
3b91709613216b2e__aug1_offline.jpg,15,3b91709613216b2e.jpg,doc
3b91709613216b2e__aug2_offline.jpg,15,3b91709613216b2e.jpg,doc
3b91709613216b2e__aug3_offline.jpg,15,3b91709613216b2e.jpg,doc
3ba57a9809fd5d85__aug0_offline.jpg,2,3ba57a9809fd5d85.jpg,non_doc
3ba57a9809fd5d85__aug1_offline.jpg,2,3ba57a9809fd5d85.jpg,non_doc
3ba57a9809fd5d85__aug2_offline.jpg,2,3ba57a9809fd5d85.jpg,non_doc
3ba57a9809fd5d85__aug3_offline.jpg,2,3ba57a9809fd5d85.jpg,non_doc
3bb223f51066e2ab__aug0_offline.jpg,5,3bb223f51066e2ab.jpg,card_like
3bb223f51066e2ab__aug1_offline.jpg,5,3bb223f51066e2ab.jpg,card_like
3bb223f51066e2ab__aug2_offline.jpg,5,3bb223f51066e2ab.jpg,card_like
3bb223f51066e2ab__aug3_offline.jpg,5,3bb223f51066e2ab.jpg,card_like
3be7f7e9328c9df0__aug0_offline.jpg,6,3be7f7e9328c9df0.jpg,doc
3be7f7e9328c9df0__aug1_offline.jpg,6,3be7f7e9328c9df0.jpg,doc
3be7f7e9328c9df0__aug2_offline.jpg,6,3be7f7e9328c9df0.jpg,doc
3be7f7e9328c9df0__aug3_offline.jpg,6,3be7f7e9328c9df0.jpg,doc
3bfe7ede8461906b__aug0_offline.jpg,0,3bfe7ede8461906b.jpg,doc
3bfe7ede8461906b__aug1_offline.jpg,0,3bfe7ede8461906b.jpg,doc
3bfe7ede8461906b__aug2_offline.jpg,0,3bfe7ede8461906b.jpg,doc
3bfe7ede8461906b__aug3_offline.jpg,0,3bfe7ede8461906b.jpg,doc
3c5e27755a69ce2c__aug0_offline.jpg,7,3c5e27755a69ce2c.jpg,doc
3c5e27755a69ce2c__aug1_offline.jpg,7,3c5e27755a69ce2c.jpg,doc
3c5e27755a69ce2c__aug2_offline.jpg,7,3c5e27755a69ce2c.jpg,doc
3c5e27755a69ce2c__aug3_offline.jpg,7,3c5e27755a69ce2c.jpg,doc
3c70af0a1f13fcae__aug0_offline.jpg,3,3c70af0a1f13fcae.jpg,doc
3c70af0a1f13fcae__aug1_offline.jpg,3,3c70af0a1f13fcae.jpg,doc
3c70af0a1f13fcae__aug2_offline.jpg,3,3c70af0a1f13fcae.jpg,doc
3c70af0a1f13fcae__aug3_offline.jpg,3,3c70af0a1f13fcae.jpg,doc
3c7bb9efbafb0d4f__aug0_offline.jpg,11,3c7bb9efbafb0d4f.jpg,doc
3c7bb9efbafb0d4f__aug1_offline.jpg,11,3c7bb9efbafb0d4f.jpg,doc
3c7bb9efbafb0d4f__aug2_offline.jpg,11,3c7bb9efbafb0d4f.jpg,doc
3c7bb9efbafb0d4f__aug3_offline.jpg,11,3c7bb9efbafb0d4f.jpg,doc
3c99358b35b7e8fa__aug0_offline.jpg,13,3c99358b35b7e8fa.jpg,doc
3c99358b35b7e8fa__aug1_offline.jpg,13,3c99358b35b7e8fa.jpg,doc
3c99358b35b7e8fa__aug2_offline.jpg,13,3c99358b35b7e8fa.jpg,doc
3c99358b35b7e8fa__aug3_offline.jpg,13,3c99358b35b7e8fa.jpg,doc
3c99358b35b7e8fa__aug4_offline.jpg,13,3c99358b35b7e8fa.jpg,doc
3cb6afbeaffba974__aug0_offline.jpg,2,3cb6afbeaffba974.jpg,non_doc
3cb6afbeaffba974__aug1_offline.jpg,2,3cb6afbeaffba974.jpg,non_doc
3cb6afbeaffba974__aug2_offline.jpg,2,3cb6afbeaffba974.jpg,non_doc
3cb6afbeaffba974__aug3_offline.jpg,2,3cb6afbeaffba974.jpg,non_doc
3ce11e38e41063e0__aug0_offline.jpg,10,3ce11e38e41063e0.jpg,doc
3ce11e38e41063e0__aug1_offline.jpg,10,3ce11e38e41063e0.jpg,doc
3ce11e38e41063e0__aug2_offline.jpg,10,3ce11e38e41063e0.jpg,doc
3ce11e38e41063e0__aug3_offline.jpg,10,3ce11e38e41063e0.jpg,doc
3cebf64f33f2f68a__aug0_offline.jpg,5,3cebf64f33f2f68a.jpg,card_like
3cebf64f33f2f68a__aug1_offline.jpg,5,3cebf64f33f2f68a.jpg,card_like
3cebf64f33f2f68a__aug2_offline.jpg,5,3cebf64f33f2f68a.jpg,card_like
3cebf64f33f2f68a__aug3_offline.jpg,5,3cebf64f33f2f68a.jpg,card_like
3d2652bc161341c1__aug0_offline.jpg,16,3d2652bc161341c1.jpg,non_doc
3d2652bc161341c1__aug1_offline.jpg,16,3d2652bc161341c1.jpg,non_doc
3d2652bc161341c1__aug2_offline.jpg,16,3d2652bc161341c1.jpg,non_doc
3d2652bc161341c1__aug3_offline.jpg,16,3d2652bc161341c1.jpg,non_doc
3d298ee084f43b5e__aug0_offline.jpg,7,3d298ee084f43b5e.jpg,doc
3d298ee084f43b5e__aug1_offline.jpg,7,3d298ee084f43b5e.jpg,doc
3d298ee084f43b5e__aug2_offline.jpg,7,3d298ee084f43b5e.jpg,doc
3d298ee084f43b5e__aug3_offline.jpg,7,3d298ee084f43b5e.jpg,doc
3d37e6b01e0cde9d__aug0_offline.jpg,1,3d37e6b01e0cde9d.jpg,doc
3d37e6b01e0cde9d__aug1_offline.jpg,1,3d37e6b01e0cde9d.jpg,doc
3d37e6b01e0cde9d__aug2_offline.jpg,1,3d37e6b01e0cde9d.jpg,doc
3d37e6b01e0cde9d__aug3_offline.jpg,1,3d37e6b01e0cde9d.jpg,doc
3d37e6b01e0cde9d__aug4_offline.jpg,1,3d37e6b01e0cde9d.jpg,doc
3d37e6b01e0cde9d__aug5_offline.jpg,1,3d37e6b01e0cde9d.jpg,doc
3d37e6b01e0cde9d__aug6_offline.jpg,1,3d37e6b01e0cde9d.jpg,doc
3d37e6b01e0cde9d__aug7_offline.jpg,1,3d37e6b01e0cde9d.jpg,doc
3d37e6b01e0cde9d__aug8_offline.jpg,1,3d37e6b01e0cde9d.jpg,doc
3d6e3e961e5c394d__aug0_offline.jpg,4,3d6e3e961e5c394d.jpg,doc
3d6e3e961e5c394d__aug1_offline.jpg,4,3d6e3e961e5c394d.jpg,doc
3d6e3e961e5c394d__aug2_offline.jpg,4,3d6e3e961e5c394d.jpg,doc
3d6e3e961e5c394d__aug3_offline.jpg,4,3d6e3e961e5c394d.jpg,doc
3d81b423a1d5c984__aug0_offline.jpg,0,3d81b423a1d5c984.jpg,doc
3d81b423a1d5c984__aug1_offline.jpg,0,3d81b423a1d5c984.jpg,doc
3d81b423a1d5c984__aug2_offline.jpg,0,3d81b423a1d5c984.jpg,doc
3d81b423a1d5c984__aug3_offline.jpg,0,3d81b423a1d5c984.jpg,doc
3dc5a8b739699f93__aug0_offline.jpg,11,3dc5a8b739699f93.jpg,doc
3dc5a8b739699f93__aug1_offline.jpg,11,3dc5a8b739699f93.jpg,doc
3dc5a8b739699f93__aug2_offline.jpg,11,3dc5a8b739699f93.jpg,doc
3dc5a8b739699f93__aug3_offline.jpg,11,3dc5a8b739699f93.jpg,doc
3deed21958961f2a__aug0_offline.jpg,10,3deed21958961f2a.jpg,doc
3deed21958961f2a__aug1_offline.jpg,10,3deed21958961f2a.jpg,doc
3deed21958961f2a__aug2_offline.jpg,10,3deed21958961f2a.jpg,doc
3deed21958961f2a__aug3_offline.jpg,10,3deed21958961f2a.jpg,doc
3e51ededb8c6e939__aug0_offline.jpg,0,3e51ededb8c6e939.jpg,doc
3e51ededb8c6e939__aug1_offline.jpg,0,3e51ededb8c6e939.jpg,doc
3e51ededb8c6e939__aug2_offline.jpg,0,3e51ededb8c6e939.jpg,doc
3e51ededb8c6e939__aug3_offline.jpg,0,3e51ededb8c6e939.jpg,doc
3e74aa6ae952d1a3__aug0_offline.jpg,2,3e74aa6ae952d1a3.jpg,non_doc
3e74aa6ae952d1a3__aug1_offline.jpg,2,3e74aa6ae952d1a3.jpg,non_doc
3e74aa6ae952d1a3__aug2_offline.jpg,2,3e74aa6ae952d1a3.jpg,non_doc
3e74aa6ae952d1a3__aug3_offline.jpg,2,3e74aa6ae952d1a3.jpg,non_doc
3e75ed82d7e027a2__aug0_offline.jpg,13,3e75ed82d7e027a2.jpg,doc
3e75ed82d7e027a2__aug1_offline.jpg,13,3e75ed82d7e027a2.jpg,doc
3e75ed82d7e027a2__aug2_offline.jpg,13,3e75ed82d7e027a2.jpg,doc
3e75ed82d7e027a2__aug3_offline.jpg,13,3e75ed82d7e027a2.jpg,doc
3e75ed82d7e027a2__aug4_offline.jpg,13,3e75ed82d7e027a2.jpg,doc
3e7fdfd21ce2dd75__aug0_offline.jpg,0,3e7fdfd21ce2dd75.jpg,doc
3e7fdfd21ce2dd75__aug1_offline.jpg,0,3e7fdfd21ce2dd75.jpg,doc
3e7fdfd21ce2dd75__aug2_offline.jpg,0,3e7fdfd21ce2dd75.jpg,doc
3e7fdfd21ce2dd75__aug3_offline.jpg,0,3e7fdfd21ce2dd75.jpg,doc
3e843ce4375db852__aug0_offline.jpg,9,3e843ce4375db852.jpg,card_like
3e843ce4375db852__aug1_offline.jpg,9,3e843ce4375db852.jpg,card_like
3e843ce4375db852__aug2_offline.jpg,9,3e843ce4375db852.jpg,card_like
3e843ce4375db852__aug3_offline.jpg,9,3e843ce4375db852.jpg,card_like
3e9932b25b0373a2__aug0_offline.jpg,2,3e9932b25b0373a2.jpg,non_doc
3e9932b25b0373a2__aug1_offline.jpg,2,3e9932b25b0373a2.jpg,non_doc
3e9932b25b0373a2__aug2_offline.jpg,2,3e9932b25b0373a2.jpg,non_doc
3e9932b25b0373a2__aug3_offline.jpg,2,3e9932b25b0373a2.jpg,non_doc
3ebfa49cd84331d7__aug0_offline.jpg,9,3ebfa49cd84331d7.jpg,card_like
3ebfa49cd84331d7__aug1_offline.jpg,9,3ebfa49cd84331d7.jpg,card_like
3ebfa49cd84331d7__aug2_offline.jpg,9,3ebfa49cd84331d7.jpg,card_like
3ebfa49cd84331d7__aug3_offline.jpg,9,3ebfa49cd84331d7.jpg,card_like
3ed8af50dbed1d8a__aug0_offline.jpg,12,3ed8af50dbed1d8a.jpg,doc
3ed8af50dbed1d8a__aug1_offline.jpg,12,3ed8af50dbed1d8a.jpg,doc
3ed8af50dbed1d8a__aug2_offline.jpg,12,3ed8af50dbed1d8a.jpg,doc
3ed8af50dbed1d8a__aug3_offline.jpg,12,3ed8af50dbed1d8a.jpg,doc
3eec1d86cb3c9eb9__aug0_offline.jpg,2,3eec1d86cb3c9eb9.jpg,non_doc
3eec1d86cb3c9eb9__aug1_offline.jpg,2,3eec1d86cb3c9eb9.jpg,non_doc
3eec1d86cb3c9eb9__aug2_offline.jpg,2,3eec1d86cb3c9eb9.jpg,non_doc
3eec1d86cb3c9eb9__aug3_offline.jpg,2,3eec1d86cb3c9eb9.jpg,non_doc
3f0cca298c59752d__aug0_offline.jpg,3,3f0cca298c59752d.jpg,doc
3f0cca298c59752d__aug1_offline.jpg,3,3f0cca298c59752d.jpg,doc
3f0cca298c59752d__aug2_offline.jpg,3,3f0cca298c59752d.jpg,doc
3f0cca298c59752d__aug3_offline.jpg,3,3f0cca298c59752d.jpg,doc
3f3667f946bde615__aug0_offline.jpg,13,3f3667f946bde615.jpg,doc
3f3667f946bde615__aug1_offline.jpg,13,3f3667f946bde615.jpg,doc
3f3667f946bde615__aug2_offline.jpg,13,3f3667f946bde615.jpg,doc
3f3667f946bde615__aug3_offline.jpg,13,3f3667f946bde615.jpg,doc
3f3667f946bde615__aug4_offline.jpg,13,3f3667f946bde615.jpg,doc
3f429bb3635c49cd__aug0_offline.jpg,12,3f429bb3635c49cd.jpg,doc
3f429bb3635c49cd__aug1_offline.jpg,12,3f429bb3635c49cd.jpg,doc
3f429bb3635c49cd__aug2_offline.jpg,12,3f429bb3635c49cd.jpg,doc
3f429bb3635c49cd__aug3_offline.jpg,12,3f429bb3635c49cd.jpg,doc
3f5aad5a1cc1a7d6__aug0_offline.jpg,14,3f5aad5a1cc1a7d6.jpg,doc
3f5aad5a1cc1a7d6__aug1_offline.jpg,14,3f5aad5a1cc1a7d6.jpg,doc
3f5aad5a1cc1a7d6__aug2_offline.jpg,14,3f5aad5a1cc1a7d6.jpg,doc
3f5aad5a1cc1a7d6__aug3_offline.jpg,14,3f5aad5a1cc1a7d6.jpg,doc
3f5aad5a1cc1a7d6__aug4_offline.jpg,14,3f5aad5a1cc1a7d6.jpg,doc
3f5aad5a1cc1a7d6__aug5_offline.jpg,14,3f5aad5a1cc1a7d6.jpg,doc
3f5aad5a1cc1a7d6__aug6_offline.jpg,14,3f5aad5a1cc1a7d6.jpg,doc
3f5aad5a1cc1a7d6__aug7_offline.jpg,14,3f5aad5a1cc1a7d6.jpg,doc
3f661802e1c3f4ad__aug0_offline.jpg,9,3f661802e1c3f4ad.jpg,card_like
3f661802e1c3f4ad__aug1_offline.jpg,9,3f661802e1c3f4ad.jpg,card_like
3f661802e1c3f4ad__aug2_offline.jpg,9,3f661802e1c3f4ad.jpg,card_like
3f661802e1c3f4ad__aug3_offline.jpg,9,3f661802e1c3f4ad.jpg,card_like
3ffe6ae0f539496d__aug0_offline.jpg,0,3ffe6ae0f539496d.jpg,doc
3ffe6ae0f539496d__aug1_offline.jpg,0,3ffe6ae0f539496d.jpg,doc
3ffe6ae0f539496d__aug2_offline.jpg,0,3ffe6ae0f539496d.jpg,doc
3ffe6ae0f539496d__aug3_offline.jpg,0,3ffe6ae0f539496d.jpg,doc
4035044548fcc3a8__aug0_offline.jpg,6,4035044548fcc3a8.jpg,doc
4035044548fcc3a8__aug1_offline.jpg,6,4035044548fcc3a8.jpg,doc
4035044548fcc3a8__aug2_offline.jpg,6,4035044548fcc3a8.jpg,doc
4035044548fcc3a8__aug3_offline.jpg,6,4035044548fcc3a8.jpg,doc
408855f38976f8cc__aug0_offline.jpg,10,408855f38976f8cc.jpg,doc
408855f38976f8cc__aug1_offline.jpg,10,408855f38976f8cc.jpg,doc
408855f38976f8cc__aug2_offline.jpg,10,408855f38976f8cc.jpg,doc
408855f38976f8cc__aug3_offline.jpg,10,408855f38976f8cc.jpg,doc
409367f5f5b7de98__aug0_offline.jpg,12,409367f5f5b7de98.jpg,doc
409367f5f5b7de98__aug1_offline.jpg,12,409367f5f5b7de98.jpg,doc
409367f5f5b7de98__aug2_offline.jpg,12,409367f5f5b7de98.jpg,doc
409367f5f5b7de98__aug3_offline.jpg,12,409367f5f5b7de98.jpg,doc
410664d321327e7f__aug0_offline.jpg,15,410664d321327e7f.jpg,doc
410664d321327e7f__aug1_offline.jpg,15,410664d321327e7f.jpg,doc
410664d321327e7f__aug2_offline.jpg,15,410664d321327e7f.jpg,doc
410664d321327e7f__aug3_offline.jpg,15,410664d321327e7f.jpg,doc
4146570192e08710__aug0_offline.jpg,6,4146570192e08710.jpg,doc
4146570192e08710__aug1_offline.jpg,6,4146570192e08710.jpg,doc
4146570192e08710__aug2_offline.jpg,6,4146570192e08710.jpg,doc
4146570192e08710__aug3_offline.jpg,6,4146570192e08710.jpg,doc
417c039e080304c5__aug0_offline.jpg,11,417c039e080304c5.jpg,doc
417c039e080304c5__aug1_offline.jpg,11,417c039e080304c5.jpg,doc
417c039e080304c5__aug2_offline.jpg,11,417c039e080304c5.jpg,doc
417c039e080304c5__aug3_offline.jpg,11,417c039e080304c5.jpg,doc
418bf4c97eddc30a__aug0_offline.jpg,4,418bf4c97eddc30a.jpg,doc
418bf4c97eddc30a__aug1_offline.jpg,4,418bf4c97eddc30a.jpg,doc
418bf4c97eddc30a__aug2_offline.jpg,4,418bf4c97eddc30a.jpg,doc
418bf4c97eddc30a__aug3_offline.jpg,4,418bf4c97eddc30a.jpg,doc
41a73bccafe280d2__aug0_offline.jpg,7,41a73bccafe280d2.jpg,doc
41a73bccafe280d2__aug1_offline.jpg,7,41a73bccafe280d2.jpg,doc
41a73bccafe280d2__aug2_offline.jpg,7,41a73bccafe280d2.jpg,doc
41a73bccafe280d2__aug3_offline.jpg,7,41a73bccafe280d2.jpg,doc
41d3b2a40ed4a4b4__aug0_offline.jpg,15,41d3b2a40ed4a4b4.jpg,doc
41d3b2a40ed4a4b4__aug1_offline.jpg,15,41d3b2a40ed4a4b4.jpg,doc
41d3b2a40ed4a4b4__aug2_offline.jpg,15,41d3b2a40ed4a4b4.jpg,doc
41d3b2a40ed4a4b4__aug3_offline.jpg,15,41d3b2a40ed4a4b4.jpg,doc
42768ff4b8ca25a1__aug0_offline.jpg,5,42768ff4b8ca25a1.jpg,card_like
42768ff4b8ca25a1__aug1_offline.jpg,5,42768ff4b8ca25a1.jpg,card_like
42768ff4b8ca25a1__aug2_offline.jpg,5,42768ff4b8ca25a1.jpg,card_like
42768ff4b8ca25a1__aug3_offline.jpg,5,42768ff4b8ca25a1.jpg,card_like
428cdf5fc363b86e__aug0_offline.jpg,11,428cdf5fc363b86e.jpg,doc
428cdf5fc363b86e__aug1_offline.jpg,11,428cdf5fc363b86e.jpg,doc
428cdf5fc363b86e__aug2_offline.jpg,11,428cdf5fc363b86e.jpg,doc
428cdf5fc363b86e__aug3_offline.jpg,11,428cdf5fc363b86e.jpg,doc
431381d79be5b521__aug0_offline.jpg,9,431381d79be5b521.jpg,card_like
431381d79be5b521__aug1_offline.jpg,9,431381d79be5b521.jpg,card_like
431381d79be5b521__aug2_offline.jpg,9,431381d79be5b521.jpg,card_like
431381d79be5b521__aug3_offline.jpg,9,431381d79be5b521.jpg,card_like
4334b08d1c84cd7d__aug0_offline.jpg,15,4334b08d1c84cd7d.jpg,doc
4334b08d1c84cd7d__aug1_offline.jpg,15,4334b08d1c84cd7d.jpg,doc
4334b08d1c84cd7d__aug2_offline.jpg,15,4334b08d1c84cd7d.jpg,doc
4334b08d1c84cd7d__aug3_offline.jpg,15,4334b08d1c84cd7d.jpg,doc
4336cf4db2837f66__aug0_offline.jpg,5,4336cf4db2837f66.jpg,card_like
4336cf4db2837f66__aug1_offline.jpg,5,4336cf4db2837f66.jpg,card_like
4336cf4db2837f66__aug2_offline.jpg,5,4336cf4db2837f66.jpg,card_like
4336cf4db2837f66__aug3_offline.jpg,5,4336cf4db2837f66.jpg,card_like
436d42275d092b3a__aug0_offline.jpg,5,436d42275d092b3a.jpg,card_like
436d42275d092b3a__aug1_offline.jpg,5,436d42275d092b3a.jpg,card_like
436d42275d092b3a__aug2_offline.jpg,5,436d42275d092b3a.jpg,card_like
436d42275d092b3a__aug3_offline.jpg,5,436d42275d092b3a.jpg,card_like
4389d237184fcb1e__aug0_offline.jpg,4,4389d237184fcb1e.jpg,doc
4389d237184fcb1e__aug1_offline.jpg,4,4389d237184fcb1e.jpg,doc
4389d237184fcb1e__aug2_offline.jpg,4,4389d237184fcb1e.jpg,doc
4389d237184fcb1e__aug3_offline.jpg,4,4389d237184fcb1e.jpg,doc
43965cc70d7d14e0__aug0_offline.jpg,12,43965cc70d7d14e0.jpg,doc
43965cc70d7d14e0__aug1_offline.jpg,12,43965cc70d7d14e0.jpg,doc
43965cc70d7d14e0__aug2_offline.jpg,12,43965cc70d7d14e0.jpg,doc
43965cc70d7d14e0__aug3_offline.jpg,12,43965cc70d7d14e0.jpg,doc
43ac24060d10b7e5__aug0_offline.jpg,16,43ac24060d10b7e5.jpg,non_doc
43ac24060d10b7e5__aug1_offline.jpg,16,43ac24060d10b7e5.jpg,non_doc
43ac24060d10b7e5__aug2_offline.jpg,16,43ac24060d10b7e5.jpg,non_doc
43ac24060d10b7e5__aug3_offline.jpg,16,43ac24060d10b7e5.jpg,non_doc
43c1da91f513c337__aug0_offline.jpg,16,43c1da91f513c337.jpg,non_doc
43c1da91f513c337__aug1_offline.jpg,16,43c1da91f513c337.jpg,non_doc
43c1da91f513c337__aug2_offline.jpg,16,43c1da91f513c337.jpg,non_doc
43c1da91f513c337__aug3_offline.jpg,16,43c1da91f513c337.jpg,non_doc
43c927101a14247f__aug0_offline.jpg,3,43c927101a14247f.jpg,doc
43c927101a14247f__aug1_offline.jpg,3,43c927101a14247f.jpg,doc
43c927101a14247f__aug2_offline.jpg,3,43c927101a14247f.jpg,doc
43c927101a14247f__aug3_offline.jpg,3,43c927101a14247f.jpg,doc
440c82c4d1c581c6__aug0_offline.jpg,15,440c82c4d1c581c6.jpg,doc
440c82c4d1c581c6__aug1_offline.jpg,15,440c82c4d1c581c6.jpg,doc
440c82c4d1c581c6__aug2_offline.jpg,15,440c82c4d1c581c6.jpg,doc
440c82c4d1c581c6__aug3_offline.jpg,15,440c82c4d1c581c6.jpg,doc
441954c6ebbf9ca8__aug0_offline.jpg,5,441954c6ebbf9ca8.jpg,card_like
441954c6ebbf9ca8__aug1_offline.jpg,5,441954c6ebbf9ca8.jpg,card_like
441954c6ebbf9ca8__aug2_offline.jpg,5,441954c6ebbf9ca8.jpg,card_like
441954c6ebbf9ca8__aug3_offline.jpg,5,441954c6ebbf9ca8.jpg,card_like
442106839e07ff35__aug0_offline.jpg,12,442106839e07ff35.jpg,doc
442106839e07ff35__aug1_offline.jpg,12,442106839e07ff35.jpg,doc
442106839e07ff35__aug2_offline.jpg,12,442106839e07ff35.jpg,doc
442106839e07ff35__aug3_offline.jpg,12,442106839e07ff35.jpg,doc
443934f1e8cda268__aug0_offline.jpg,8,443934f1e8cda268.jpg,card_like
443934f1e8cda268__aug1_offline.jpg,8,443934f1e8cda268.jpg,card_like
443934f1e8cda268__aug2_offline.jpg,8,443934f1e8cda268.jpg,card_like
443934f1e8cda268__aug3_offline.jpg,8,443934f1e8cda268.jpg,card_like
4448a078afa88f51__aug0_offline.jpg,7,4448a078afa88f51.jpg,doc
4448a078afa88f51__aug1_offline.jpg,7,4448a078afa88f51.jpg,doc
4448a078afa88f51__aug2_offline.jpg,7,4448a078afa88f51.jpg,doc
4448a078afa88f51__aug3_offline.jpg,7,4448a078afa88f51.jpg,doc
4474bbcb08153190__aug0_offline.jpg,12,4474bbcb08153190.jpg,doc
4474bbcb08153190__aug1_offline.jpg,12,4474bbcb08153190.jpg,doc
4474bbcb08153190__aug2_offline.jpg,12,4474bbcb08153190.jpg,doc
4474bbcb08153190__aug3_offline.jpg,12,4474bbcb08153190.jpg,doc
44a6366325306cc6__aug0_offline.jpg,13,44a6366325306cc6.jpg,doc
44a6366325306cc6__aug1_offline.jpg,13,44a6366325306cc6.jpg,doc
44a6366325306cc6__aug2_offline.jpg,13,44a6366325306cc6.jpg,doc
44a6366325306cc6__aug3_offline.jpg,13,44a6366325306cc6.jpg,doc
44a6366325306cc6__aug4_offline.jpg,13,44a6366325306cc6.jpg,doc
4538698894b1f859__aug0_offline.jpg,12,4538698894b1f859.jpg,doc
4538698894b1f859__aug1_offline.jpg,12,4538698894b1f859.jpg,doc
4538698894b1f859__aug2_offline.jpg,12,4538698894b1f859.jpg,doc
4538698894b1f859__aug3_offline.jpg,12,4538698894b1f859.jpg,doc
45413d5c253ff6a8__aug0_offline.jpg,15,45413d5c253ff6a8.jpg,doc
45413d5c253ff6a8__aug1_offline.jpg,15,45413d5c253ff6a8.jpg,doc
45413d5c253ff6a8__aug2_offline.jpg,15,45413d5c253ff6a8.jpg,doc
45413d5c253ff6a8__aug3_offline.jpg,15,45413d5c253ff6a8.jpg,doc
454efe7054209eac__aug0_offline.jpg,6,454efe7054209eac.jpg,doc
454efe7054209eac__aug1_offline.jpg,6,454efe7054209eac.jpg,doc
454efe7054209eac__aug2_offline.jpg,6,454efe7054209eac.jpg,doc
454efe7054209eac__aug3_offline.jpg,6,454efe7054209eac.jpg,doc
457cd32cb351d570__aug0_offline.jpg,12,457cd32cb351d570.jpg,doc
457cd32cb351d570__aug1_offline.jpg,12,457cd32cb351d570.jpg,doc
457cd32cb351d570__aug2_offline.jpg,12,457cd32cb351d570.jpg,doc
457cd32cb351d570__aug3_offline.jpg,12,457cd32cb351d570.jpg,doc
45de554390b44351__aug0_offline.jpg,3,45de554390b44351.jpg,doc
45de554390b44351__aug1_offline.jpg,3,45de554390b44351.jpg,doc
45de554390b44351__aug2_offline.jpg,3,45de554390b44351.jpg,doc
45de554390b44351__aug3_offline.jpg,3,45de554390b44351.jpg,doc
45ec22e6b1b60734__aug0_offline.jpg,14,45ec22e6b1b60734.jpg,doc
45ec22e6b1b60734__aug1_offline.jpg,14,45ec22e6b1b60734.jpg,doc
45ec22e6b1b60734__aug2_offline.jpg,14,45ec22e6b1b60734.jpg,doc
45ec22e6b1b60734__aug3_offline.jpg,14,45ec22e6b1b60734.jpg,doc
45ec22e6b1b60734__aug4_offline.jpg,14,45ec22e6b1b60734.jpg,doc
45ec22e6b1b60734__aug5_offline.jpg,14,45ec22e6b1b60734.jpg,doc
45ec22e6b1b60734__aug6_offline.jpg,14,45ec22e6b1b60734.jpg,doc
45ec22e6b1b60734__aug7_offline.jpg,14,45ec22e6b1b60734.jpg,doc
45f0d2dfc7e47c03__aug0_offline.jpg,7,45f0d2dfc7e47c03.jpg,doc
45f0d2dfc7e47c03__aug1_offline.jpg,7,45f0d2dfc7e47c03.jpg,doc
45f0d2dfc7e47c03__aug2_offline.jpg,7,45f0d2dfc7e47c03.jpg,doc
45f0d2dfc7e47c03__aug3_offline.jpg,7,45f0d2dfc7e47c03.jpg,doc
45fb50995dea6740__aug0_offline.jpg,10,45fb50995dea6740.jpg,doc
45fb50995dea6740__aug1_offline.jpg,10,45fb50995dea6740.jpg,doc
45fb50995dea6740__aug2_offline.jpg,10,45fb50995dea6740.jpg,doc
45fb50995dea6740__aug3_offline.jpg,10,45fb50995dea6740.jpg,doc
4606a9ccbc65f3e5__aug0_offline.jpg,10,4606a9ccbc65f3e5.jpg,doc
4606a9ccbc65f3e5__aug1_offline.jpg,10,4606a9ccbc65f3e5.jpg,doc
4606a9ccbc65f3e5__aug2_offline.jpg,10,4606a9ccbc65f3e5.jpg,doc
4606a9ccbc65f3e5__aug3_offline.jpg,10,4606a9ccbc65f3e5.jpg,doc
461eea7d62965d0e__aug0_offline.jpg,16,461eea7d62965d0e.jpg,non_doc
461eea7d62965d0e__aug1_offline.jpg,16,461eea7d62965d0e.jpg,non_doc
461eea7d62965d0e__aug2_offline.jpg,16,461eea7d62965d0e.jpg,non_doc
461eea7d62965d0e__aug3_offline.jpg,16,461eea7d62965d0e.jpg,non_doc
4620f6e53442f3b6__aug0_offline.jpg,3,4620f6e53442f3b6.jpg,doc
4620f6e53442f3b6__aug1_offline.jpg,3,4620f6e53442f3b6.jpg,doc
4620f6e53442f3b6__aug2_offline.jpg,3,4620f6e53442f3b6.jpg,doc
4620f6e53442f3b6__aug3_offline.jpg,3,4620f6e53442f3b6.jpg,doc
467d6c568a375294__aug0_offline.jpg,9,467d6c568a375294.jpg,card_like
467d6c568a375294__aug1_offline.jpg,9,467d6c568a375294.jpg,card_like
467d6c568a375294__aug2_offline.jpg,9,467d6c568a375294.jpg,card_like
467d6c568a375294__aug3_offline.jpg,9,467d6c568a375294.jpg,card_like
46972b92fe19871e__aug0_offline.jpg,2,46972b92fe19871e.jpg,non_doc
46972b92fe19871e__aug1_offline.jpg,2,46972b92fe19871e.jpg,non_doc
46972b92fe19871e__aug2_offline.jpg,2,46972b92fe19871e.jpg,non_doc
46972b92fe19871e__aug3_offline.jpg,2,46972b92fe19871e.jpg,non_doc
46f1b9d6cb5864f5__aug0_offline.jpg,13,46f1b9d6cb5864f5.jpg,doc
46f1b9d6cb5864f5__aug1_offline.jpg,13,46f1b9d6cb5864f5.jpg,doc
46f1b9d6cb5864f5__aug2_offline.jpg,13,46f1b9d6cb5864f5.jpg,doc
46f1b9d6cb5864f5__aug3_offline.jpg,13,46f1b9d6cb5864f5.jpg,doc
46f1b9d6cb5864f5__aug4_offline.jpg,13,46f1b9d6cb5864f5.jpg,doc
474112e5fe5a9458__aug0_offline.jpg,15,474112e5fe5a9458.jpg,doc
474112e5fe5a9458__aug1_offline.jpg,15,474112e5fe5a9458.jpg,doc
474112e5fe5a9458__aug2_offline.jpg,15,474112e5fe5a9458.jpg,doc
474112e5fe5a9458__aug3_offline.jpg,15,474112e5fe5a9458.jpg,doc
47a5d51294b4289a__aug0_offline.jpg,9,47a5d51294b4289a.jpg,card_like
47a5d51294b4289a__aug1_offline.jpg,9,47a5d51294b4289a.jpg,card_like
47a5d51294b4289a__aug2_offline.jpg,9,47a5d51294b4289a.jpg,card_like
47a5d51294b4289a__aug3_offline.jpg,9,47a5d51294b4289a.jpg,card_like
47b26be990f7065a__aug0_offline.jpg,11,47b26be990f7065a.jpg,doc
47b26be990f7065a__aug1_offline.jpg,11,47b26be990f7065a.jpg,doc
47b26be990f7065a__aug2_offline.jpg,11,47b26be990f7065a.jpg,doc
47b26be990f7065a__aug3_offline.jpg,11,47b26be990f7065a.jpg,doc
47bfeda81405c1dd__aug0_offline.jpg,11,47bfeda81405c1dd.jpg,doc
47bfeda81405c1dd__aug1_offline.jpg,11,47bfeda81405c1dd.jpg,doc
47bfeda81405c1dd__aug2_offline.jpg,11,47bfeda81405c1dd.jpg,doc
47bfeda81405c1dd__aug3_offline.jpg,11,47bfeda81405c1dd.jpg,doc
4802719556a4017a__aug0_offline.jpg,9,4802719556a4017a.jpg,card_like
4802719556a4017a__aug1_offline.jpg,9,4802719556a4017a.jpg,card_like
4802719556a4017a__aug2_offline.jpg,9,4802719556a4017a.jpg,card_like
4802719556a4017a__aug3_offline.jpg,9,4802719556a4017a.jpg,card_like
4826a34b61ae4e98__aug0_offline.jpg,13,4826a34b61ae4e98.jpg,doc
4826a34b61ae4e98__aug1_offline.jpg,13,4826a34b61ae4e98.jpg,doc
4826a34b61ae4e98__aug2_offline.jpg,13,4826a34b61ae4e98.jpg,doc
4826a34b61ae4e98__aug3_offline.jpg,13,4826a34b61ae4e98.jpg,doc
4826a34b61ae4e98__aug4_offline.jpg,13,4826a34b61ae4e98.jpg,doc
485508cdbc358c78__aug0_offline.jpg,1,485508cdbc358c78.jpg,doc
485508cdbc358c78__aug1_offline.jpg,1,485508cdbc358c78.jpg,doc
485508cdbc358c78__aug2_offline.jpg,1,485508cdbc358c78.jpg,doc
485508cdbc358c78__aug3_offline.jpg,1,485508cdbc358c78.jpg,doc
485508cdbc358c78__aug4_offline.jpg,1,485508cdbc358c78.jpg,doc
485508cdbc358c78__aug5_offline.jpg,1,485508cdbc358c78.jpg,doc
485508cdbc358c78__aug6_offline.jpg,1,485508cdbc358c78.jpg,doc
485508cdbc358c78__aug7_offline.jpg,1,485508cdbc358c78.jpg,doc
485508cdbc358c78__aug8_offline.jpg,1,485508cdbc358c78.jpg,doc
485c7b00ac003324__aug0_offline.jpg,5,485c7b00ac003324.jpg,card_like
485c7b00ac003324__aug1_offline.jpg,5,485c7b00ac003324.jpg,card_like
485c7b00ac003324__aug2_offline.jpg,5,485c7b00ac003324.jpg,card_like
485c7b00ac003324__aug3_offline.jpg,5,485c7b00ac003324.jpg,card_like
48675735fa816fb9__aug0_offline.jpg,6,48675735fa816fb9.jpg,doc
48675735fa816fb9__aug1_offline.jpg,6,48675735fa816fb9.jpg,doc
48675735fa816fb9__aug2_offline.jpg,6,48675735fa816fb9.jpg,doc
48675735fa816fb9__aug3_offline.jpg,6,48675735fa816fb9.jpg,doc
486e83775bea4497__aug0_offline.jpg,4,486e83775bea4497.jpg,doc
486e83775bea4497__aug1_offline.jpg,4,486e83775bea4497.jpg,doc
486e83775bea4497__aug2_offline.jpg,4,486e83775bea4497.jpg,doc
486e83775bea4497__aug3_offline.jpg,4,486e83775bea4497.jpg,doc
487d701188730123__aug0_offline.jpg,13,487d701188730123.jpg,doc
487d701188730123__aug1_offline.jpg,13,487d701188730123.jpg,doc
487d701188730123__aug2_offline.jpg,13,487d701188730123.jpg,doc
487d701188730123__aug3_offline.jpg,13,487d701188730123.jpg,doc
487d701188730123__aug4_offline.jpg,13,487d701188730123.jpg,doc
48fbed133d9f11b1__aug0_offline.jpg,8,48fbed133d9f11b1.jpg,card_like
48fbed133d9f11b1__aug1_offline.jpg,8,48fbed133d9f11b1.jpg,card_like
48fbed133d9f11b1__aug2_offline.jpg,8,48fbed133d9f11b1.jpg,card_like
48fbed133d9f11b1__aug3_offline.jpg,8,48fbed133d9f11b1.jpg,card_like
493382458cfa36b8__aug0_offline.jpg,13,493382458cfa36b8.jpg,doc
493382458cfa36b8__aug1_offline.jpg,13,493382458cfa36b8.jpg,doc
493382458cfa36b8__aug2_offline.jpg,13,493382458cfa36b8.jpg,doc
493382458cfa36b8__aug3_offline.jpg,13,493382458cfa36b8.jpg,doc
4960dbb824121260__aug0_offline.jpg,2,4960dbb824121260.jpg,non_doc
4960dbb824121260__aug1_offline.jpg,2,4960dbb824121260.jpg,non_doc
4960dbb824121260__aug2_offline.jpg,2,4960dbb824121260.jpg,non_doc
4960dbb824121260__aug3_offline.jpg,2,4960dbb824121260.jpg,non_doc
49a27cda7297e82d__aug0_offline.jpg,8,49a27cda7297e82d.jpg,card_like
49a27cda7297e82d__aug1_offline.jpg,8,49a27cda7297e82d.jpg,card_like
49a27cda7297e82d__aug2_offline.jpg,8,49a27cda7297e82d.jpg,card_like
49a27cda7297e82d__aug3_offline.jpg,8,49a27cda7297e82d.jpg,card_like
49a364afd40c6c73__aug0_offline.jpg,8,49a364afd40c6c73.jpg,card_like
49a364afd40c6c73__aug1_offline.jpg,8,49a364afd40c6c73.jpg,card_like
49a364afd40c6c73__aug2_offline.jpg,8,49a364afd40c6c73.jpg,card_like
49a364afd40c6c73__aug3_offline.jpg,8,49a364afd40c6c73.jpg,card_like
49a92ee5ba8d656f__aug0_offline.jpg,9,49a92ee5ba8d656f.jpg,card_like
49a92ee5ba8d656f__aug1_offline.jpg,9,49a92ee5ba8d656f.jpg,card_like
49a92ee5ba8d656f__aug2_offline.jpg,9,49a92ee5ba8d656f.jpg,card_like
49a92ee5ba8d656f__aug3_offline.jpg,9,49a92ee5ba8d656f.jpg,card_like
4a35e18aa81f156d__aug0_offline.jpg,11,4a35e18aa81f156d.jpg,doc
4a35e18aa81f156d__aug1_offline.jpg,11,4a35e18aa81f156d.jpg,doc
4a35e18aa81f156d__aug2_offline.jpg,11,4a35e18aa81f156d.jpg,doc
4a35e18aa81f156d__aug3_offline.jpg,11,4a35e18aa81f156d.jpg,doc
4a38e395726fbc06__aug0_offline.jpg,7,4a38e395726fbc06.jpg,doc
4a38e395726fbc06__aug1_offline.jpg,7,4a38e395726fbc06.jpg,doc
4a38e395726fbc06__aug2_offline.jpg,7,4a38e395726fbc06.jpg,doc
4a38e395726fbc06__aug3_offline.jpg,7,4a38e395726fbc06.jpg,doc
4a48e1d9202ed3e1__aug0_offline.jpg,15,4a48e1d9202ed3e1.jpg,doc
4a48e1d9202ed3e1__aug1_offline.jpg,15,4a48e1d9202ed3e1.jpg,doc
4a48e1d9202ed3e1__aug2_offline.jpg,15,4a48e1d9202ed3e1.jpg,doc
4a48e1d9202ed3e1__aug3_offline.jpg,15,4a48e1d9202ed3e1.jpg,doc
4a5dfe6fe1ba552b__aug0_offline.jpg,15,4a5dfe6fe1ba552b.jpg,doc
4a5dfe6fe1ba552b__aug1_offline.jpg,15,4a5dfe6fe1ba552b.jpg,doc
4a5dfe6fe1ba552b__aug2_offline.jpg,15,4a5dfe6fe1ba552b.jpg,doc
4a5dfe6fe1ba552b__aug3_offline.jpg,15,4a5dfe6fe1ba552b.jpg,doc
4a7c4627a519f7b6__aug0_offline.jpg,16,4a7c4627a519f7b6.jpg,non_doc
4a7c4627a519f7b6__aug1_offline.jpg,16,4a7c4627a519f7b6.jpg,non_doc
4a7c4627a519f7b6__aug2_offline.jpg,16,4a7c4627a519f7b6.jpg,non_doc
4a7c4627a519f7b6__aug3_offline.jpg,16,4a7c4627a519f7b6.jpg,non_doc
4af07f795888470b__aug0_offline.jpg,9,4af07f795888470b.jpg,card_like
4af07f795888470b__aug1_offline.jpg,9,4af07f795888470b.jpg,card_like
4af07f795888470b__aug2_offline.jpg,9,4af07f795888470b.jpg,card_like
4af07f795888470b__aug3_offline.jpg,9,4af07f795888470b.jpg,card_like
4b8656989ea5a560__aug0_offline.jpg,11,4b8656989ea5a560.jpg,doc
4b8656989ea5a560__aug1_offline.jpg,11,4b8656989ea5a560.jpg,doc
4b8656989ea5a560__aug2_offline.jpg,11,4b8656989ea5a560.jpg,doc
4b8656989ea5a560__aug3_offline.jpg,11,4b8656989ea5a560.jpg,doc
4b8a4d471e1126b9__aug0_offline.jpg,16,4b8a4d471e1126b9.jpg,non_doc
4b8a4d471e1126b9__aug1_offline.jpg,16,4b8a4d471e1126b9.jpg,non_doc
4b8a4d471e1126b9__aug2_offline.jpg,16,4b8a4d471e1126b9.jpg,non_doc
4b8a4d471e1126b9__aug3_offline.jpg,16,4b8a4d471e1126b9.jpg,non_doc
4b90856f199fba68__aug0_offline.jpg,13,4b90856f199fba68.jpg,doc
4b90856f199fba68__aug1_offline.jpg,13,4b90856f199fba68.jpg,doc
4b90856f199fba68__aug2_offline.jpg,13,4b90856f199fba68.jpg,doc
4b90856f199fba68__aug3_offline.jpg,13,4b90856f199fba68.jpg,doc
4b9e174a06499f99__aug0_offline.jpg,8,4b9e174a06499f99.jpg,card_like
4b9e174a06499f99__aug1_offline.jpg,8,4b9e174a06499f99.jpg,card_like
4b9e174a06499f99__aug2_offline.jpg,8,4b9e174a06499f99.jpg,card_like
4b9e174a06499f99__aug3_offline.jpg,8,4b9e174a06499f99.jpg,card_like
4bb7fd44ce85cd09__aug0_offline.jpg,11,4bb7fd44ce85cd09.jpg,doc
4bb7fd44ce85cd09__aug1_offline.jpg,11,4bb7fd44ce85cd09.jpg,doc
4bb7fd44ce85cd09__aug2_offline.jpg,11,4bb7fd44ce85cd09.jpg,doc
4bb7fd44ce85cd09__aug3_offline.jpg,11,4bb7fd44ce85cd09.jpg,doc
4bdec47234b71ffb__aug0_offline.jpg,14,4bdec47234b71ffb.jpg,doc
4bdec47234b71ffb__aug1_offline.jpg,14,4bdec47234b71ffb.jpg,doc
4bdec47234b71ffb__aug2_offline.jpg,14,4bdec47234b71ffb.jpg,doc
4bdec47234b71ffb__aug3_offline.jpg,14,4bdec47234b71ffb.jpg,doc
4bdec47234b71ffb__aug4_offline.jpg,14,4bdec47234b71ffb.jpg,doc
4bdec47234b71ffb__aug5_offline.jpg,14,4bdec47234b71ffb.jpg,doc
4bdec47234b71ffb__aug6_offline.jpg,14,4bdec47234b71ffb.jpg,doc
4bdec47234b71ffb__aug7_offline.jpg,14,4bdec47234b71ffb.jpg,doc
4bed64cb9977e032__aug0_offline.jpg,10,4bed64cb9977e032.jpg,doc
4bed64cb9977e032__aug1_offline.jpg,10,4bed64cb9977e032.jpg,doc
4bed64cb9977e032__aug2_offline.jpg,10,4bed64cb9977e032.jpg,doc
4bed64cb9977e032__aug3_offline.jpg,10,4bed64cb9977e032.jpg,doc
4bf67e4500df13ca__aug0_offline.jpg,6,4bf67e4500df13ca.jpg,doc
4bf67e4500df13ca__aug1_offline.jpg,6,4bf67e4500df13ca.jpg,doc
4bf67e4500df13ca__aug2_offline.jpg,6,4bf67e4500df13ca.jpg,doc
4bf67e4500df13ca__aug3_offline.jpg,6,4bf67e4500df13ca.jpg,doc
4c037c35216fdf7e__aug0_offline.jpg,4,4c037c35216fdf7e.jpg,doc
4c037c35216fdf7e__aug1_offline.jpg,4,4c037c35216fdf7e.jpg,doc
4c037c35216fdf7e__aug2_offline.jpg,4,4c037c35216fdf7e.jpg,doc
4c037c35216fdf7e__aug3_offline.jpg,4,4c037c35216fdf7e.jpg,doc
4c0afb59b757bf30__aug0_offline.jpg,10,4c0afb59b757bf30.jpg,doc
4c0afb59b757bf30__aug1_offline.jpg,10,4c0afb59b757bf30.jpg,doc
4c0afb59b757bf30__aug2_offline.jpg,10,4c0afb59b757bf30.jpg,doc
4c0afb59b757bf30__aug3_offline.jpg,10,4c0afb59b757bf30.jpg,doc
4c1ab7fcd0c7ee4a__aug0_offline.jpg,11,4c1ab7fcd0c7ee4a.jpg,doc
4c1ab7fcd0c7ee4a__aug1_offline.jpg,11,4c1ab7fcd0c7ee4a.jpg,doc
4c1ab7fcd0c7ee4a__aug2_offline.jpg,11,4c1ab7fcd0c7ee4a.jpg,doc
4c1ab7fcd0c7ee4a__aug3_offline.jpg,11,4c1ab7fcd0c7ee4a.jpg,doc
4c618df68895cc0d__aug0_offline.jpg,11,4c618df68895cc0d.jpg,doc
4c618df68895cc0d__aug1_offline.jpg,11,4c618df68895cc0d.jpg,doc
4c618df68895cc0d__aug2_offline.jpg,11,4c618df68895cc0d.jpg,doc
4c618df68895cc0d__aug3_offline.jpg,11,4c618df68895cc0d.jpg,doc
4c8277bb403a2559__aug0_offline.jpg,7,4c8277bb403a2559.jpg,doc
4c8277bb403a2559__aug1_offline.jpg,7,4c8277bb403a2559.jpg,doc
4c8277bb403a2559__aug2_offline.jpg,7,4c8277bb403a2559.jpg,doc
4c8277bb403a2559__aug3_offline.jpg,7,4c8277bb403a2559.jpg,doc
4c86ea36fb5eb458__aug0_offline.jpg,10,4c86ea36fb5eb458.jpg,doc
4c86ea36fb5eb458__aug1_offline.jpg,10,4c86ea36fb5eb458.jpg,doc
4c86ea36fb5eb458__aug2_offline.jpg,10,4c86ea36fb5eb458.jpg,doc
4c86ea36fb5eb458__aug3_offline.jpg,10,4c86ea36fb5eb458.jpg,doc
4c9d1b5a97095be3__aug0_offline.jpg,3,4c9d1b5a97095be3.jpg,doc
4c9d1b5a97095be3__aug1_offline.jpg,3,4c9d1b5a97095be3.jpg,doc
4c9d1b5a97095be3__aug2_offline.jpg,3,4c9d1b5a97095be3.jpg,doc
4c9d1b5a97095be3__aug3_offline.jpg,3,4c9d1b5a97095be3.jpg,doc
4ca2ec8f7f492b0d__aug0_offline.jpg,7,4ca2ec8f7f492b0d.jpg,doc
4ca2ec8f7f492b0d__aug1_offline.jpg,7,4ca2ec8f7f492b0d.jpg,doc
4ca2ec8f7f492b0d__aug2_offline.jpg,7,4ca2ec8f7f492b0d.jpg,doc
4ca2ec8f7f492b0d__aug3_offline.jpg,7,4ca2ec8f7f492b0d.jpg,doc
4caf430fb057bfa5__aug0_offline.jpg,8,4caf430fb057bfa5.jpg,card_like
4caf430fb057bfa5__aug1_offline.jpg,8,4caf430fb057bfa5.jpg,card_like
4caf430fb057bfa5__aug2_offline.jpg,8,4caf430fb057bfa5.jpg,card_like
4caf430fb057bfa5__aug3_offline.jpg,8,4caf430fb057bfa5.jpg,card_like
4cb40376288e0793__aug0_offline.jpg,12,4cb40376288e0793.jpg,doc
4cb40376288e0793__aug1_offline.jpg,12,4cb40376288e0793.jpg,doc
4cb40376288e0793__aug2_offline.jpg,12,4cb40376288e0793.jpg,doc
4cb40376288e0793__aug3_offline.jpg,12,4cb40376288e0793.jpg,doc
4cd3ef093b6ee9a2__aug0_offline.jpg,9,4cd3ef093b6ee9a2.jpg,card_like
4cd3ef093b6ee9a2__aug1_offline.jpg,9,4cd3ef093b6ee9a2.jpg,card_like
4cd3ef093b6ee9a2__aug2_offline.jpg,9,4cd3ef093b6ee9a2.jpg,card_like
4cd3ef093b6ee9a2__aug3_offline.jpg,9,4cd3ef093b6ee9a2.jpg,card_like
4cfebc3ddc055855__aug0_offline.jpg,11,4cfebc3ddc055855.jpg,doc
4cfebc3ddc055855__aug1_offline.jpg,11,4cfebc3ddc055855.jpg,doc
4cfebc3ddc055855__aug2_offline.jpg,11,4cfebc3ddc055855.jpg,doc
4cfebc3ddc055855__aug3_offline.jpg,11,4cfebc3ddc055855.jpg,doc
4db877f866eb21bb__aug0_offline.jpg,12,4db877f866eb21bb.jpg,doc
4db877f866eb21bb__aug1_offline.jpg,12,4db877f866eb21bb.jpg,doc
4db877f866eb21bb__aug2_offline.jpg,12,4db877f866eb21bb.jpg,doc
4db877f866eb21bb__aug3_offline.jpg,12,4db877f866eb21bb.jpg,doc
4ddc51bca63ac1ff__aug0_offline.jpg,2,4ddc51bca63ac1ff.jpg,non_doc
4ddc51bca63ac1ff__aug1_offline.jpg,2,4ddc51bca63ac1ff.jpg,non_doc
4ddc51bca63ac1ff__aug2_offline.jpg,2,4ddc51bca63ac1ff.jpg,non_doc
4ddc51bca63ac1ff__aug3_offline.jpg,2,4ddc51bca63ac1ff.jpg,non_doc
4df2ec93065a5c5b__aug0_offline.jpg,5,4df2ec93065a5c5b.jpg,card_like
4df2ec93065a5c5b__aug1_offline.jpg,5,4df2ec93065a5c5b.jpg,card_like
4df2ec93065a5c5b__aug2_offline.jpg,5,4df2ec93065a5c5b.jpg,card_like
4df2ec93065a5c5b__aug3_offline.jpg,5,4df2ec93065a5c5b.jpg,card_like
4e038b45aa1e5324__aug0_offline.jpg,5,4e038b45aa1e5324.jpg,card_like
4e038b45aa1e5324__aug1_offline.jpg,5,4e038b45aa1e5324.jpg,card_like
4e038b45aa1e5324__aug2_offline.jpg,5,4e038b45aa1e5324.jpg,card_like
4e038b45aa1e5324__aug3_offline.jpg,5,4e038b45aa1e5324.jpg,card_like
4e2a575b25836964__aug0_offline.jpg,2,4e2a575b25836964.jpg,non_doc
4e2a575b25836964__aug1_offline.jpg,2,4e2a575b25836964.jpg,non_doc
4e2a575b25836964__aug2_offline.jpg,2,4e2a575b25836964.jpg,non_doc
4e2a575b25836964__aug3_offline.jpg,2,4e2a575b25836964.jpg,non_doc
4e4154297f6a02c3__aug0_offline.jpg,0,4e4154297f6a02c3.jpg,doc
4e4154297f6a02c3__aug1_offline.jpg,0,4e4154297f6a02c3.jpg,doc
4e4154297f6a02c3__aug2_offline.jpg,0,4e4154297f6a02c3.jpg,doc
4e4154297f6a02c3__aug3_offline.jpg,0,4e4154297f6a02c3.jpg,doc
4e5848a4ad483009__aug0_offline.jpg,7,4e5848a4ad483009.jpg,doc
4e5848a4ad483009__aug1_offline.jpg,7,4e5848a4ad483009.jpg,doc
4e5848a4ad483009__aug2_offline.jpg,7,4e5848a4ad483009.jpg,doc
4e5848a4ad483009__aug3_offline.jpg,7,4e5848a4ad483009.jpg,doc
4e63bb0e147078b6__aug0_offline.jpg,13,4e63bb0e147078b6.jpg,doc
4e63bb0e147078b6__aug1_offline.jpg,13,4e63bb0e147078b6.jpg,doc
4e63bb0e147078b6__aug2_offline.jpg,13,4e63bb0e147078b6.jpg,doc
4e63bb0e147078b6__aug3_offline.jpg,13,4e63bb0e147078b6.jpg,doc
4e847b2d3775c715__aug0_offline.jpg,16,4e847b2d3775c715.jpg,non_doc
4e847b2d3775c715__aug1_offline.jpg,16,4e847b2d3775c715.jpg,non_doc
4e847b2d3775c715__aug2_offline.jpg,16,4e847b2d3775c715.jpg,non_doc
4e847b2d3775c715__aug3_offline.jpg,16,4e847b2d3775c715.jpg,non_doc
4eaac28ab81c0b83__aug0_offline.jpg,6,4eaac28ab81c0b83.jpg,doc
4eaac28ab81c0b83__aug1_offline.jpg,6,4eaac28ab81c0b83.jpg,doc
4eaac28ab81c0b83__aug2_offline.jpg,6,4eaac28ab81c0b83.jpg,doc
4eaac28ab81c0b83__aug3_offline.jpg,6,4eaac28ab81c0b83.jpg,doc
4ec0f8a4a5ac3b01__aug0_offline.jpg,7,4ec0f8a4a5ac3b01.jpg,doc
4ec0f8a4a5ac3b01__aug1_offline.jpg,7,4ec0f8a4a5ac3b01.jpg,doc
4ec0f8a4a5ac3b01__aug2_offline.jpg,7,4ec0f8a4a5ac3b01.jpg,doc
4ec0f8a4a5ac3b01__aug3_offline.jpg,7,4ec0f8a4a5ac3b01.jpg,doc
4ed2947145d6a6a5__aug0_offline.jpg,1,4ed2947145d6a6a5.jpg,doc
4ed2947145d6a6a5__aug1_offline.jpg,1,4ed2947145d6a6a5.jpg,doc
4ed2947145d6a6a5__aug2_offline.jpg,1,4ed2947145d6a6a5.jpg,doc
4ed2947145d6a6a5__aug3_offline.jpg,1,4ed2947145d6a6a5.jpg,doc
4ed2947145d6a6a5__aug4_offline.jpg,1,4ed2947145d6a6a5.jpg,doc
4ed2947145d6a6a5__aug5_offline.jpg,1,4ed2947145d6a6a5.jpg,doc
4ed2947145d6a6a5__aug6_offline.jpg,1,4ed2947145d6a6a5.jpg,doc
4ed2947145d6a6a5__aug7_offline.jpg,1,4ed2947145d6a6a5.jpg,doc
4ed2947145d6a6a5__aug8_offline.jpg,1,4ed2947145d6a6a5.jpg,doc
4efd4cc11e8c8d5e__aug0_offline.jpg,10,4efd4cc11e8c8d5e.jpg,doc
4efd4cc11e8c8d5e__aug1_offline.jpg,10,4efd4cc11e8c8d5e.jpg,doc
4efd4cc11e8c8d5e__aug2_offline.jpg,10,4efd4cc11e8c8d5e.jpg,doc
4efd4cc11e8c8d5e__aug3_offline.jpg,10,4efd4cc11e8c8d5e.jpg,doc
4f15438f43c3bd4b__aug0_offline.jpg,2,4f15438f43c3bd4b.jpg,non_doc
4f15438f43c3bd4b__aug1_offline.jpg,2,4f15438f43c3bd4b.jpg,non_doc
4f15438f43c3bd4b__aug2_offline.jpg,2,4f15438f43c3bd4b.jpg,non_doc
4f15438f43c3bd4b__aug3_offline.jpg,2,4f15438f43c3bd4b.jpg,non_doc
4f1a0debe89c7641__aug0_offline.jpg,7,4f1a0debe89c7641.jpg,doc
4f1a0debe89c7641__aug1_offline.jpg,7,4f1a0debe89c7641.jpg,doc
4f1a0debe89c7641__aug2_offline.jpg,7,4f1a0debe89c7641.jpg,doc
4f1a0debe89c7641__aug3_offline.jpg,7,4f1a0debe89c7641.jpg,doc
4f1a963ecae7b3ed__aug0_offline.jpg,2,4f1a963ecae7b3ed.jpg,non_doc
4f1a963ecae7b3ed__aug1_offline.jpg,2,4f1a963ecae7b3ed.jpg,non_doc
4f1a963ecae7b3ed__aug2_offline.jpg,2,4f1a963ecae7b3ed.jpg,non_doc
4f1a963ecae7b3ed__aug3_offline.jpg,2,4f1a963ecae7b3ed.jpg,non_doc
4f251e4f50e1b033__aug0_offline.jpg,9,4f251e4f50e1b033.jpg,card_like
4f251e4f50e1b033__aug1_offline.jpg,9,4f251e4f50e1b033.jpg,card_like
4f251e4f50e1b033__aug2_offline.jpg,9,4f251e4f50e1b033.jpg,card_like
4f251e4f50e1b033__aug3_offline.jpg,9,4f251e4f50e1b033.jpg,card_like
4f4100964a806572__aug0_offline.jpg,8,4f4100964a806572.jpg,card_like
4f4100964a806572__aug1_offline.jpg,8,4f4100964a806572.jpg,card_like
4f4100964a806572__aug2_offline.jpg,8,4f4100964a806572.jpg,card_like
4f4100964a806572__aug3_offline.jpg,8,4f4100964a806572.jpg,card_like
4f67b1e9ba0fe848__aug0_offline.jpg,3,4f67b1e9ba0fe848.jpg,doc
4f67b1e9ba0fe848__aug1_offline.jpg,3,4f67b1e9ba0fe848.jpg,doc
4f67b1e9ba0fe848__aug2_offline.jpg,3,4f67b1e9ba0fe848.jpg,doc
4f67b1e9ba0fe848__aug3_offline.jpg,3,4f67b1e9ba0fe848.jpg,doc
4f6c6ad8ec287c2d__aug0_offline.jpg,7,4f6c6ad8ec287c2d.jpg,doc
4f6c6ad8ec287c2d__aug1_offline.jpg,7,4f6c6ad8ec287c2d.jpg,doc
4f6c6ad8ec287c2d__aug2_offline.jpg,7,4f6c6ad8ec287c2d.jpg,doc
4f6c6ad8ec287c2d__aug3_offline.jpg,7,4f6c6ad8ec287c2d.jpg,doc
4fc43e7a1b6dd9f9__aug0_offline.jpg,15,4fc43e7a1b6dd9f9.jpg,doc
4fc43e7a1b6dd9f9__aug1_offline.jpg,15,4fc43e7a1b6dd9f9.jpg,doc
4fc43e7a1b6dd9f9__aug2_offline.jpg,15,4fc43e7a1b6dd9f9.jpg,doc
4fc43e7a1b6dd9f9__aug3_offline.jpg,15,4fc43e7a1b6dd9f9.jpg,doc
4fd4d1f693c164e6__aug0_offline.jpg,16,4fd4d1f693c164e6.jpg,non_doc
4fd4d1f693c164e6__aug1_offline.jpg,16,4fd4d1f693c164e6.jpg,non_doc
4fd4d1f693c164e6__aug2_offline.jpg,16,4fd4d1f693c164e6.jpg,non_doc
4fd4d1f693c164e6__aug3_offline.jpg,16,4fd4d1f693c164e6.jpg,non_doc
5074e85e2a75a1fe__aug0_offline.jpg,14,5074e85e2a75a1fe.jpg,doc
5074e85e2a75a1fe__aug1_offline.jpg,14,5074e85e2a75a1fe.jpg,doc
5074e85e2a75a1fe__aug2_offline.jpg,14,5074e85e2a75a1fe.jpg,doc
5074e85e2a75a1fe__aug3_offline.jpg,14,5074e85e2a75a1fe.jpg,doc
5074e85e2a75a1fe__aug4_offline.jpg,14,5074e85e2a75a1fe.jpg,doc
5074e85e2a75a1fe__aug5_offline.jpg,14,5074e85e2a75a1fe.jpg,doc
5074e85e2a75a1fe__aug6_offline.jpg,14,5074e85e2a75a1fe.jpg,doc
5074e85e2a75a1fe__aug7_offline.jpg,14,5074e85e2a75a1fe.jpg,doc
508391fc78dd9420__aug0_offline.jpg,7,508391fc78dd9420.jpg,doc
508391fc78dd9420__aug1_offline.jpg,7,508391fc78dd9420.jpg,doc
508391fc78dd9420__aug2_offline.jpg,7,508391fc78dd9420.jpg,doc
508391fc78dd9420__aug3_offline.jpg,7,508391fc78dd9420.jpg,doc
50857120c1df0665__aug0_offline.jpg,12,50857120c1df0665.jpg,doc
50857120c1df0665__aug1_offline.jpg,12,50857120c1df0665.jpg,doc
50857120c1df0665__aug2_offline.jpg,12,50857120c1df0665.jpg,doc
50857120c1df0665__aug3_offline.jpg,12,50857120c1df0665.jpg,doc
50bdc79a2007cdcf__aug0_offline.jpg,7,50bdc79a2007cdcf.jpg,doc
50bdc79a2007cdcf__aug1_offline.jpg,7,50bdc79a2007cdcf.jpg,doc
50bdc79a2007cdcf__aug2_offline.jpg,7,50bdc79a2007cdcf.jpg,doc
50bdc79a2007cdcf__aug3_offline.jpg,7,50bdc79a2007cdcf.jpg,doc
513a76b111c229cf__aug0_offline.jpg,3,513a76b111c229cf.jpg,doc
513a76b111c229cf__aug1_offline.jpg,3,513a76b111c229cf.jpg,doc
513a76b111c229cf__aug2_offline.jpg,3,513a76b111c229cf.jpg,doc
513a76b111c229cf__aug3_offline.jpg,3,513a76b111c229cf.jpg,doc
513df60c6920cc57__aug0_offline.jpg,2,513df60c6920cc57.jpg,non_doc
513df60c6920cc57__aug1_offline.jpg,2,513df60c6920cc57.jpg,non_doc
513df60c6920cc57__aug2_offline.jpg,2,513df60c6920cc57.jpg,non_doc
513df60c6920cc57__aug3_offline.jpg,2,513df60c6920cc57.jpg,non_doc
514d97736492f467__aug0_offline.jpg,7,514d97736492f467.jpg,doc
514d97736492f467__aug1_offline.jpg,7,514d97736492f467.jpg,doc
514d97736492f467__aug2_offline.jpg,7,514d97736492f467.jpg,doc
514d97736492f467__aug3_offline.jpg,7,514d97736492f467.jpg,doc
5156dbccfd284692__aug0_offline.jpg,6,5156dbccfd284692.jpg,doc
5156dbccfd284692__aug1_offline.jpg,6,5156dbccfd284692.jpg,doc
5156dbccfd284692__aug2_offline.jpg,6,5156dbccfd284692.jpg,doc
5156dbccfd284692__aug3_offline.jpg,6,5156dbccfd284692.jpg,doc
51807e423fc0a50b__aug0_offline.jpg,15,51807e423fc0a50b.jpg,doc
51807e423fc0a50b__aug1_offline.jpg,15,51807e423fc0a50b.jpg,doc
51807e423fc0a50b__aug2_offline.jpg,15,51807e423fc0a50b.jpg,doc
51807e423fc0a50b__aug3_offline.jpg,15,51807e423fc0a50b.jpg,doc
51b357c1f450069b__aug0_offline.jpg,5,51b357c1f450069b.jpg,card_like
51b357c1f450069b__aug1_offline.jpg,5,51b357c1f450069b.jpg,card_like
51b357c1f450069b__aug2_offline.jpg,5,51b357c1f450069b.jpg,card_like
51b357c1f450069b__aug3_offline.jpg,5,51b357c1f450069b.jpg,card_like
51c3d534d5b0eae6__aug0_offline.jpg,5,51c3d534d5b0eae6.jpg,card_like
51c3d534d5b0eae6__aug1_offline.jpg,5,51c3d534d5b0eae6.jpg,card_like
51c3d534d5b0eae6__aug2_offline.jpg,5,51c3d534d5b0eae6.jpg,card_like
51c3d534d5b0eae6__aug3_offline.jpg,5,51c3d534d5b0eae6.jpg,card_like
51c82bafa7f34b88__aug0_offline.jpg,2,51c82bafa7f34b88.jpg,non_doc
51c82bafa7f34b88__aug1_offline.jpg,2,51c82bafa7f34b88.jpg,non_doc
51c82bafa7f34b88__aug2_offline.jpg,2,51c82bafa7f34b88.jpg,non_doc
51c82bafa7f34b88__aug3_offline.jpg,2,51c82bafa7f34b88.jpg,non_doc
51d0c28834bff14f__aug0_offline.jpg,8,51d0c28834bff14f.jpg,card_like
51d0c28834bff14f__aug1_offline.jpg,8,51d0c28834bff14f.jpg,card_like
51d0c28834bff14f__aug2_offline.jpg,8,51d0c28834bff14f.jpg,card_like
51d0c28834bff14f__aug3_offline.jpg,8,51d0c28834bff14f.jpg,card_like
51ef555026d28c0d__aug0_offline.jpg,12,51ef555026d28c0d.jpg,doc
51ef555026d28c0d__aug1_offline.jpg,12,51ef555026d28c0d.jpg,doc
51ef555026d28c0d__aug2_offline.jpg,12,51ef555026d28c0d.jpg,doc
51ef555026d28c0d__aug3_offline.jpg,12,51ef555026d28c0d.jpg,doc
51fe52a95d431a86__aug0_offline.jpg,3,51fe52a95d431a86.jpg,doc
51fe52a95d431a86__aug1_offline.jpg,3,51fe52a95d431a86.jpg,doc
51fe52a95d431a86__aug2_offline.jpg,3,51fe52a95d431a86.jpg,doc
51fe52a95d431a86__aug3_offline.jpg,3,51fe52a95d431a86.jpg,doc
5212b568235a1698__aug0_offline.jpg,2,5212b568235a1698.jpg,non_doc
5212b568235a1698__aug1_offline.jpg,2,5212b568235a1698.jpg,non_doc
5212b568235a1698__aug2_offline.jpg,2,5212b568235a1698.jpg,non_doc
5212b568235a1698__aug3_offline.jpg,2,5212b568235a1698.jpg,non_doc
522fe6f8d1abb5ef__aug0_offline.jpg,16,522fe6f8d1abb5ef.jpg,non_doc
522fe6f8d1abb5ef__aug1_offline.jpg,16,522fe6f8d1abb5ef.jpg,non_doc
522fe6f8d1abb5ef__aug2_offline.jpg,16,522fe6f8d1abb5ef.jpg,non_doc
522fe6f8d1abb5ef__aug3_offline.jpg,16,522fe6f8d1abb5ef.jpg,non_doc
52455ce555f362c7__aug0_offline.jpg,6,52455ce555f362c7.jpg,doc
52455ce555f362c7__aug1_offline.jpg,6,52455ce555f362c7.jpg,doc
52455ce555f362c7__aug2_offline.jpg,6,52455ce555f362c7.jpg,doc
52455ce555f362c7__aug3_offline.jpg,6,52455ce555f362c7.jpg,doc
5249ba4981645813__aug0_offline.jpg,7,5249ba4981645813.jpg,doc
5249ba4981645813__aug1_offline.jpg,7,5249ba4981645813.jpg,doc
5249ba4981645813__aug2_offline.jpg,7,5249ba4981645813.jpg,doc
5249ba4981645813__aug3_offline.jpg,7,5249ba4981645813.jpg,doc
527bbc026f211d97__aug0_offline.jpg,13,527bbc026f211d97.jpg,doc
527bbc026f211d97__aug1_offline.jpg,13,527bbc026f211d97.jpg,doc
527bbc026f211d97__aug2_offline.jpg,13,527bbc026f211d97.jpg,doc
527bbc026f211d97__aug3_offline.jpg,13,527bbc026f211d97.jpg,doc
527fab11eda98ffa__aug0_offline.jpg,16,527fab11eda98ffa.jpg,non_doc
527fab11eda98ffa__aug1_offline.jpg,16,527fab11eda98ffa.jpg,non_doc
527fab11eda98ffa__aug2_offline.jpg,16,527fab11eda98ffa.jpg,non_doc
527fab11eda98ffa__aug3_offline.jpg,16,527fab11eda98ffa.jpg,non_doc
5290b99808648432__aug0_offline.jpg,11,5290b99808648432.jpg,doc
5290b99808648432__aug1_offline.jpg,11,5290b99808648432.jpg,doc
5290b99808648432__aug2_offline.jpg,11,5290b99808648432.jpg,doc
5290b99808648432__aug3_offline.jpg,11,5290b99808648432.jpg,doc
52b3406a5da092e7__aug0_offline.jpg,11,52b3406a5da092e7.jpg,doc
52b3406a5da092e7__aug1_offline.jpg,11,52b3406a5da092e7.jpg,doc
52b3406a5da092e7__aug2_offline.jpg,11,52b3406a5da092e7.jpg,doc
52b3406a5da092e7__aug3_offline.jpg,11,52b3406a5da092e7.jpg,doc
52f8ac5f5eea0900__aug0_offline.jpg,10,52f8ac5f5eea0900.jpg,doc
52f8ac5f5eea0900__aug1_offline.jpg,10,52f8ac5f5eea0900.jpg,doc
52f8ac5f5eea0900__aug2_offline.jpg,10,52f8ac5f5eea0900.jpg,doc
52f8ac5f5eea0900__aug3_offline.jpg,10,52f8ac5f5eea0900.jpg,doc
5321f2bca9dc723f__aug0_offline.jpg,4,5321f2bca9dc723f.jpg,doc
5321f2bca9dc723f__aug1_offline.jpg,4,5321f2bca9dc723f.jpg,doc
5321f2bca9dc723f__aug2_offline.jpg,4,5321f2bca9dc723f.jpg,doc
5321f2bca9dc723f__aug3_offline.jpg,4,5321f2bca9dc723f.jpg,doc
53937effdc1688e2__aug0_offline.jpg,7,53937effdc1688e2.jpg,doc
53937effdc1688e2__aug1_offline.jpg,7,53937effdc1688e2.jpg,doc
53937effdc1688e2__aug2_offline.jpg,7,53937effdc1688e2.jpg,doc
53937effdc1688e2__aug3_offline.jpg,7,53937effdc1688e2.jpg,doc
539e569fb0fc743c__aug0_offline.jpg,16,539e569fb0fc743c.jpg,non_doc
539e569fb0fc743c__aug1_offline.jpg,16,539e569fb0fc743c.jpg,non_doc
539e569fb0fc743c__aug2_offline.jpg,16,539e569fb0fc743c.jpg,non_doc
539e569fb0fc743c__aug3_offline.jpg,16,539e569fb0fc743c.jpg,non_doc
53a421b8e55160de__aug0_offline.jpg,7,53a421b8e55160de.jpg,doc
53a421b8e55160de__aug1_offline.jpg,7,53a421b8e55160de.jpg,doc
53a421b8e55160de__aug2_offline.jpg,7,53a421b8e55160de.jpg,doc
53a421b8e55160de__aug3_offline.jpg,7,53a421b8e55160de.jpg,doc
53c93275d2236e10__aug0_offline.jpg,11,53c93275d2236e10.jpg,doc
53c93275d2236e10__aug1_offline.jpg,11,53c93275d2236e10.jpg,doc
53c93275d2236e10__aug2_offline.jpg,11,53c93275d2236e10.jpg,doc
53c93275d2236e10__aug3_offline.jpg,11,53c93275d2236e10.jpg,doc
53e003ccf185b249__aug0_offline.jpg,14,53e003ccf185b249.jpg,doc
53e003ccf185b249__aug1_offline.jpg,14,53e003ccf185b249.jpg,doc
53e003ccf185b249__aug2_offline.jpg,14,53e003ccf185b249.jpg,doc
53e003ccf185b249__aug3_offline.jpg,14,53e003ccf185b249.jpg,doc
53e003ccf185b249__aug4_offline.jpg,14,53e003ccf185b249.jpg,doc
53e003ccf185b249__aug5_offline.jpg,14,53e003ccf185b249.jpg,doc
53e003ccf185b249__aug6_offline.jpg,14,53e003ccf185b249.jpg,doc
53e003ccf185b249__aug7_offline.jpg,14,53e003ccf185b249.jpg,doc
5403da8f45eaf06c__aug0_offline.jpg,7,5403da8f45eaf06c.jpg,doc
5403da8f45eaf06c__aug1_offline.jpg,7,5403da8f45eaf06c.jpg,doc
5403da8f45eaf06c__aug2_offline.jpg,7,5403da8f45eaf06c.jpg,doc
5403da8f45eaf06c__aug3_offline.jpg,7,5403da8f45eaf06c.jpg,doc
542b22f1afe45112__aug0_offline.jpg,5,542b22f1afe45112.jpg,card_like
542b22f1afe45112__aug1_offline.jpg,5,542b22f1afe45112.jpg,card_like
542b22f1afe45112__aug2_offline.jpg,5,542b22f1afe45112.jpg,card_like
542b22f1afe45112__aug3_offline.jpg,5,542b22f1afe45112.jpg,card_like
54a7b58c3f6d1210__aug0_offline.jpg,3,54a7b58c3f6d1210.jpg,doc
54a7b58c3f6d1210__aug1_offline.jpg,3,54a7b58c3f6d1210.jpg,doc
54a7b58c3f6d1210__aug2_offline.jpg,3,54a7b58c3f6d1210.jpg,doc
54a7b58c3f6d1210__aug3_offline.jpg,3,54a7b58c3f6d1210.jpg,doc
555398e0765220c1__aug0_offline.jpg,16,555398e0765220c1.jpg,non_doc
555398e0765220c1__aug1_offline.jpg,16,555398e0765220c1.jpg,non_doc
555398e0765220c1__aug2_offline.jpg,16,555398e0765220c1.jpg,non_doc
555398e0765220c1__aug3_offline.jpg,16,555398e0765220c1.jpg,non_doc
5560176771b2f4f2__aug0_offline.jpg,1,5560176771b2f4f2.jpg,doc
5560176771b2f4f2__aug1_offline.jpg,1,5560176771b2f4f2.jpg,doc
5560176771b2f4f2__aug2_offline.jpg,1,5560176771b2f4f2.jpg,doc
5560176771b2f4f2__aug3_offline.jpg,1,5560176771b2f4f2.jpg,doc
5560176771b2f4f2__aug4_offline.jpg,1,5560176771b2f4f2.jpg,doc
5560176771b2f4f2__aug5_offline.jpg,1,5560176771b2f4f2.jpg,doc
5560176771b2f4f2__aug6_offline.jpg,1,5560176771b2f4f2.jpg,doc
5560176771b2f4f2__aug7_offline.jpg,1,5560176771b2f4f2.jpg,doc
5560176771b2f4f2__aug8_offline.jpg,1,5560176771b2f4f2.jpg,doc
557f45c046376c71__aug0_offline.jpg,12,557f45c046376c71.jpg,doc
557f45c046376c71__aug1_offline.jpg,12,557f45c046376c71.jpg,doc
557f45c046376c71__aug2_offline.jpg,12,557f45c046376c71.jpg,doc
557f45c046376c71__aug3_offline.jpg,12,557f45c046376c71.jpg,doc
5580a49957352133__aug0_offline.jpg,6,5580a49957352133.jpg,doc
5580a49957352133__aug1_offline.jpg,6,5580a49957352133.jpg,doc
5580a49957352133__aug2_offline.jpg,6,5580a49957352133.jpg,doc
5580a49957352133__aug3_offline.jpg,6,5580a49957352133.jpg,doc
55add846d31a1ece__aug0_offline.jpg,7,55add846d31a1ece.jpg,doc
55add846d31a1ece__aug1_offline.jpg,7,55add846d31a1ece.jpg,doc
55add846d31a1ece__aug2_offline.jpg,7,55add846d31a1ece.jpg,doc
55add846d31a1ece__aug3_offline.jpg,7,55add846d31a1ece.jpg,doc
55e25985ad013d19__aug0_offline.jpg,4,55e25985ad013d19.jpg,doc
55e25985ad013d19__aug1_offline.jpg,4,55e25985ad013d19.jpg,doc
55e25985ad013d19__aug2_offline.jpg,4,55e25985ad013d19.jpg,doc
55e25985ad013d19__aug3_offline.jpg,4,55e25985ad013d19.jpg,doc
56015bf54949be11__aug0_offline.jpg,5,56015bf54949be11.jpg,card_like
56015bf54949be11__aug1_offline.jpg,5,56015bf54949be11.jpg,card_like
56015bf54949be11__aug2_offline.jpg,5,56015bf54949be11.jpg,card_like
56015bf54949be11__aug3_offline.jpg,5,56015bf54949be11.jpg,card_like
56110e2abf6c379c__aug0_offline.jpg,5,56110e2abf6c379c.jpg,card_like
56110e2abf6c379c__aug1_offline.jpg,5,56110e2abf6c379c.jpg,card_like
56110e2abf6c379c__aug2_offline.jpg,5,56110e2abf6c379c.jpg,card_like
56110e2abf6c379c__aug3_offline.jpg,5,56110e2abf6c379c.jpg,card_like
5624748fdfd395a8__aug0_offline.jpg,10,5624748fdfd395a8.jpg,doc
5624748fdfd395a8__aug1_offline.jpg,10,5624748fdfd395a8.jpg,doc
5624748fdfd395a8__aug2_offline.jpg,10,5624748fdfd395a8.jpg,doc
5624748fdfd395a8__aug3_offline.jpg,10,5624748fdfd395a8.jpg,doc
562e641f4791dd0e__aug0_offline.jpg,9,562e641f4791dd0e.jpg,card_like
562e641f4791dd0e__aug1_offline.jpg,9,562e641f4791dd0e.jpg,card_like
562e641f4791dd0e__aug2_offline.jpg,9,562e641f4791dd0e.jpg,card_like
562e641f4791dd0e__aug3_offline.jpg,9,562e641f4791dd0e.jpg,card_like
562f12548dbd4f46__aug0_offline.jpg,0,562f12548dbd4f46.jpg,doc
562f12548dbd4f46__aug1_offline.jpg,0,562f12548dbd4f46.jpg,doc
562f12548dbd4f46__aug2_offline.jpg,0,562f12548dbd4f46.jpg,doc
562f12548dbd4f46__aug3_offline.jpg,0,562f12548dbd4f46.jpg,doc
566f13daebeac000__aug0_offline.jpg,15,566f13daebeac000.jpg,doc
566f13daebeac000__aug1_offline.jpg,15,566f13daebeac000.jpg,doc
566f13daebeac000__aug2_offline.jpg,15,566f13daebeac000.jpg,doc
566f13daebeac000__aug3_offline.jpg,15,566f13daebeac000.jpg,doc
572a127d4afbe039__aug0_offline.jpg,10,572a127d4afbe039.jpg,doc
572a127d4afbe039__aug1_offline.jpg,10,572a127d4afbe039.jpg,doc
572a127d4afbe039__aug2_offline.jpg,10,572a127d4afbe039.jpg,doc
572a127d4afbe039__aug3_offline.jpg,10,572a127d4afbe039.jpg,doc
5771ab92c813b61c__aug0_offline.jpg,11,5771ab92c813b61c.jpg,doc
5771ab92c813b61c__aug1_offline.jpg,11,5771ab92c813b61c.jpg,doc
5771ab92c813b61c__aug2_offline.jpg,11,5771ab92c813b61c.jpg,doc
5771ab92c813b61c__aug3_offline.jpg,11,5771ab92c813b61c.jpg,doc
579be43726250a48__aug0_offline.jpg,16,579be43726250a48.jpg,non_doc
579be43726250a48__aug1_offline.jpg,16,579be43726250a48.jpg,non_doc
579be43726250a48__aug2_offline.jpg,16,579be43726250a48.jpg,non_doc
579be43726250a48__aug3_offline.jpg,16,579be43726250a48.jpg,non_doc
57a48562a058e968__aug0_offline.jpg,2,57a48562a058e968.jpg,non_doc
57a48562a058e968__aug1_offline.jpg,2,57a48562a058e968.jpg,non_doc
57a48562a058e968__aug2_offline.jpg,2,57a48562a058e968.jpg,non_doc
57a48562a058e968__aug3_offline.jpg,2,57a48562a058e968.jpg,non_doc
57b5968d4c045943__aug0_offline.jpg,12,57b5968d4c045943.jpg,doc
57b5968d4c045943__aug1_offline.jpg,12,57b5968d4c045943.jpg,doc
57b5968d4c045943__aug2_offline.jpg,12,57b5968d4c045943.jpg,doc
57b5968d4c045943__aug3_offline.jpg,12,57b5968d4c045943.jpg,doc
57f3341203558d9d__aug0_offline.jpg,10,57f3341203558d9d.jpg,doc
57f3341203558d9d__aug1_offline.jpg,10,57f3341203558d9d.jpg,doc
57f3341203558d9d__aug2_offline.jpg,10,57f3341203558d9d.jpg,doc
57f3341203558d9d__aug3_offline.jpg,10,57f3341203558d9d.jpg,doc
57f3fc5e8ef23c8e__aug0_offline.jpg,5,57f3fc5e8ef23c8e.jpg,card_like
57f3fc5e8ef23c8e__aug1_offline.jpg,5,57f3fc5e8ef23c8e.jpg,card_like
57f3fc5e8ef23c8e__aug2_offline.jpg,5,57f3fc5e8ef23c8e.jpg,card_like
57f3fc5e8ef23c8e__aug3_offline.jpg,5,57f3fc5e8ef23c8e.jpg,card_like
580468cba600b183__aug0_offline.jpg,4,580468cba600b183.jpg,doc
580468cba600b183__aug1_offline.jpg,4,580468cba600b183.jpg,doc
580468cba600b183__aug2_offline.jpg,4,580468cba600b183.jpg,doc
580468cba600b183__aug3_offline.jpg,4,580468cba600b183.jpg,doc
5810defe4b1b3ede__aug0_offline.jpg,5,5810defe4b1b3ede.jpg,card_like
5810defe4b1b3ede__aug1_offline.jpg,5,5810defe4b1b3ede.jpg,card_like
5810defe4b1b3ede__aug2_offline.jpg,5,5810defe4b1b3ede.jpg,card_like
5810defe4b1b3ede__aug3_offline.jpg,5,5810defe4b1b3ede.jpg,card_like
584c63a3663cd4eb__aug0_offline.jpg,6,584c63a3663cd4eb.jpg,doc
584c63a3663cd4eb__aug1_offline.jpg,6,584c63a3663cd4eb.jpg,doc
584c63a3663cd4eb__aug2_offline.jpg,6,584c63a3663cd4eb.jpg,doc
584c63a3663cd4eb__aug3_offline.jpg,6,584c63a3663cd4eb.jpg,doc
58a4d8f4c983c6b0__aug0_offline.jpg,11,58a4d8f4c983c6b0.jpg,doc
58a4d8f4c983c6b0__aug1_offline.jpg,11,58a4d8f4c983c6b0.jpg,doc
58a4d8f4c983c6b0__aug2_offline.jpg,11,58a4d8f4c983c6b0.jpg,doc
58a4d8f4c983c6b0__aug3_offline.jpg,11,58a4d8f4c983c6b0.jpg,doc
58eb4a9b2d3a7c7c__aug0_offline.jpg,2,58eb4a9b2d3a7c7c.jpg,non_doc
58eb4a9b2d3a7c7c__aug1_offline.jpg,2,58eb4a9b2d3a7c7c.jpg,non_doc
58eb4a9b2d3a7c7c__aug2_offline.jpg,2,58eb4a9b2d3a7c7c.jpg,non_doc
58eb4a9b2d3a7c7c__aug3_offline.jpg,2,58eb4a9b2d3a7c7c.jpg,non_doc
590a4befbe2db3cc__aug0_offline.jpg,13,590a4befbe2db3cc.jpg,doc
590a4befbe2db3cc__aug1_offline.jpg,13,590a4befbe2db3cc.jpg,doc
590a4befbe2db3cc__aug2_offline.jpg,13,590a4befbe2db3cc.jpg,doc
590a4befbe2db3cc__aug3_offline.jpg,13,590a4befbe2db3cc.jpg,doc
591f6b87942dfe1d__aug0_offline.jpg,7,591f6b87942dfe1d.jpg,doc
591f6b87942dfe1d__aug1_offline.jpg,7,591f6b87942dfe1d.jpg,doc
591f6b87942dfe1d__aug2_offline.jpg,7,591f6b87942dfe1d.jpg,doc
591f6b87942dfe1d__aug3_offline.jpg,7,591f6b87942dfe1d.jpg,doc
5940a96ae99a8bf8__aug0_offline.jpg,3,5940a96ae99a8bf8.jpg,doc
5940a96ae99a8bf8__aug1_offline.jpg,3,5940a96ae99a8bf8.jpg,doc
5940a96ae99a8bf8__aug2_offline.jpg,3,5940a96ae99a8bf8.jpg,doc
5940a96ae99a8bf8__aug3_offline.jpg,3,5940a96ae99a8bf8.jpg,doc
594863cf7ecceab8__aug0_offline.jpg,13,594863cf7ecceab8.jpg,doc
594863cf7ecceab8__aug1_offline.jpg,13,594863cf7ecceab8.jpg,doc
594863cf7ecceab8__aug2_offline.jpg,13,594863cf7ecceab8.jpg,doc
594863cf7ecceab8__aug3_offline.jpg,13,594863cf7ecceab8.jpg,doc
595ea01b1df88d86__aug0_offline.jpg,2,595ea01b1df88d86.jpg,non_doc
595ea01b1df88d86__aug1_offline.jpg,2,595ea01b1df88d86.jpg,non_doc
595ea01b1df88d86__aug2_offline.jpg,2,595ea01b1df88d86.jpg,non_doc
595ea01b1df88d86__aug3_offline.jpg,2,595ea01b1df88d86.jpg,non_doc
59c47eb7aba8f7f1__aug0_offline.jpg,3,59c47eb7aba8f7f1.jpg,doc
59c47eb7aba8f7f1__aug1_offline.jpg,3,59c47eb7aba8f7f1.jpg,doc
59c47eb7aba8f7f1__aug2_offline.jpg,3,59c47eb7aba8f7f1.jpg,doc
59c47eb7aba8f7f1__aug3_offline.jpg,3,59c47eb7aba8f7f1.jpg,doc
59c8a51d54997fff__aug0_offline.jpg,8,59c8a51d54997fff.jpg,card_like
59c8a51d54997fff__aug1_offline.jpg,8,59c8a51d54997fff.jpg,card_like
59c8a51d54997fff__aug2_offline.jpg,8,59c8a51d54997fff.jpg,card_like
59c8a51d54997fff__aug3_offline.jpg,8,59c8a51d54997fff.jpg,card_like
59d7a2b3cfdab46d__aug0_offline.jpg,5,59d7a2b3cfdab46d.jpg,card_like
59d7a2b3cfdab46d__aug1_offline.jpg,5,59d7a2b3cfdab46d.jpg,card_like
59d7a2b3cfdab46d__aug2_offline.jpg,5,59d7a2b3cfdab46d.jpg,card_like
59d7a2b3cfdab46d__aug3_offline.jpg,5,59d7a2b3cfdab46d.jpg,card_like
5a18fb6fb6906ba3__aug0_offline.jpg,2,5a18fb6fb6906ba3.jpg,non_doc
5a18fb6fb6906ba3__aug1_offline.jpg,2,5a18fb6fb6906ba3.jpg,non_doc
5a18fb6fb6906ba3__aug2_offline.jpg,2,5a18fb6fb6906ba3.jpg,non_doc
5a18fb6fb6906ba3__aug3_offline.jpg,2,5a18fb6fb6906ba3.jpg,non_doc
5a1fdb6d28d26691__aug0_offline.jpg,3,5a1fdb6d28d26691.jpg,doc
5a1fdb6d28d26691__aug1_offline.jpg,3,5a1fdb6d28d26691.jpg,doc
5a1fdb6d28d26691__aug2_offline.jpg,3,5a1fdb6d28d26691.jpg,doc
5a1fdb6d28d26691__aug3_offline.jpg,3,5a1fdb6d28d26691.jpg,doc
5a289c094c813d4a__aug0_offline.jpg,11,5a289c094c813d4a.jpg,doc
5a289c094c813d4a__aug1_offline.jpg,11,5a289c094c813d4a.jpg,doc
5a289c094c813d4a__aug2_offline.jpg,11,5a289c094c813d4a.jpg,doc
5a289c094c813d4a__aug3_offline.jpg,11,5a289c094c813d4a.jpg,doc
5a2d5e3af3807853__aug0_offline.jpg,8,5a2d5e3af3807853.jpg,card_like
5a2d5e3af3807853__aug1_offline.jpg,8,5a2d5e3af3807853.jpg,card_like
5a2d5e3af3807853__aug2_offline.jpg,8,5a2d5e3af3807853.jpg,card_like
5a2d5e3af3807853__aug3_offline.jpg,8,5a2d5e3af3807853.jpg,card_like
5a43267839f3fb62__aug0_offline.jpg,8,5a43267839f3fb62.jpg,card_like
5a43267839f3fb62__aug1_offline.jpg,8,5a43267839f3fb62.jpg,card_like
5a43267839f3fb62__aug2_offline.jpg,8,5a43267839f3fb62.jpg,card_like
5a43267839f3fb62__aug3_offline.jpg,8,5a43267839f3fb62.jpg,card_like
5a434571d74cf4a5__aug0_offline.jpg,6,5a434571d74cf4a5.jpg,doc
5a434571d74cf4a5__aug1_offline.jpg,6,5a434571d74cf4a5.jpg,doc
5a434571d74cf4a5__aug2_offline.jpg,6,5a434571d74cf4a5.jpg,doc
5a434571d74cf4a5__aug3_offline.jpg,6,5a434571d74cf4a5.jpg,doc
5a6b7f756b95da64__aug0_offline.jpg,2,5a6b7f756b95da64.jpg,non_doc
5a6b7f756b95da64__aug1_offline.jpg,2,5a6b7f756b95da64.jpg,non_doc
5a6b7f756b95da64__aug2_offline.jpg,2,5a6b7f756b95da64.jpg,non_doc
5a6b7f756b95da64__aug3_offline.jpg,2,5a6b7f756b95da64.jpg,non_doc
5a7771866a4169da__aug0_offline.jpg,15,5a7771866a4169da.jpg,doc
5a7771866a4169da__aug1_offline.jpg,15,5a7771866a4169da.jpg,doc
5a7771866a4169da__aug2_offline.jpg,15,5a7771866a4169da.jpg,doc
5a7771866a4169da__aug3_offline.jpg,15,5a7771866a4169da.jpg,doc
5a9bbf836c0993de__aug0_offline.jpg,4,5a9bbf836c0993de.jpg,doc
5a9bbf836c0993de__aug1_offline.jpg,4,5a9bbf836c0993de.jpg,doc
5a9bbf836c0993de__aug2_offline.jpg,4,5a9bbf836c0993de.jpg,doc
5a9bbf836c0993de__aug3_offline.jpg,4,5a9bbf836c0993de.jpg,doc
5abeb78c00f3cb48__aug0_offline.jpg,12,5abeb78c00f3cb48.jpg,doc
5abeb78c00f3cb48__aug1_offline.jpg,12,5abeb78c00f3cb48.jpg,doc
5abeb78c00f3cb48__aug2_offline.jpg,12,5abeb78c00f3cb48.jpg,doc
5abeb78c00f3cb48__aug3_offline.jpg,12,5abeb78c00f3cb48.jpg,doc
5aebabbc0e73c7df__aug0_offline.jpg,0,5aebabbc0e73c7df.jpg,doc
5aebabbc0e73c7df__aug1_offline.jpg,0,5aebabbc0e73c7df.jpg,doc
5aebabbc0e73c7df__aug2_offline.jpg,0,5aebabbc0e73c7df.jpg,doc
5aebabbc0e73c7df__aug3_offline.jpg,0,5aebabbc0e73c7df.jpg,doc
5af840cc6f074b98__aug0_offline.jpg,10,5af840cc6f074b98.jpg,doc
5af840cc6f074b98__aug1_offline.jpg,10,5af840cc6f074b98.jpg,doc
5af840cc6f074b98__aug2_offline.jpg,10,5af840cc6f074b98.jpg,doc
5af840cc6f074b98__aug3_offline.jpg,10,5af840cc6f074b98.jpg,doc
5b189bf1901fb1aa__aug0_offline.jpg,12,5b189bf1901fb1aa.jpg,doc
5b189bf1901fb1aa__aug1_offline.jpg,12,5b189bf1901fb1aa.jpg,doc
5b189bf1901fb1aa__aug2_offline.jpg,12,5b189bf1901fb1aa.jpg,doc
5b189bf1901fb1aa__aug3_offline.jpg,12,5b189bf1901fb1aa.jpg,doc
5b1f39022256d6f9__aug0_offline.jpg,12,5b1f39022256d6f9.jpg,doc
5b1f39022256d6f9__aug1_offline.jpg,12,5b1f39022256d6f9.jpg,doc
5b1f39022256d6f9__aug2_offline.jpg,12,5b1f39022256d6f9.jpg,doc
5b1f39022256d6f9__aug3_offline.jpg,12,5b1f39022256d6f9.jpg,doc
5b6de2f58985b9a4__aug0_offline.jpg,13,5b6de2f58985b9a4.jpg,doc
5b6de2f58985b9a4__aug1_offline.jpg,13,5b6de2f58985b9a4.jpg,doc
5b6de2f58985b9a4__aug2_offline.jpg,13,5b6de2f58985b9a4.jpg,doc
5b6de2f58985b9a4__aug3_offline.jpg,13,5b6de2f58985b9a4.jpg,doc
5ba19592cee8212c__aug0_offline.jpg,14,5ba19592cee8212c.jpg,doc
5ba19592cee8212c__aug1_offline.jpg,14,5ba19592cee8212c.jpg,doc
5ba19592cee8212c__aug2_offline.jpg,14,5ba19592cee8212c.jpg,doc
5ba19592cee8212c__aug3_offline.jpg,14,5ba19592cee8212c.jpg,doc
5ba19592cee8212c__aug4_offline.jpg,14,5ba19592cee8212c.jpg,doc
5ba19592cee8212c__aug5_offline.jpg,14,5ba19592cee8212c.jpg,doc
5ba19592cee8212c__aug6_offline.jpg,14,5ba19592cee8212c.jpg,doc
5ba19592cee8212c__aug7_offline.jpg,14,5ba19592cee8212c.jpg,doc
5bc23b2ae612b6c5__aug0_offline.jpg,4,5bc23b2ae612b6c5.jpg,doc
5bc23b2ae612b6c5__aug1_offline.jpg,4,5bc23b2ae612b6c5.jpg,doc
5bc23b2ae612b6c5__aug2_offline.jpg,4,5bc23b2ae612b6c5.jpg,doc
5bc23b2ae612b6c5__aug3_offline.jpg,4,5bc23b2ae612b6c5.jpg,doc
5be46f4d1470b120__aug0_offline.jpg,13,5be46f4d1470b120.jpg,doc
5be46f4d1470b120__aug1_offline.jpg,13,5be46f4d1470b120.jpg,doc
5be46f4d1470b120__aug2_offline.jpg,13,5be46f4d1470b120.jpg,doc
5be46f4d1470b120__aug3_offline.jpg,13,5be46f4d1470b120.jpg,doc
5c4fa8be15d53311__aug0_offline.jpg,6,5c4fa8be15d53311.jpg,doc
5c4fa8be15d53311__aug1_offline.jpg,6,5c4fa8be15d53311.jpg,doc
5c4fa8be15d53311__aug2_offline.jpg,6,5c4fa8be15d53311.jpg,doc
5c4fa8be15d53311__aug3_offline.jpg,6,5c4fa8be15d53311.jpg,doc
5c877959b45a99a5__aug0_offline.jpg,12,5c877959b45a99a5.jpg,doc
5c877959b45a99a5__aug1_offline.jpg,12,5c877959b45a99a5.jpg,doc
5c877959b45a99a5__aug2_offline.jpg,12,5c877959b45a99a5.jpg,doc
5c877959b45a99a5__aug3_offline.jpg,12,5c877959b45a99a5.jpg,doc
5c8d6bb560bc0f79__aug0_offline.jpg,6,5c8d6bb560bc0f79.jpg,doc
5c8d6bb560bc0f79__aug1_offline.jpg,6,5c8d6bb560bc0f79.jpg,doc
5c8d6bb560bc0f79__aug2_offline.jpg,6,5c8d6bb560bc0f79.jpg,doc
5c8d6bb560bc0f79__aug3_offline.jpg,6,5c8d6bb560bc0f79.jpg,doc
5cab99cabced8333__aug0_offline.jpg,5,5cab99cabced8333.jpg,card_like
5cab99cabced8333__aug1_offline.jpg,5,5cab99cabced8333.jpg,card_like
5cab99cabced8333__aug2_offline.jpg,5,5cab99cabced8333.jpg,card_like
5cab99cabced8333__aug3_offline.jpg,5,5cab99cabced8333.jpg,card_like
5cba776cef24af8a__aug0_offline.jpg,0,5cba776cef24af8a.jpg,doc
5cba776cef24af8a__aug1_offline.jpg,0,5cba776cef24af8a.jpg,doc
5cba776cef24af8a__aug2_offline.jpg,0,5cba776cef24af8a.jpg,doc
5cba776cef24af8a__aug3_offline.jpg,0,5cba776cef24af8a.jpg,doc
5cd0177bad99e239__aug0_offline.jpg,4,5cd0177bad99e239.jpg,doc
5cd0177bad99e239__aug1_offline.jpg,4,5cd0177bad99e239.jpg,doc
5cd0177bad99e239__aug2_offline.jpg,4,5cd0177bad99e239.jpg,doc
5cd0177bad99e239__aug3_offline.jpg,4,5cd0177bad99e239.jpg,doc
5d04936ef2d91b3e__aug0_offline.jpg,7,5d04936ef2d91b3e.jpg,doc
5d04936ef2d91b3e__aug1_offline.jpg,7,5d04936ef2d91b3e.jpg,doc
5d04936ef2d91b3e__aug2_offline.jpg,7,5d04936ef2d91b3e.jpg,doc
5d04936ef2d91b3e__aug3_offline.jpg,7,5d04936ef2d91b3e.jpg,doc
5d377a525796e448__aug0_offline.jpg,15,5d377a525796e448.jpg,doc
5d377a525796e448__aug1_offline.jpg,15,5d377a525796e448.jpg,doc
5d377a525796e448__aug2_offline.jpg,15,5d377a525796e448.jpg,doc
5d377a525796e448__aug3_offline.jpg,15,5d377a525796e448.jpg,doc
5d4c9847047f46cc__aug0_offline.jpg,13,5d4c9847047f46cc.jpg,doc
5d4c9847047f46cc__aug1_offline.jpg,13,5d4c9847047f46cc.jpg,doc
5d4c9847047f46cc__aug2_offline.jpg,13,5d4c9847047f46cc.jpg,doc
5d4c9847047f46cc__aug3_offline.jpg,13,5d4c9847047f46cc.jpg,doc
5d53d389933f4429__aug0_offline.jpg,1,5d53d389933f4429.jpg,doc
5d53d389933f4429__aug1_offline.jpg,1,5d53d389933f4429.jpg,doc
5d53d389933f4429__aug2_offline.jpg,1,5d53d389933f4429.jpg,doc
5d53d389933f4429__aug3_offline.jpg,1,5d53d389933f4429.jpg,doc
5d53d389933f4429__aug4_offline.jpg,1,5d53d389933f4429.jpg,doc
5d53d389933f4429__aug5_offline.jpg,1,5d53d389933f4429.jpg,doc
5d53d389933f4429__aug6_offline.jpg,1,5d53d389933f4429.jpg,doc
5d53d389933f4429__aug7_offline.jpg,1,5d53d389933f4429.jpg,doc
5d53d389933f4429__aug8_offline.jpg,1,5d53d389933f4429.jpg,doc
5d574d6ca3875e23__aug0_offline.jpg,11,5d574d6ca3875e23.jpg,doc
5d574d6ca3875e23__aug1_offline.jpg,11,5d574d6ca3875e23.jpg,doc
5d574d6ca3875e23__aug2_offline.jpg,11,5d574d6ca3875e23.jpg,doc
5d574d6ca3875e23__aug3_offline.jpg,11,5d574d6ca3875e23.jpg,doc
5d6c9d02128242a0__aug0_offline.jpg,8,5d6c9d02128242a0.jpg,card_like
5d6c9d02128242a0__aug1_offline.jpg,8,5d6c9d02128242a0.jpg,card_like
5d6c9d02128242a0__aug2_offline.jpg,8,5d6c9d02128242a0.jpg,card_like
5d6c9d02128242a0__aug3_offline.jpg,8,5d6c9d02128242a0.jpg,card_like
5d9bcf9f425718ae__aug0_offline.jpg,8,5d9bcf9f425718ae.jpg,card_like
5d9bcf9f425718ae__aug1_offline.jpg,8,5d9bcf9f425718ae.jpg,card_like
5d9bcf9f425718ae__aug2_offline.jpg,8,5d9bcf9f425718ae.jpg,card_like
5d9bcf9f425718ae__aug3_offline.jpg,8,5d9bcf9f425718ae.jpg,card_like
5da92a313921b370__aug0_offline.jpg,10,5da92a313921b370.jpg,doc
5da92a313921b370__aug1_offline.jpg,10,5da92a313921b370.jpg,doc
5da92a313921b370__aug2_offline.jpg,10,5da92a313921b370.jpg,doc
5da92a313921b370__aug3_offline.jpg,10,5da92a313921b370.jpg,doc
5db90ffe1eb7b025__aug0_offline.jpg,14,5db90ffe1eb7b025.jpg,doc
5db90ffe1eb7b025__aug1_offline.jpg,14,5db90ffe1eb7b025.jpg,doc
5db90ffe1eb7b025__aug2_offline.jpg,14,5db90ffe1eb7b025.jpg,doc
5db90ffe1eb7b025__aug3_offline.jpg,14,5db90ffe1eb7b025.jpg,doc
5db90ffe1eb7b025__aug4_offline.jpg,14,5db90ffe1eb7b025.jpg,doc
5db90ffe1eb7b025__aug5_offline.jpg,14,5db90ffe1eb7b025.jpg,doc
5db90ffe1eb7b025__aug6_offline.jpg,14,5db90ffe1eb7b025.jpg,doc
5db90ffe1eb7b025__aug7_offline.jpg,14,5db90ffe1eb7b025.jpg,doc
5dcc0bc3c7e4d9f0__aug0_offline.jpg,6,5dcc0bc3c7e4d9f0.jpg,doc
5dcc0bc3c7e4d9f0__aug1_offline.jpg,6,5dcc0bc3c7e4d9f0.jpg,doc
5dcc0bc3c7e4d9f0__aug2_offline.jpg,6,5dcc0bc3c7e4d9f0.jpg,doc
5dcc0bc3c7e4d9f0__aug3_offline.jpg,6,5dcc0bc3c7e4d9f0.jpg,doc
5e0a1d1d4b14d2e1__aug0_offline.jpg,2,5e0a1d1d4b14d2e1.jpg,non_doc
5e0a1d1d4b14d2e1__aug1_offline.jpg,2,5e0a1d1d4b14d2e1.jpg,non_doc
5e0a1d1d4b14d2e1__aug2_offline.jpg,2,5e0a1d1d4b14d2e1.jpg,non_doc
5e0a1d1d4b14d2e1__aug3_offline.jpg,2,5e0a1d1d4b14d2e1.jpg,non_doc
5e33827d9855b83a__aug0_offline.jpg,1,5e33827d9855b83a.jpg,doc
5e33827d9855b83a__aug1_offline.jpg,1,5e33827d9855b83a.jpg,doc
5e33827d9855b83a__aug2_offline.jpg,1,5e33827d9855b83a.jpg,doc
5e33827d9855b83a__aug3_offline.jpg,1,5e33827d9855b83a.jpg,doc
5e33827d9855b83a__aug4_offline.jpg,1,5e33827d9855b83a.jpg,doc
5e33827d9855b83a__aug5_offline.jpg,1,5e33827d9855b83a.jpg,doc
5e33827d9855b83a__aug6_offline.jpg,1,5e33827d9855b83a.jpg,doc
5e33827d9855b83a__aug7_offline.jpg,1,5e33827d9855b83a.jpg,doc
5e33827d9855b83a__aug8_offline.jpg,1,5e33827d9855b83a.jpg,doc
5e6b87eefb3f06a3__aug0_offline.jpg,1,5e6b87eefb3f06a3.jpg,doc
5e6b87eefb3f06a3__aug1_offline.jpg,1,5e6b87eefb3f06a3.jpg,doc
5e6b87eefb3f06a3__aug2_offline.jpg,1,5e6b87eefb3f06a3.jpg,doc
5e6b87eefb3f06a3__aug3_offline.jpg,1,5e6b87eefb3f06a3.jpg,doc
5e6b87eefb3f06a3__aug4_offline.jpg,1,5e6b87eefb3f06a3.jpg,doc
5e6b87eefb3f06a3__aug5_offline.jpg,1,5e6b87eefb3f06a3.jpg,doc
5e6b87eefb3f06a3__aug6_offline.jpg,1,5e6b87eefb3f06a3.jpg,doc
5e6b87eefb3f06a3__aug7_offline.jpg,1,5e6b87eefb3f06a3.jpg,doc
5e6b87eefb3f06a3__aug8_offline.jpg,1,5e6b87eefb3f06a3.jpg,doc
5e6bbdf399b21611__aug0_offline.jpg,11,5e6bbdf399b21611.jpg,doc
5e6bbdf399b21611__aug1_offline.jpg,11,5e6bbdf399b21611.jpg,doc
5e6bbdf399b21611__aug2_offline.jpg,11,5e6bbdf399b21611.jpg,doc
5e6bbdf399b21611__aug3_offline.jpg,11,5e6bbdf399b21611.jpg,doc
5eb8d197d228609e__aug0_offline.jpg,16,5eb8d197d228609e.jpg,non_doc
5eb8d197d228609e__aug1_offline.jpg,16,5eb8d197d228609e.jpg,non_doc
5eb8d197d228609e__aug2_offline.jpg,16,5eb8d197d228609e.jpg,non_doc
5eb8d197d228609e__aug3_offline.jpg,16,5eb8d197d228609e.jpg,non_doc
5f047c4d27c6d01e__aug0_offline.jpg,7,5f047c4d27c6d01e.jpg,doc
5f047c4d27c6d01e__aug1_offline.jpg,7,5f047c4d27c6d01e.jpg,doc
5f047c4d27c6d01e__aug2_offline.jpg,7,5f047c4d27c6d01e.jpg,doc
5f047c4d27c6d01e__aug3_offline.jpg,7,5f047c4d27c6d01e.jpg,doc
5f3d26e88ab186b6__aug0_offline.jpg,0,5f3d26e88ab186b6.jpg,doc
5f3d26e88ab186b6__aug1_offline.jpg,0,5f3d26e88ab186b6.jpg,doc
5f3d26e88ab186b6__aug2_offline.jpg,0,5f3d26e88ab186b6.jpg,doc
5f3d26e88ab186b6__aug3_offline.jpg,0,5f3d26e88ab186b6.jpg,doc
5f489ecf342e00d2__aug0_offline.jpg,15,5f489ecf342e00d2.jpg,doc
5f489ecf342e00d2__aug1_offline.jpg,15,5f489ecf342e00d2.jpg,doc
5f489ecf342e00d2__aug2_offline.jpg,15,5f489ecf342e00d2.jpg,doc
5f489ecf342e00d2__aug3_offline.jpg,15,5f489ecf342e00d2.jpg,doc
5f58e166f410eae4__aug0_offline.jpg,9,5f58e166f410eae4.jpg,card_like
5f58e166f410eae4__aug1_offline.jpg,9,5f58e166f410eae4.jpg,card_like
5f58e166f410eae4__aug2_offline.jpg,9,5f58e166f410eae4.jpg,card_like
5f58e166f410eae4__aug3_offline.jpg,9,5f58e166f410eae4.jpg,card_like
5f86b7790b475a00__aug0_offline.jpg,3,5f86b7790b475a00.jpg,doc
5f86b7790b475a00__aug1_offline.jpg,3,5f86b7790b475a00.jpg,doc
5f86b7790b475a00__aug2_offline.jpg,3,5f86b7790b475a00.jpg,doc
5f86b7790b475a00__aug3_offline.jpg,3,5f86b7790b475a00.jpg,doc
601849c7ef75e478__aug0_offline.jpg,13,601849c7ef75e478.jpg,doc
601849c7ef75e478__aug1_offline.jpg,13,601849c7ef75e478.jpg,doc
601849c7ef75e478__aug2_offline.jpg,13,601849c7ef75e478.jpg,doc
601849c7ef75e478__aug3_offline.jpg,13,601849c7ef75e478.jpg,doc
60736fb522fa9311__aug0_offline.jpg,13,60736fb522fa9311.jpg,doc
60736fb522fa9311__aug1_offline.jpg,13,60736fb522fa9311.jpg,doc
60736fb522fa9311__aug2_offline.jpg,13,60736fb522fa9311.jpg,doc
60736fb522fa9311__aug3_offline.jpg,13,60736fb522fa9311.jpg,doc
60aeb7b4944d9d72__aug0_offline.jpg,13,60aeb7b4944d9d72.jpg,doc
60aeb7b4944d9d72__aug1_offline.jpg,13,60aeb7b4944d9d72.jpg,doc
60aeb7b4944d9d72__aug2_offline.jpg,13,60aeb7b4944d9d72.jpg,doc
60aeb7b4944d9d72__aug3_offline.jpg,13,60aeb7b4944d9d72.jpg,doc
60c30c198d80fc5b__aug0_offline.jpg,7,60c30c198d80fc5b.jpg,doc
60c30c198d80fc5b__aug1_offline.jpg,7,60c30c198d80fc5b.jpg,doc
60c30c198d80fc5b__aug2_offline.jpg,7,60c30c198d80fc5b.jpg,doc
60c30c198d80fc5b__aug3_offline.jpg,7,60c30c198d80fc5b.jpg,doc
60c51c3e594c25d8__aug0_offline.jpg,7,60c51c3e594c25d8.jpg,doc
60c51c3e594c25d8__aug1_offline.jpg,7,60c51c3e594c25d8.jpg,doc
60c51c3e594c25d8__aug2_offline.jpg,7,60c51c3e594c25d8.jpg,doc
60c51c3e594c25d8__aug3_offline.jpg,7,60c51c3e594c25d8.jpg,doc
60d372fb5e69fafe__aug0_offline.jpg,4,60d372fb5e69fafe.jpg,doc
60d372fb5e69fafe__aug1_offline.jpg,4,60d372fb5e69fafe.jpg,doc
60d372fb5e69fafe__aug2_offline.jpg,4,60d372fb5e69fafe.jpg,doc
60d372fb5e69fafe__aug3_offline.jpg,4,60d372fb5e69fafe.jpg,doc
613512047cd9649f__aug0_offline.jpg,12,613512047cd9649f.jpg,doc
613512047cd9649f__aug1_offline.jpg,12,613512047cd9649f.jpg,doc
613512047cd9649f__aug2_offline.jpg,12,613512047cd9649f.jpg,doc
613512047cd9649f__aug3_offline.jpg,12,613512047cd9649f.jpg,doc
61519c9c56c03f33__aug0_offline.jpg,8,61519c9c56c03f33.jpg,card_like
61519c9c56c03f33__aug1_offline.jpg,8,61519c9c56c03f33.jpg,card_like
61519c9c56c03f33__aug2_offline.jpg,8,61519c9c56c03f33.jpg,card_like
61519c9c56c03f33__aug3_offline.jpg,8,61519c9c56c03f33.jpg,card_like
6169268c7f8518fe__aug0_offline.jpg,6,6169268c7f8518fe.jpg,doc
6169268c7f8518fe__aug1_offline.jpg,6,6169268c7f8518fe.jpg,doc
6169268c7f8518fe__aug2_offline.jpg,6,6169268c7f8518fe.jpg,doc
6169268c7f8518fe__aug3_offline.jpg,6,6169268c7f8518fe.jpg,doc
61b488cffc2de558__aug0_offline.jpg,11,61b488cffc2de558.jpg,doc
61b488cffc2de558__aug1_offline.jpg,11,61b488cffc2de558.jpg,doc
61b488cffc2de558__aug2_offline.jpg,11,61b488cffc2de558.jpg,doc
61b488cffc2de558__aug3_offline.jpg,11,61b488cffc2de558.jpg,doc
61d4afc57452e338__aug0_offline.jpg,8,61d4afc57452e338.jpg,card_like
61d4afc57452e338__aug1_offline.jpg,8,61d4afc57452e338.jpg,card_like
61d4afc57452e338__aug2_offline.jpg,8,61d4afc57452e338.jpg,card_like
61d4afc57452e338__aug3_offline.jpg,8,61d4afc57452e338.jpg,card_like
6234fa64cfeabf1b__aug0_offline.jpg,12,6234fa64cfeabf1b.jpg,doc
6234fa64cfeabf1b__aug1_offline.jpg,12,6234fa64cfeabf1b.jpg,doc
6234fa64cfeabf1b__aug2_offline.jpg,12,6234fa64cfeabf1b.jpg,doc
6234fa64cfeabf1b__aug3_offline.jpg,12,6234fa64cfeabf1b.jpg,doc
62529466e45e88e1__aug0_offline.jpg,4,62529466e45e88e1.jpg,doc
62529466e45e88e1__aug1_offline.jpg,4,62529466e45e88e1.jpg,doc
62529466e45e88e1__aug2_offline.jpg,4,62529466e45e88e1.jpg,doc
62529466e45e88e1__aug3_offline.jpg,4,62529466e45e88e1.jpg,doc
627c7ab37338a80a__aug0_offline.jpg,11,627c7ab37338a80a.jpg,doc
627c7ab37338a80a__aug1_offline.jpg,11,627c7ab37338a80a.jpg,doc
627c7ab37338a80a__aug2_offline.jpg,11,627c7ab37338a80a.jpg,doc
627c7ab37338a80a__aug3_offline.jpg,11,627c7ab37338a80a.jpg,doc
628983df06fa9dc1__aug0_offline.jpg,0,628983df06fa9dc1.jpg,doc
628983df06fa9dc1__aug1_offline.jpg,0,628983df06fa9dc1.jpg,doc
628983df06fa9dc1__aug2_offline.jpg,0,628983df06fa9dc1.jpg,doc
628983df06fa9dc1__aug3_offline.jpg,0,628983df06fa9dc1.jpg,doc
62acf443f035ee3d__aug0_offline.jpg,11,62acf443f035ee3d.jpg,doc
62acf443f035ee3d__aug1_offline.jpg,11,62acf443f035ee3d.jpg,doc
62acf443f035ee3d__aug2_offline.jpg,11,62acf443f035ee3d.jpg,doc
62acf443f035ee3d__aug3_offline.jpg,11,62acf443f035ee3d.jpg,doc
62c1c6a75593ec52__aug0_offline.jpg,2,62c1c6a75593ec52.jpg,non_doc
62c1c6a75593ec52__aug1_offline.jpg,2,62c1c6a75593ec52.jpg,non_doc
62c1c6a75593ec52__aug2_offline.jpg,2,62c1c6a75593ec52.jpg,non_doc
62c1c6a75593ec52__aug3_offline.jpg,2,62c1c6a75593ec52.jpg,non_doc
62d8b41419418098__aug0_offline.jpg,9,62d8b41419418098.jpg,card_like
62d8b41419418098__aug1_offline.jpg,9,62d8b41419418098.jpg,card_like
62d8b41419418098__aug2_offline.jpg,9,62d8b41419418098.jpg,card_like
62d8b41419418098__aug3_offline.jpg,9,62d8b41419418098.jpg,card_like
630b0b8483e1abc9__aug0_offline.jpg,5,630b0b8483e1abc9.jpg,card_like
630b0b8483e1abc9__aug1_offline.jpg,5,630b0b8483e1abc9.jpg,card_like
630b0b8483e1abc9__aug2_offline.jpg,5,630b0b8483e1abc9.jpg,card_like
630b0b8483e1abc9__aug3_offline.jpg,5,630b0b8483e1abc9.jpg,card_like
6312a7fb3f91eeb3__aug0_offline.jpg,11,6312a7fb3f91eeb3.jpg,doc
6312a7fb3f91eeb3__aug1_offline.jpg,11,6312a7fb3f91eeb3.jpg,doc
6312a7fb3f91eeb3__aug2_offline.jpg,11,6312a7fb3f91eeb3.jpg,doc
6312a7fb3f91eeb3__aug3_offline.jpg,11,6312a7fb3f91eeb3.jpg,doc
6351d90712c86582__aug0_offline.jpg,16,6351d90712c86582.jpg,non_doc
6351d90712c86582__aug1_offline.jpg,16,6351d90712c86582.jpg,non_doc
6351d90712c86582__aug2_offline.jpg,16,6351d90712c86582.jpg,non_doc
6351d90712c86582__aug3_offline.jpg,16,6351d90712c86582.jpg,non_doc
637b6af1fec0ccf2__aug0_offline.jpg,6,637b6af1fec0ccf2.jpg,doc
637b6af1fec0ccf2__aug1_offline.jpg,6,637b6af1fec0ccf2.jpg,doc
637b6af1fec0ccf2__aug2_offline.jpg,6,637b6af1fec0ccf2.jpg,doc
637b6af1fec0ccf2__aug3_offline.jpg,6,637b6af1fec0ccf2.jpg,doc
638449335fbd1759__aug0_offline.jpg,12,638449335fbd1759.jpg,doc
638449335fbd1759__aug1_offline.jpg,12,638449335fbd1759.jpg,doc
638449335fbd1759__aug2_offline.jpg,12,638449335fbd1759.jpg,doc
638449335fbd1759__aug3_offline.jpg,12,638449335fbd1759.jpg,doc
6388f6a748b6b5c9__aug0_offline.jpg,8,6388f6a748b6b5c9.jpg,card_like
6388f6a748b6b5c9__aug1_offline.jpg,8,6388f6a748b6b5c9.jpg,card_like
6388f6a748b6b5c9__aug2_offline.jpg,8,6388f6a748b6b5c9.jpg,card_like
6388f6a748b6b5c9__aug3_offline.jpg,8,6388f6a748b6b5c9.jpg,card_like
63b4e87e890cfbc3__aug0_offline.jpg,4,63b4e87e890cfbc3.jpg,doc
63b4e87e890cfbc3__aug1_offline.jpg,4,63b4e87e890cfbc3.jpg,doc
63b4e87e890cfbc3__aug2_offline.jpg,4,63b4e87e890cfbc3.jpg,doc
63b4e87e890cfbc3__aug3_offline.jpg,4,63b4e87e890cfbc3.jpg,doc
63b8a5453e5aead1__aug0_offline.jpg,0,63b8a5453e5aead1.jpg,doc
63b8a5453e5aead1__aug1_offline.jpg,0,63b8a5453e5aead1.jpg,doc
63b8a5453e5aead1__aug2_offline.jpg,0,63b8a5453e5aead1.jpg,doc
63b8a5453e5aead1__aug3_offline.jpg,0,63b8a5453e5aead1.jpg,doc
63d37324e2455630__aug0_offline.jpg,9,63d37324e2455630.jpg,card_like
63d37324e2455630__aug1_offline.jpg,9,63d37324e2455630.jpg,card_like
63d37324e2455630__aug2_offline.jpg,9,63d37324e2455630.jpg,card_like
63d37324e2455630__aug3_offline.jpg,9,63d37324e2455630.jpg,card_like
64280b3a1deb4fe3__aug0_offline.jpg,9,64280b3a1deb4fe3.jpg,card_like
64280b3a1deb4fe3__aug1_offline.jpg,9,64280b3a1deb4fe3.jpg,card_like
64280b3a1deb4fe3__aug2_offline.jpg,9,64280b3a1deb4fe3.jpg,card_like
64280b3a1deb4fe3__aug3_offline.jpg,9,64280b3a1deb4fe3.jpg,card_like
642eeea5c00d9a8e__aug0_offline.jpg,0,642eeea5c00d9a8e.jpg,doc
642eeea5c00d9a8e__aug1_offline.jpg,0,642eeea5c00d9a8e.jpg,doc
642eeea5c00d9a8e__aug2_offline.jpg,0,642eeea5c00d9a8e.jpg,doc
642eeea5c00d9a8e__aug3_offline.jpg,0,642eeea5c00d9a8e.jpg,doc
64b7b327bee5ff46__aug0_offline.jpg,10,64b7b327bee5ff46.jpg,doc
64b7b327bee5ff46__aug1_offline.jpg,10,64b7b327bee5ff46.jpg,doc
64b7b327bee5ff46__aug2_offline.jpg,10,64b7b327bee5ff46.jpg,doc
64b7b327bee5ff46__aug3_offline.jpg,10,64b7b327bee5ff46.jpg,doc
64be3ad0b648f8ca__aug0_offline.jpg,4,64be3ad0b648f8ca.jpg,doc
64be3ad0b648f8ca__aug1_offline.jpg,4,64be3ad0b648f8ca.jpg,doc
64be3ad0b648f8ca__aug2_offline.jpg,4,64be3ad0b648f8ca.jpg,doc
64be3ad0b648f8ca__aug3_offline.jpg,4,64be3ad0b648f8ca.jpg,doc
64bfe6bb12a2b19d__aug0_offline.jpg,12,64bfe6bb12a2b19d.jpg,doc
64bfe6bb12a2b19d__aug1_offline.jpg,12,64bfe6bb12a2b19d.jpg,doc
64bfe6bb12a2b19d__aug2_offline.jpg,12,64bfe6bb12a2b19d.jpg,doc
64bfe6bb12a2b19d__aug3_offline.jpg,12,64bfe6bb12a2b19d.jpg,doc
64cc2059ff0b2b7f__aug0_offline.jpg,0,64cc2059ff0b2b7f.jpg,doc
64cc2059ff0b2b7f__aug1_offline.jpg,0,64cc2059ff0b2b7f.jpg,doc
64cc2059ff0b2b7f__aug2_offline.jpg,0,64cc2059ff0b2b7f.jpg,doc
64cc2059ff0b2b7f__aug3_offline.jpg,0,64cc2059ff0b2b7f.jpg,doc
64de0d5782390458__aug0_offline.jpg,16,64de0d5782390458.jpg,non_doc
64de0d5782390458__aug1_offline.jpg,16,64de0d5782390458.jpg,non_doc
64de0d5782390458__aug2_offline.jpg,16,64de0d5782390458.jpg,non_doc
64de0d5782390458__aug3_offline.jpg,16,64de0d5782390458.jpg,non_doc
653d9830004b3602__aug0_offline.jpg,4,653d9830004b3602.jpg,doc
653d9830004b3602__aug1_offline.jpg,4,653d9830004b3602.jpg,doc
653d9830004b3602__aug2_offline.jpg,4,653d9830004b3602.jpg,doc
653d9830004b3602__aug3_offline.jpg,4,653d9830004b3602.jpg,doc
65453fe7b270cd4a__aug0_offline.jpg,0,65453fe7b270cd4a.jpg,doc
65453fe7b270cd4a__aug1_offline.jpg,0,65453fe7b270cd4a.jpg,doc
65453fe7b270cd4a__aug2_offline.jpg,0,65453fe7b270cd4a.jpg,doc
65453fe7b270cd4a__aug3_offline.jpg,0,65453fe7b270cd4a.jpg,doc
654e10bb8ec38099__aug0_offline.jpg,4,654e10bb8ec38099.jpg,doc
654e10bb8ec38099__aug1_offline.jpg,4,654e10bb8ec38099.jpg,doc
654e10bb8ec38099__aug2_offline.jpg,4,654e10bb8ec38099.jpg,doc
654e10bb8ec38099__aug3_offline.jpg,4,654e10bb8ec38099.jpg,doc
65886a07284e5f43__aug0_offline.jpg,4,65886a07284e5f43.jpg,doc
65886a07284e5f43__aug1_offline.jpg,4,65886a07284e5f43.jpg,doc
65886a07284e5f43__aug2_offline.jpg,4,65886a07284e5f43.jpg,doc
65886a07284e5f43__aug3_offline.jpg,4,65886a07284e5f43.jpg,doc
65948ca6d0c63466__aug0_offline.jpg,8,65948ca6d0c63466.jpg,card_like
65948ca6d0c63466__aug1_offline.jpg,8,65948ca6d0c63466.jpg,card_like
65948ca6d0c63466__aug2_offline.jpg,8,65948ca6d0c63466.jpg,card_like
65948ca6d0c63466__aug3_offline.jpg,8,65948ca6d0c63466.jpg,card_like
6595fdaa3351e74e__aug0_offline.jpg,3,6595fdaa3351e74e.jpg,doc
6595fdaa3351e74e__aug1_offline.jpg,3,6595fdaa3351e74e.jpg,doc
6595fdaa3351e74e__aug2_offline.jpg,3,6595fdaa3351e74e.jpg,doc
6595fdaa3351e74e__aug3_offline.jpg,3,6595fdaa3351e74e.jpg,doc
659919452b57f180__aug0_offline.jpg,8,659919452b57f180.jpg,card_like
659919452b57f180__aug1_offline.jpg,8,659919452b57f180.jpg,card_like
659919452b57f180__aug2_offline.jpg,8,659919452b57f180.jpg,card_like
659919452b57f180__aug3_offline.jpg,8,659919452b57f180.jpg,card_like
65a6353fc364f6bb__aug0_offline.jpg,2,65a6353fc364f6bb.jpg,non_doc
65a6353fc364f6bb__aug1_offline.jpg,2,65a6353fc364f6bb.jpg,non_doc
65a6353fc364f6bb__aug2_offline.jpg,2,65a6353fc364f6bb.jpg,non_doc
65a6353fc364f6bb__aug3_offline.jpg,2,65a6353fc364f6bb.jpg,non_doc
65b191b1c0b79bbc__aug0_offline.jpg,14,65b191b1c0b79bbc.jpg,doc
65b191b1c0b79bbc__aug1_offline.jpg,14,65b191b1c0b79bbc.jpg,doc
65b191b1c0b79bbc__aug2_offline.jpg,14,65b191b1c0b79bbc.jpg,doc
65b191b1c0b79bbc__aug3_offline.jpg,14,65b191b1c0b79bbc.jpg,doc
65b191b1c0b79bbc__aug4_offline.jpg,14,65b191b1c0b79bbc.jpg,doc
65b191b1c0b79bbc__aug5_offline.jpg,14,65b191b1c0b79bbc.jpg,doc
65b191b1c0b79bbc__aug6_offline.jpg,14,65b191b1c0b79bbc.jpg,doc
65b191b1c0b79bbc__aug7_offline.jpg,14,65b191b1c0b79bbc.jpg,doc
65de4b66ba654c58__aug0_offline.jpg,4,65de4b66ba654c58.jpg,doc
65de4b66ba654c58__aug1_offline.jpg,4,65de4b66ba654c58.jpg,doc
65de4b66ba654c58__aug2_offline.jpg,4,65de4b66ba654c58.jpg,doc
65de4b66ba654c58__aug3_offline.jpg,4,65de4b66ba654c58.jpg,doc
65e3c8286f990f3a__aug0_offline.jpg,2,65e3c8286f990f3a.jpg,non_doc
65e3c8286f990f3a__aug1_offline.jpg,2,65e3c8286f990f3a.jpg,non_doc
65e3c8286f990f3a__aug2_offline.jpg,2,65e3c8286f990f3a.jpg,non_doc
65e3c8286f990f3a__aug3_offline.jpg,2,65e3c8286f990f3a.jpg,non_doc
65e54d26136cd5e1__aug0_offline.jpg,4,65e54d26136cd5e1.jpg,doc
65e54d26136cd5e1__aug1_offline.jpg,4,65e54d26136cd5e1.jpg,doc
65e54d26136cd5e1__aug2_offline.jpg,4,65e54d26136cd5e1.jpg,doc
65e54d26136cd5e1__aug3_offline.jpg,4,65e54d26136cd5e1.jpg,doc
6614317845c5c3bd__aug0_offline.jpg,15,6614317845c5c3bd.jpg,doc
6614317845c5c3bd__aug1_offline.jpg,15,6614317845c5c3bd.jpg,doc
6614317845c5c3bd__aug2_offline.jpg,15,6614317845c5c3bd.jpg,doc
6614317845c5c3bd__aug3_offline.jpg,15,6614317845c5c3bd.jpg,doc
66469978dfc91a6a__aug0_offline.jpg,4,66469978dfc91a6a.jpg,doc
66469978dfc91a6a__aug1_offline.jpg,4,66469978dfc91a6a.jpg,doc
66469978dfc91a6a__aug2_offline.jpg,4,66469978dfc91a6a.jpg,doc
66469978dfc91a6a__aug3_offline.jpg,4,66469978dfc91a6a.jpg,doc
664870358de72c79__aug0_offline.jpg,11,664870358de72c79.jpg,doc
664870358de72c79__aug1_offline.jpg,11,664870358de72c79.jpg,doc
664870358de72c79__aug2_offline.jpg,11,664870358de72c79.jpg,doc
664870358de72c79__aug3_offline.jpg,11,664870358de72c79.jpg,doc
6650fc952634469b__aug0_offline.jpg,13,6650fc952634469b.jpg,doc
6650fc952634469b__aug1_offline.jpg,13,6650fc952634469b.jpg,doc
6650fc952634469b__aug2_offline.jpg,13,6650fc952634469b.jpg,doc
6650fc952634469b__aug3_offline.jpg,13,6650fc952634469b.jpg,doc
665841c40fd8e975__aug0_offline.jpg,10,665841c40fd8e975.jpg,doc
665841c40fd8e975__aug1_offline.jpg,10,665841c40fd8e975.jpg,doc
665841c40fd8e975__aug2_offline.jpg,10,665841c40fd8e975.jpg,doc
665841c40fd8e975__aug3_offline.jpg,10,665841c40fd8e975.jpg,doc
665e3f6bd4fb0a1c__aug0_offline.jpg,4,665e3f6bd4fb0a1c.jpg,doc
665e3f6bd4fb0a1c__aug1_offline.jpg,4,665e3f6bd4fb0a1c.jpg,doc
665e3f6bd4fb0a1c__aug2_offline.jpg,4,665e3f6bd4fb0a1c.jpg,doc
665e3f6bd4fb0a1c__aug3_offline.jpg,4,665e3f6bd4fb0a1c.jpg,doc
668d779a4bcbca9b__aug0_offline.jpg,9,668d779a4bcbca9b.jpg,card_like
668d779a4bcbca9b__aug1_offline.jpg,9,668d779a4bcbca9b.jpg,card_like
668d779a4bcbca9b__aug2_offline.jpg,9,668d779a4bcbca9b.jpg,card_like
668d779a4bcbca9b__aug3_offline.jpg,9,668d779a4bcbca9b.jpg,card_like
669a9c9ae2a79a2b__aug0_offline.jpg,10,669a9c9ae2a79a2b.jpg,doc
669a9c9ae2a79a2b__aug1_offline.jpg,10,669a9c9ae2a79a2b.jpg,doc
669a9c9ae2a79a2b__aug2_offline.jpg,10,669a9c9ae2a79a2b.jpg,doc
669a9c9ae2a79a2b__aug3_offline.jpg,10,669a9c9ae2a79a2b.jpg,doc
66a01bd2435be87d__aug0_offline.jpg,6,66a01bd2435be87d.jpg,doc
66a01bd2435be87d__aug1_offline.jpg,6,66a01bd2435be87d.jpg,doc
66a01bd2435be87d__aug2_offline.jpg,6,66a01bd2435be87d.jpg,doc
66a01bd2435be87d__aug3_offline.jpg,6,66a01bd2435be87d.jpg,doc
66cbc35f2e055ac5__aug0_offline.jpg,8,66cbc35f2e055ac5.jpg,card_like
66cbc35f2e055ac5__aug1_offline.jpg,8,66cbc35f2e055ac5.jpg,card_like
66cbc35f2e055ac5__aug2_offline.jpg,8,66cbc35f2e055ac5.jpg,card_like
66cbc35f2e055ac5__aug3_offline.jpg,8,66cbc35f2e055ac5.jpg,card_like
66e077b9e126c7cb__aug0_offline.jpg,12,66e077b9e126c7cb.jpg,doc
66e077b9e126c7cb__aug1_offline.jpg,12,66e077b9e126c7cb.jpg,doc
66e077b9e126c7cb__aug2_offline.jpg,12,66e077b9e126c7cb.jpg,doc
66e077b9e126c7cb__aug3_offline.jpg,12,66e077b9e126c7cb.jpg,doc
6711b3773598320d__aug0_offline.jpg,2,6711b3773598320d.jpg,non_doc
6711b3773598320d__aug1_offline.jpg,2,6711b3773598320d.jpg,non_doc
6711b3773598320d__aug2_offline.jpg,2,6711b3773598320d.jpg,non_doc
6711b3773598320d__aug3_offline.jpg,2,6711b3773598320d.jpg,non_doc
67271790e17abbf2__aug0_offline.jpg,4,67271790e17abbf2.jpg,doc
67271790e17abbf2__aug1_offline.jpg,4,67271790e17abbf2.jpg,doc
67271790e17abbf2__aug2_offline.jpg,4,67271790e17abbf2.jpg,doc
67271790e17abbf2__aug3_offline.jpg,4,67271790e17abbf2.jpg,doc
675a79a2fd62de23__aug0_offline.jpg,6,675a79a2fd62de23.jpg,doc
675a79a2fd62de23__aug1_offline.jpg,6,675a79a2fd62de23.jpg,doc
675a79a2fd62de23__aug2_offline.jpg,6,675a79a2fd62de23.jpg,doc
675a79a2fd62de23__aug3_offline.jpg,6,675a79a2fd62de23.jpg,doc
677b9ff187f51bf4__aug0_offline.jpg,1,677b9ff187f51bf4.jpg,doc
677b9ff187f51bf4__aug1_offline.jpg,1,677b9ff187f51bf4.jpg,doc
677b9ff187f51bf4__aug2_offline.jpg,1,677b9ff187f51bf4.jpg,doc
677b9ff187f51bf4__aug3_offline.jpg,1,677b9ff187f51bf4.jpg,doc
677b9ff187f51bf4__aug4_offline.jpg,1,677b9ff187f51bf4.jpg,doc
677b9ff187f51bf4__aug5_offline.jpg,1,677b9ff187f51bf4.jpg,doc
677b9ff187f51bf4__aug6_offline.jpg,1,677b9ff187f51bf4.jpg,doc
677b9ff187f51bf4__aug7_offline.jpg,1,677b9ff187f51bf4.jpg,doc
677b9ff187f51bf4__aug8_offline.jpg,1,677b9ff187f51bf4.jpg,doc
6803ce25ed4d3617__aug0_offline.jpg,16,6803ce25ed4d3617.jpg,non_doc
6803ce25ed4d3617__aug1_offline.jpg,16,6803ce25ed4d3617.jpg,non_doc
6803ce25ed4d3617__aug2_offline.jpg,16,6803ce25ed4d3617.jpg,non_doc
6803ce25ed4d3617__aug3_offline.jpg,16,6803ce25ed4d3617.jpg,non_doc
6804bbcb0644bfaa__aug0_offline.jpg,7,6804bbcb0644bfaa.jpg,doc
6804bbcb0644bfaa__aug1_offline.jpg,7,6804bbcb0644bfaa.jpg,doc
6804bbcb0644bfaa__aug2_offline.jpg,7,6804bbcb0644bfaa.jpg,doc
6804bbcb0644bfaa__aug3_offline.jpg,7,6804bbcb0644bfaa.jpg,doc
6830f36b4231f1f8__aug0_offline.jpg,4,6830f36b4231f1f8.jpg,doc
6830f36b4231f1f8__aug1_offline.jpg,4,6830f36b4231f1f8.jpg,doc
6830f36b4231f1f8__aug2_offline.jpg,4,6830f36b4231f1f8.jpg,doc
6830f36b4231f1f8__aug3_offline.jpg,4,6830f36b4231f1f8.jpg,doc
6833fc9562046889__aug0_offline.jpg,7,6833fc9562046889.jpg,doc
6833fc9562046889__aug1_offline.jpg,7,6833fc9562046889.jpg,doc
6833fc9562046889__aug2_offline.jpg,7,6833fc9562046889.jpg,doc
6833fc9562046889__aug3_offline.jpg,7,6833fc9562046889.jpg,doc
6836aaeab9395036__aug0_offline.jpg,13,6836aaeab9395036.jpg,doc
6836aaeab9395036__aug1_offline.jpg,13,6836aaeab9395036.jpg,doc
6836aaeab9395036__aug2_offline.jpg,13,6836aaeab9395036.jpg,doc
6836aaeab9395036__aug3_offline.jpg,13,6836aaeab9395036.jpg,doc
68448bac622f658a__aug0_offline.jpg,9,68448bac622f658a.jpg,card_like
68448bac622f658a__aug1_offline.jpg,9,68448bac622f658a.jpg,card_like
68448bac622f658a__aug2_offline.jpg,9,68448bac622f658a.jpg,card_like
68448bac622f658a__aug3_offline.jpg,9,68448bac622f658a.jpg,card_like
68465df7e54034e7__aug0_offline.jpg,14,68465df7e54034e7.jpg,doc
68465df7e54034e7__aug1_offline.jpg,14,68465df7e54034e7.jpg,doc
68465df7e54034e7__aug2_offline.jpg,14,68465df7e54034e7.jpg,doc
68465df7e54034e7__aug3_offline.jpg,14,68465df7e54034e7.jpg,doc
68465df7e54034e7__aug4_offline.jpg,14,68465df7e54034e7.jpg,doc
68465df7e54034e7__aug5_offline.jpg,14,68465df7e54034e7.jpg,doc
68465df7e54034e7__aug6_offline.jpg,14,68465df7e54034e7.jpg,doc
68465df7e54034e7__aug7_offline.jpg,14,68465df7e54034e7.jpg,doc
686ac0f84cef81a3__aug0_offline.jpg,15,686ac0f84cef81a3.jpg,doc
686ac0f84cef81a3__aug1_offline.jpg,15,686ac0f84cef81a3.jpg,doc
686ac0f84cef81a3__aug2_offline.jpg,15,686ac0f84cef81a3.jpg,doc
686ac0f84cef81a3__aug3_offline.jpg,15,686ac0f84cef81a3.jpg,doc
68ad00a3f2a7ecdb__aug0_offline.jpg,0,68ad00a3f2a7ecdb.jpg,doc
68ad00a3f2a7ecdb__aug1_offline.jpg,0,68ad00a3f2a7ecdb.jpg,doc
68ad00a3f2a7ecdb__aug2_offline.jpg,0,68ad00a3f2a7ecdb.jpg,doc
68ad00a3f2a7ecdb__aug3_offline.jpg,0,68ad00a3f2a7ecdb.jpg,doc
68c5172e0d62f27d__aug0_offline.jpg,11,68c5172e0d62f27d.jpg,doc
68c5172e0d62f27d__aug1_offline.jpg,11,68c5172e0d62f27d.jpg,doc
68c5172e0d62f27d__aug2_offline.jpg,11,68c5172e0d62f27d.jpg,doc
68c5172e0d62f27d__aug3_offline.jpg,11,68c5172e0d62f27d.jpg,doc
68e28dd5366800c1__aug0_offline.jpg,6,68e28dd5366800c1.jpg,doc
68e28dd5366800c1__aug1_offline.jpg,6,68e28dd5366800c1.jpg,doc
68e28dd5366800c1__aug2_offline.jpg,6,68e28dd5366800c1.jpg,doc
68e28dd5366800c1__aug3_offline.jpg,6,68e28dd5366800c1.jpg,doc
690245deffbb23a6__aug0_offline.jpg,3,690245deffbb23a6.jpg,doc
690245deffbb23a6__aug1_offline.jpg,3,690245deffbb23a6.jpg,doc
690245deffbb23a6__aug2_offline.jpg,3,690245deffbb23a6.jpg,doc
690245deffbb23a6__aug3_offline.jpg,3,690245deffbb23a6.jpg,doc
694770262d00d28a__aug0_offline.jpg,10,694770262d00d28a.jpg,doc
694770262d00d28a__aug1_offline.jpg,10,694770262d00d28a.jpg,doc
694770262d00d28a__aug2_offline.jpg,10,694770262d00d28a.jpg,doc
694770262d00d28a__aug3_offline.jpg,10,694770262d00d28a.jpg,doc
6951cb8e94d8669b__aug0_offline.jpg,10,6951cb8e94d8669b.jpg,doc
6951cb8e94d8669b__aug1_offline.jpg,10,6951cb8e94d8669b.jpg,doc
6951cb8e94d8669b__aug2_offline.jpg,10,6951cb8e94d8669b.jpg,doc
6951cb8e94d8669b__aug3_offline.jpg,10,6951cb8e94d8669b.jpg,doc
696204cbf98c1442__aug0_offline.jpg,6,696204cbf98c1442.jpg,doc
696204cbf98c1442__aug1_offline.jpg,6,696204cbf98c1442.jpg,doc
696204cbf98c1442__aug2_offline.jpg,6,696204cbf98c1442.jpg,doc
696204cbf98c1442__aug3_offline.jpg,6,696204cbf98c1442.jpg,doc
69c0945525596387__aug0_offline.jpg,2,69c0945525596387.jpg,non_doc
69c0945525596387__aug1_offline.jpg,2,69c0945525596387.jpg,non_doc
69c0945525596387__aug2_offline.jpg,2,69c0945525596387.jpg,non_doc
69c0945525596387__aug3_offline.jpg,2,69c0945525596387.jpg,non_doc
6a2c867603ef83d9__aug0_offline.jpg,10,6a2c867603ef83d9.jpg,doc
6a2c867603ef83d9__aug1_offline.jpg,10,6a2c867603ef83d9.jpg,doc
6a2c867603ef83d9__aug2_offline.jpg,10,6a2c867603ef83d9.jpg,doc
6a2c867603ef83d9__aug3_offline.jpg,10,6a2c867603ef83d9.jpg,doc
6a5e59ff5eca67e7__aug0_offline.jpg,16,6a5e59ff5eca67e7.jpg,non_doc
6a5e59ff5eca67e7__aug1_offline.jpg,16,6a5e59ff5eca67e7.jpg,non_doc
6a5e59ff5eca67e7__aug2_offline.jpg,16,6a5e59ff5eca67e7.jpg,non_doc
6a5e59ff5eca67e7__aug3_offline.jpg,16,6a5e59ff5eca67e7.jpg,non_doc
6ab9dd9b5f52f39c__aug0_offline.jpg,13,6ab9dd9b5f52f39c.jpg,doc
6ab9dd9b5f52f39c__aug1_offline.jpg,13,6ab9dd9b5f52f39c.jpg,doc
6ab9dd9b5f52f39c__aug2_offline.jpg,13,6ab9dd9b5f52f39c.jpg,doc
6ab9dd9b5f52f39c__aug3_offline.jpg,13,6ab9dd9b5f52f39c.jpg,doc
6b0dd94eaf6694db__aug0_offline.jpg,0,6b0dd94eaf6694db.jpg,doc
6b0dd94eaf6694db__aug1_offline.jpg,0,6b0dd94eaf6694db.jpg,doc
6b0dd94eaf6694db__aug2_offline.jpg,0,6b0dd94eaf6694db.jpg,doc
6b0dd94eaf6694db__aug3_offline.jpg,0,6b0dd94eaf6694db.jpg,doc
6b15c5f163e4c7b2__aug0_offline.jpg,13,6b15c5f163e4c7b2.jpg,doc
6b15c5f163e4c7b2__aug1_offline.jpg,13,6b15c5f163e4c7b2.jpg,doc
6b15c5f163e4c7b2__aug2_offline.jpg,13,6b15c5f163e4c7b2.jpg,doc
6b15c5f163e4c7b2__aug3_offline.jpg,13,6b15c5f163e4c7b2.jpg,doc
6bd986855bafb57e__aug0_offline.jpg,10,6bd986855bafb57e.jpg,doc
6bd986855bafb57e__aug1_offline.jpg,10,6bd986855bafb57e.jpg,doc
6bd986855bafb57e__aug2_offline.jpg,10,6bd986855bafb57e.jpg,doc
6bd986855bafb57e__aug3_offline.jpg,10,6bd986855bafb57e.jpg,doc
6bd9b10df1a9e223__aug0_offline.jpg,3,6bd9b10df1a9e223.jpg,doc
6bd9b10df1a9e223__aug1_offline.jpg,3,6bd9b10df1a9e223.jpg,doc
6bd9b10df1a9e223__aug2_offline.jpg,3,6bd9b10df1a9e223.jpg,doc
6bd9b10df1a9e223__aug3_offline.jpg,3,6bd9b10df1a9e223.jpg,doc
6bdc7ee485d608d9__aug0_offline.jpg,10,6bdc7ee485d608d9.jpg,doc
6bdc7ee485d608d9__aug1_offline.jpg,10,6bdc7ee485d608d9.jpg,doc
6bdc7ee485d608d9__aug2_offline.jpg,10,6bdc7ee485d608d9.jpg,doc
6bdc7ee485d608d9__aug3_offline.jpg,10,6bdc7ee485d608d9.jpg,doc
6c01be75619654ab__aug0_offline.jpg,15,6c01be75619654ab.jpg,doc
6c01be75619654ab__aug1_offline.jpg,15,6c01be75619654ab.jpg,doc
6c01be75619654ab__aug2_offline.jpg,15,6c01be75619654ab.jpg,doc
6c01be75619654ab__aug3_offline.jpg,15,6c01be75619654ab.jpg,doc
6c64da4992b0908e__aug0_offline.jpg,0,6c64da4992b0908e.jpg,doc
6c64da4992b0908e__aug1_offline.jpg,0,6c64da4992b0908e.jpg,doc
6c64da4992b0908e__aug2_offline.jpg,0,6c64da4992b0908e.jpg,doc
6c64da4992b0908e__aug3_offline.jpg,0,6c64da4992b0908e.jpg,doc
6c7c0ef5def29ad3__aug0_offline.jpg,5,6c7c0ef5def29ad3.jpg,card_like
6c7c0ef5def29ad3__aug1_offline.jpg,5,6c7c0ef5def29ad3.jpg,card_like
6c7c0ef5def29ad3__aug2_offline.jpg,5,6c7c0ef5def29ad3.jpg,card_like
6c7c0ef5def29ad3__aug3_offline.jpg,5,6c7c0ef5def29ad3.jpg,card_like
6c7ee6f5642493df__aug0_offline.jpg,0,6c7ee6f5642493df.jpg,doc
6c7ee6f5642493df__aug1_offline.jpg,0,6c7ee6f5642493df.jpg,doc
6c7ee6f5642493df__aug2_offline.jpg,0,6c7ee6f5642493df.jpg,doc
6c7ee6f5642493df__aug3_offline.jpg,0,6c7ee6f5642493df.jpg,doc
6c86addce8dddcc1__aug0_offline.jpg,7,6c86addce8dddcc1.jpg,doc
6c86addce8dddcc1__aug1_offline.jpg,7,6c86addce8dddcc1.jpg,doc
6c86addce8dddcc1__aug2_offline.jpg,7,6c86addce8dddcc1.jpg,doc
6c86addce8dddcc1__aug3_offline.jpg,7,6c86addce8dddcc1.jpg,doc
6c9e044cdd574bc5__aug0_offline.jpg,12,6c9e044cdd574bc5.jpg,doc
6c9e044cdd574bc5__aug1_offline.jpg,12,6c9e044cdd574bc5.jpg,doc
6c9e044cdd574bc5__aug2_offline.jpg,12,6c9e044cdd574bc5.jpg,doc
6c9e044cdd574bc5__aug3_offline.jpg,12,6c9e044cdd574bc5.jpg,doc
6caee0e4e634a134__aug0_offline.jpg,10,6caee0e4e634a134.jpg,doc
6caee0e4e634a134__aug1_offline.jpg,10,6caee0e4e634a134.jpg,doc
6caee0e4e634a134__aug2_offline.jpg,10,6caee0e4e634a134.jpg,doc
6caee0e4e634a134__aug3_offline.jpg,10,6caee0e4e634a134.jpg,doc
6ce000129615ec5b__aug0_offline.jpg,0,6ce000129615ec5b.jpg,doc
6ce000129615ec5b__aug1_offline.jpg,0,6ce000129615ec5b.jpg,doc
6ce000129615ec5b__aug2_offline.jpg,0,6ce000129615ec5b.jpg,doc
6ce000129615ec5b__aug3_offline.jpg,0,6ce000129615ec5b.jpg,doc
6ce5c3ace8c4601d__aug0_offline.jpg,8,6ce5c3ace8c4601d.jpg,card_like
6ce5c3ace8c4601d__aug1_offline.jpg,8,6ce5c3ace8c4601d.jpg,card_like
6ce5c3ace8c4601d__aug2_offline.jpg,8,6ce5c3ace8c4601d.jpg,card_like
6ce5c3ace8c4601d__aug3_offline.jpg,8,6ce5c3ace8c4601d.jpg,card_like
6d41878ae3c7e40b__aug0_offline.jpg,16,6d41878ae3c7e40b.jpg,non_doc
6d41878ae3c7e40b__aug1_offline.jpg,16,6d41878ae3c7e40b.jpg,non_doc
6d41878ae3c7e40b__aug2_offline.jpg,16,6d41878ae3c7e40b.jpg,non_doc
6d41878ae3c7e40b__aug3_offline.jpg,16,6d41878ae3c7e40b.jpg,non_doc
6d5dad8f246c0ecb__aug0_offline.jpg,16,6d5dad8f246c0ecb.jpg,non_doc
6d5dad8f246c0ecb__aug1_offline.jpg,16,6d5dad8f246c0ecb.jpg,non_doc
6d5dad8f246c0ecb__aug2_offline.jpg,16,6d5dad8f246c0ecb.jpg,non_doc
6d5dad8f246c0ecb__aug3_offline.jpg,16,6d5dad8f246c0ecb.jpg,non_doc
6d6ffab07161b8be__aug0_offline.jpg,11,6d6ffab07161b8be.jpg,doc
6d6ffab07161b8be__aug1_offline.jpg,11,6d6ffab07161b8be.jpg,doc
6d6ffab07161b8be__aug2_offline.jpg,11,6d6ffab07161b8be.jpg,doc
6d6ffab07161b8be__aug3_offline.jpg,11,6d6ffab07161b8be.jpg,doc
6dbb0d26b45902b4__aug0_offline.jpg,16,6dbb0d26b45902b4.jpg,non_doc
6dbb0d26b45902b4__aug1_offline.jpg,16,6dbb0d26b45902b4.jpg,non_doc
6dbb0d26b45902b4__aug2_offline.jpg,16,6dbb0d26b45902b4.jpg,non_doc
6dbb0d26b45902b4__aug3_offline.jpg,16,6dbb0d26b45902b4.jpg,non_doc
6dcd1339e544cd25__aug0_offline.jpg,12,6dcd1339e544cd25.jpg,doc
6dcd1339e544cd25__aug1_offline.jpg,12,6dcd1339e544cd25.jpg,doc
6dcd1339e544cd25__aug2_offline.jpg,12,6dcd1339e544cd25.jpg,doc
6dcd1339e544cd25__aug3_offline.jpg,12,6dcd1339e544cd25.jpg,doc
6e4958148a2c3464__aug0_offline.jpg,5,6e4958148a2c3464.jpg,card_like
6e4958148a2c3464__aug1_offline.jpg,5,6e4958148a2c3464.jpg,card_like
6e4958148a2c3464__aug2_offline.jpg,5,6e4958148a2c3464.jpg,card_like
6e4958148a2c3464__aug3_offline.jpg,5,6e4958148a2c3464.jpg,card_like
6f07e6e19c86efc7__aug0_offline.jpg,7,6f07e6e19c86efc7.jpg,doc
6f07e6e19c86efc7__aug1_offline.jpg,7,6f07e6e19c86efc7.jpg,doc
6f07e6e19c86efc7__aug2_offline.jpg,7,6f07e6e19c86efc7.jpg,doc
6f07e6e19c86efc7__aug3_offline.jpg,7,6f07e6e19c86efc7.jpg,doc
6fb7c18203fe1ac6__aug0_offline.jpg,5,6fb7c18203fe1ac6.jpg,card_like
6fb7c18203fe1ac6__aug1_offline.jpg,5,6fb7c18203fe1ac6.jpg,card_like
6fb7c18203fe1ac6__aug2_offline.jpg,5,6fb7c18203fe1ac6.jpg,card_like
6fb7c18203fe1ac6__aug3_offline.jpg,5,6fb7c18203fe1ac6.jpg,card_like
6fd986384882e898__aug0_offline.jpg,11,6fd986384882e898.jpg,doc
6fd986384882e898__aug1_offline.jpg,11,6fd986384882e898.jpg,doc
6fd986384882e898__aug2_offline.jpg,11,6fd986384882e898.jpg,doc
6fd986384882e898__aug3_offline.jpg,11,6fd986384882e898.jpg,doc
6fdb4b80ba1cfb7b__aug0_offline.jpg,6,6fdb4b80ba1cfb7b.jpg,doc
6fdb4b80ba1cfb7b__aug1_offline.jpg,6,6fdb4b80ba1cfb7b.jpg,doc
6fdb4b80ba1cfb7b__aug2_offline.jpg,6,6fdb4b80ba1cfb7b.jpg,doc
6fdb4b80ba1cfb7b__aug3_offline.jpg,6,6fdb4b80ba1cfb7b.jpg,doc
6ffc74bd3885ee68__aug0_offline.jpg,15,6ffc74bd3885ee68.jpg,doc
6ffc74bd3885ee68__aug1_offline.jpg,15,6ffc74bd3885ee68.jpg,doc
6ffc74bd3885ee68__aug2_offline.jpg,15,6ffc74bd3885ee68.jpg,doc
6ffc74bd3885ee68__aug3_offline.jpg,15,6ffc74bd3885ee68.jpg,doc
70235f48ef14bdc8__aug0_offline.jpg,5,70235f48ef14bdc8.jpg,card_like
70235f48ef14bdc8__aug1_offline.jpg,5,70235f48ef14bdc8.jpg,card_like
70235f48ef14bdc8__aug2_offline.jpg,5,70235f48ef14bdc8.jpg,card_like
70235f48ef14bdc8__aug3_offline.jpg,5,70235f48ef14bdc8.jpg,card_like
703e90507a11d59e__aug0_offline.jpg,11,703e90507a11d59e.jpg,doc
703e90507a11d59e__aug1_offline.jpg,11,703e90507a11d59e.jpg,doc
703e90507a11d59e__aug2_offline.jpg,11,703e90507a11d59e.jpg,doc
703e90507a11d59e__aug3_offline.jpg,11,703e90507a11d59e.jpg,doc
703f024bcd5b0d26__aug0_offline.jpg,5,703f024bcd5b0d26.jpg,card_like
703f024bcd5b0d26__aug1_offline.jpg,5,703f024bcd5b0d26.jpg,card_like
703f024bcd5b0d26__aug2_offline.jpg,5,703f024bcd5b0d26.jpg,card_like
703f024bcd5b0d26__aug3_offline.jpg,5,703f024bcd5b0d26.jpg,card_like
704f0cdc69a6d98d__aug0_offline.jpg,4,704f0cdc69a6d98d.jpg,doc
704f0cdc69a6d98d__aug1_offline.jpg,4,704f0cdc69a6d98d.jpg,doc
704f0cdc69a6d98d__aug2_offline.jpg,4,704f0cdc69a6d98d.jpg,doc
704f0cdc69a6d98d__aug3_offline.jpg,4,704f0cdc69a6d98d.jpg,doc
706cc6881b18b291__aug0_offline.jpg,3,706cc6881b18b291.jpg,doc
706cc6881b18b291__aug1_offline.jpg,3,706cc6881b18b291.jpg,doc
706cc6881b18b291__aug2_offline.jpg,3,706cc6881b18b291.jpg,doc
706cc6881b18b291__aug3_offline.jpg,3,706cc6881b18b291.jpg,doc
706f88bd829080ed__aug0_offline.jpg,14,706f88bd829080ed.jpg,doc
706f88bd829080ed__aug1_offline.jpg,14,706f88bd829080ed.jpg,doc
706f88bd829080ed__aug2_offline.jpg,14,706f88bd829080ed.jpg,doc
706f88bd829080ed__aug3_offline.jpg,14,706f88bd829080ed.jpg,doc
706f88bd829080ed__aug4_offline.jpg,14,706f88bd829080ed.jpg,doc
706f88bd829080ed__aug5_offline.jpg,14,706f88bd829080ed.jpg,doc
706f88bd829080ed__aug6_offline.jpg,14,706f88bd829080ed.jpg,doc
706f88bd829080ed__aug7_offline.jpg,14,706f88bd829080ed.jpg,doc
70c329deab35bb61__aug0_offline.jpg,7,70c329deab35bb61.jpg,doc
70c329deab35bb61__aug1_offline.jpg,7,70c329deab35bb61.jpg,doc
70c329deab35bb61__aug2_offline.jpg,7,70c329deab35bb61.jpg,doc
70c329deab35bb61__aug3_offline.jpg,7,70c329deab35bb61.jpg,doc
70e54fdd0135308b__aug0_offline.jpg,12,70e54fdd0135308b.jpg,doc
70e54fdd0135308b__aug1_offline.jpg,12,70e54fdd0135308b.jpg,doc
70e54fdd0135308b__aug2_offline.jpg,12,70e54fdd0135308b.jpg,doc
70e54fdd0135308b__aug3_offline.jpg,12,70e54fdd0135308b.jpg,doc
7100c5c67aecadc5__aug0_offline.jpg,7,7100c5c67aecadc5.jpg,doc
7100c5c67aecadc5__aug1_offline.jpg,7,7100c5c67aecadc5.jpg,doc
7100c5c67aecadc5__aug2_offline.jpg,7,7100c5c67aecadc5.jpg,doc
7100c5c67aecadc5__aug3_offline.jpg,7,7100c5c67aecadc5.jpg,doc
713c484c86197d5b__aug0_offline.jpg,16,713c484c86197d5b.jpg,non_doc
713c484c86197d5b__aug1_offline.jpg,16,713c484c86197d5b.jpg,non_doc
713c484c86197d5b__aug2_offline.jpg,16,713c484c86197d5b.jpg,non_doc
713c484c86197d5b__aug3_offline.jpg,16,713c484c86197d5b.jpg,non_doc
71648dd333e17a65__aug0_offline.jpg,12,71648dd333e17a65.jpg,doc
71648dd333e17a65__aug1_offline.jpg,12,71648dd333e17a65.jpg,doc
71648dd333e17a65__aug2_offline.jpg,12,71648dd333e17a65.jpg,doc
71648dd333e17a65__aug3_offline.jpg,12,71648dd333e17a65.jpg,doc
716c2fced083a6a6__aug0_offline.jpg,12,716c2fced083a6a6.jpg,doc
716c2fced083a6a6__aug1_offline.jpg,12,716c2fced083a6a6.jpg,doc
716c2fced083a6a6__aug2_offline.jpg,12,716c2fced083a6a6.jpg,doc
716c2fced083a6a6__aug3_offline.jpg,12,716c2fced083a6a6.jpg,doc
7179798d91789148__aug0_offline.jpg,1,7179798d91789148.jpg,doc
7179798d91789148__aug1_offline.jpg,1,7179798d91789148.jpg,doc
7179798d91789148__aug2_offline.jpg,1,7179798d91789148.jpg,doc
7179798d91789148__aug3_offline.jpg,1,7179798d91789148.jpg,doc
7179798d91789148__aug4_offline.jpg,1,7179798d91789148.jpg,doc
7179798d91789148__aug5_offline.jpg,1,7179798d91789148.jpg,doc
7179798d91789148__aug6_offline.jpg,1,7179798d91789148.jpg,doc
7179798d91789148__aug7_offline.jpg,1,7179798d91789148.jpg,doc
7179798d91789148__aug8_offline.jpg,1,7179798d91789148.jpg,doc
71a66c0c5e7f1806__aug0_offline.jpg,7,71a66c0c5e7f1806.jpg,doc
71a66c0c5e7f1806__aug1_offline.jpg,7,71a66c0c5e7f1806.jpg,doc
71a66c0c5e7f1806__aug2_offline.jpg,7,71a66c0c5e7f1806.jpg,doc
71a66c0c5e7f1806__aug3_offline.jpg,7,71a66c0c5e7f1806.jpg,doc
71b4afcf511ef770__aug0_offline.jpg,7,71b4afcf511ef770.jpg,doc
71b4afcf511ef770__aug1_offline.jpg,7,71b4afcf511ef770.jpg,doc
71b4afcf511ef770__aug2_offline.jpg,7,71b4afcf511ef770.jpg,doc
71b4afcf511ef770__aug3_offline.jpg,7,71b4afcf511ef770.jpg,doc
71dde89e294555fc__aug0_offline.jpg,4,71dde89e294555fc.jpg,doc
71dde89e294555fc__aug1_offline.jpg,4,71dde89e294555fc.jpg,doc
71dde89e294555fc__aug2_offline.jpg,4,71dde89e294555fc.jpg,doc
71dde89e294555fc__aug3_offline.jpg,4,71dde89e294555fc.jpg,doc
721029136b9956ff__aug0_offline.jpg,15,721029136b9956ff.jpg,doc
721029136b9956ff__aug1_offline.jpg,15,721029136b9956ff.jpg,doc
721029136b9956ff__aug2_offline.jpg,15,721029136b9956ff.jpg,doc
721029136b9956ff__aug3_offline.jpg,15,721029136b9956ff.jpg,doc
72dcf78da45303d2__aug0_offline.jpg,11,72dcf78da45303d2.jpg,doc
72dcf78da45303d2__aug1_offline.jpg,11,72dcf78da45303d2.jpg,doc
72dcf78da45303d2__aug2_offline.jpg,11,72dcf78da45303d2.jpg,doc
72dcf78da45303d2__aug3_offline.jpg,11,72dcf78da45303d2.jpg,doc
733783e7eccfee05__aug0_offline.jpg,7,733783e7eccfee05.jpg,doc
733783e7eccfee05__aug1_offline.jpg,7,733783e7eccfee05.jpg,doc
733783e7eccfee05__aug2_offline.jpg,7,733783e7eccfee05.jpg,doc
733783e7eccfee05__aug3_offline.jpg,7,733783e7eccfee05.jpg,doc
73435b2b35ec0c32__aug0_offline.jpg,1,73435b2b35ec0c32.jpg,doc
73435b2b35ec0c32__aug1_offline.jpg,1,73435b2b35ec0c32.jpg,doc
73435b2b35ec0c32__aug2_offline.jpg,1,73435b2b35ec0c32.jpg,doc
73435b2b35ec0c32__aug3_offline.jpg,1,73435b2b35ec0c32.jpg,doc
73435b2b35ec0c32__aug4_offline.jpg,1,73435b2b35ec0c32.jpg,doc
73435b2b35ec0c32__aug5_offline.jpg,1,73435b2b35ec0c32.jpg,doc
73435b2b35ec0c32__aug6_offline.jpg,1,73435b2b35ec0c32.jpg,doc
73435b2b35ec0c32__aug7_offline.jpg,1,73435b2b35ec0c32.jpg,doc
73435b2b35ec0c32__aug8_offline.jpg,1,73435b2b35ec0c32.jpg,doc
737923b93a9c2de3__aug0_offline.jpg,11,737923b93a9c2de3.jpg,doc
737923b93a9c2de3__aug1_offline.jpg,11,737923b93a9c2de3.jpg,doc
737923b93a9c2de3__aug2_offline.jpg,11,737923b93a9c2de3.jpg,doc
737923b93a9c2de3__aug3_offline.jpg,11,737923b93a9c2de3.jpg,doc
73824c562e4dbaed__aug0_offline.jpg,5,73824c562e4dbaed.jpg,card_like
73824c562e4dbaed__aug1_offline.jpg,5,73824c562e4dbaed.jpg,card_like
73824c562e4dbaed__aug2_offline.jpg,5,73824c562e4dbaed.jpg,card_like
73824c562e4dbaed__aug3_offline.jpg,5,73824c562e4dbaed.jpg,card_like
738660387439a720__aug0_offline.jpg,4,738660387439a720.jpg,doc
738660387439a720__aug1_offline.jpg,4,738660387439a720.jpg,doc
738660387439a720__aug2_offline.jpg,4,738660387439a720.jpg,doc
738660387439a720__aug3_offline.jpg,4,738660387439a720.jpg,doc
739e4dea86e517c6__aug0_offline.jpg,7,739e4dea86e517c6.jpg,doc
739e4dea86e517c6__aug1_offline.jpg,7,739e4dea86e517c6.jpg,doc
739e4dea86e517c6__aug2_offline.jpg,7,739e4dea86e517c6.jpg,doc
739e4dea86e517c6__aug3_offline.jpg,7,739e4dea86e517c6.jpg,doc
73b17549c8ab8a99__aug0_offline.jpg,8,73b17549c8ab8a99.jpg,card_like
73b17549c8ab8a99__aug1_offline.jpg,8,73b17549c8ab8a99.jpg,card_like
73b17549c8ab8a99__aug2_offline.jpg,8,73b17549c8ab8a99.jpg,card_like
73b17549c8ab8a99__aug3_offline.jpg,8,73b17549c8ab8a99.jpg,card_like
73e6a22019fe8471__aug0_offline.jpg,9,73e6a22019fe8471.jpg,card_like
73e6a22019fe8471__aug1_offline.jpg,9,73e6a22019fe8471.jpg,card_like
73e6a22019fe8471__aug2_offline.jpg,9,73e6a22019fe8471.jpg,card_like
73e6a22019fe8471__aug3_offline.jpg,9,73e6a22019fe8471.jpg,card_like
741f4bcf985180b6__aug0_offline.jpg,6,741f4bcf985180b6.jpg,doc
741f4bcf985180b6__aug1_offline.jpg,6,741f4bcf985180b6.jpg,doc
741f4bcf985180b6__aug2_offline.jpg,6,741f4bcf985180b6.jpg,doc
741f4bcf985180b6__aug3_offline.jpg,6,741f4bcf985180b6.jpg,doc
745459e83b42eb42__aug0_offline.jpg,2,745459e83b42eb42.jpg,non_doc
745459e83b42eb42__aug1_offline.jpg,2,745459e83b42eb42.jpg,non_doc
745459e83b42eb42__aug2_offline.jpg,2,745459e83b42eb42.jpg,non_doc
745459e83b42eb42__aug3_offline.jpg,2,745459e83b42eb42.jpg,non_doc
74a24ffce48fa35f__aug0_offline.jpg,9,74a24ffce48fa35f.jpg,card_like
74a24ffce48fa35f__aug1_offline.jpg,9,74a24ffce48fa35f.jpg,card_like
74a24ffce48fa35f__aug2_offline.jpg,9,74a24ffce48fa35f.jpg,card_like
74a24ffce48fa35f__aug3_offline.jpg,9,74a24ffce48fa35f.jpg,card_like
74ab4f0f29de685f__aug0_offline.jpg,10,74ab4f0f29de685f.jpg,doc
74ab4f0f29de685f__aug1_offline.jpg,10,74ab4f0f29de685f.jpg,doc
74ab4f0f29de685f__aug2_offline.jpg,10,74ab4f0f29de685f.jpg,doc
74ab4f0f29de685f__aug3_offline.jpg,10,74ab4f0f29de685f.jpg,doc
74cdf0bf86283b84__aug0_offline.jpg,4,74cdf0bf86283b84.jpg,doc
74cdf0bf86283b84__aug1_offline.jpg,4,74cdf0bf86283b84.jpg,doc
74cdf0bf86283b84__aug2_offline.jpg,4,74cdf0bf86283b84.jpg,doc
74cdf0bf86283b84__aug3_offline.jpg,4,74cdf0bf86283b84.jpg,doc
74e2e8c2461eca6a__aug0_offline.jpg,2,74e2e8c2461eca6a.jpg,non_doc
74e2e8c2461eca6a__aug1_offline.jpg,2,74e2e8c2461eca6a.jpg,non_doc
74e2e8c2461eca6a__aug2_offline.jpg,2,74e2e8c2461eca6a.jpg,non_doc
74e2e8c2461eca6a__aug3_offline.jpg,2,74e2e8c2461eca6a.jpg,non_doc
7505438c31496bee__aug0_offline.jpg,12,7505438c31496bee.jpg,doc
7505438c31496bee__aug1_offline.jpg,12,7505438c31496bee.jpg,doc
7505438c31496bee__aug2_offline.jpg,12,7505438c31496bee.jpg,doc
7505438c31496bee__aug3_offline.jpg,12,7505438c31496bee.jpg,doc
7508d0ccef20ee1e__aug0_offline.jpg,10,7508d0ccef20ee1e.jpg,doc
7508d0ccef20ee1e__aug1_offline.jpg,10,7508d0ccef20ee1e.jpg,doc
7508d0ccef20ee1e__aug2_offline.jpg,10,7508d0ccef20ee1e.jpg,doc
7508d0ccef20ee1e__aug3_offline.jpg,10,7508d0ccef20ee1e.jpg,doc
7525cd248ec56e2c__aug0_offline.jpg,10,7525cd248ec56e2c.jpg,doc
7525cd248ec56e2c__aug1_offline.jpg,10,7525cd248ec56e2c.jpg,doc
7525cd248ec56e2c__aug2_offline.jpg,10,7525cd248ec56e2c.jpg,doc
7525cd248ec56e2c__aug3_offline.jpg,10,7525cd248ec56e2c.jpg,doc
7530a83040316e47__aug0_offline.jpg,1,7530a83040316e47.jpg,doc
7530a83040316e47__aug1_offline.jpg,1,7530a83040316e47.jpg,doc
7530a83040316e47__aug2_offline.jpg,1,7530a83040316e47.jpg,doc
7530a83040316e47__aug3_offline.jpg,1,7530a83040316e47.jpg,doc
7530a83040316e47__aug4_offline.jpg,1,7530a83040316e47.jpg,doc
7530a83040316e47__aug5_offline.jpg,1,7530a83040316e47.jpg,doc
7530a83040316e47__aug6_offline.jpg,1,7530a83040316e47.jpg,doc
7530a83040316e47__aug7_offline.jpg,1,7530a83040316e47.jpg,doc
7530a83040316e47__aug8_offline.jpg,1,7530a83040316e47.jpg,doc
75495821840264c3__aug0_offline.jpg,2,75495821840264c3.jpg,non_doc
75495821840264c3__aug1_offline.jpg,2,75495821840264c3.jpg,non_doc
75495821840264c3__aug2_offline.jpg,2,75495821840264c3.jpg,non_doc
75495821840264c3__aug3_offline.jpg,2,75495821840264c3.jpg,non_doc
754e4dceff5995d5__aug0_offline.jpg,12,754e4dceff5995d5.jpg,doc
754e4dceff5995d5__aug1_offline.jpg,12,754e4dceff5995d5.jpg,doc
754e4dceff5995d5__aug2_offline.jpg,12,754e4dceff5995d5.jpg,doc
754e4dceff5995d5__aug3_offline.jpg,12,754e4dceff5995d5.jpg,doc
757fec90bcdd3dec__aug0_offline.jpg,3,757fec90bcdd3dec.jpg,doc
757fec90bcdd3dec__aug1_offline.jpg,3,757fec90bcdd3dec.jpg,doc
757fec90bcdd3dec__aug2_offline.jpg,3,757fec90bcdd3dec.jpg,doc
757fec90bcdd3dec__aug3_offline.jpg,3,757fec90bcdd3dec.jpg,doc
75c0ad5d412bde18__aug0_offline.jpg,8,75c0ad5d412bde18.jpg,card_like
75c0ad5d412bde18__aug1_offline.jpg,8,75c0ad5d412bde18.jpg,card_like
75c0ad5d412bde18__aug2_offline.jpg,8,75c0ad5d412bde18.jpg,card_like
75c0ad5d412bde18__aug3_offline.jpg,8,75c0ad5d412bde18.jpg,card_like
75e4e2d2146ddd2e__aug0_offline.jpg,9,75e4e2d2146ddd2e.jpg,card_like
75e4e2d2146ddd2e__aug1_offline.jpg,9,75e4e2d2146ddd2e.jpg,card_like
75e4e2d2146ddd2e__aug2_offline.jpg,9,75e4e2d2146ddd2e.jpg,card_like
75e4e2d2146ddd2e__aug3_offline.jpg,9,75e4e2d2146ddd2e.jpg,card_like
75efbb757e327459__aug0_offline.jpg,12,75efbb757e327459.jpg,doc
75efbb757e327459__aug1_offline.jpg,12,75efbb757e327459.jpg,doc
75efbb757e327459__aug2_offline.jpg,12,75efbb757e327459.jpg,doc
75efbb757e327459__aug3_offline.jpg,12,75efbb757e327459.jpg,doc
75fc96abad67684d__aug0_offline.jpg,3,75fc96abad67684d.jpg,doc
75fc96abad67684d__aug1_offline.jpg,3,75fc96abad67684d.jpg,doc
75fc96abad67684d__aug2_offline.jpg,3,75fc96abad67684d.jpg,doc
75fc96abad67684d__aug3_offline.jpg,3,75fc96abad67684d.jpg,doc
7619acf76043f672__aug0_offline.jpg,6,7619acf76043f672.jpg,doc
7619acf76043f672__aug1_offline.jpg,6,7619acf76043f672.jpg,doc
7619acf76043f672__aug2_offline.jpg,6,7619acf76043f672.jpg,doc
7619acf76043f672__aug3_offline.jpg,6,7619acf76043f672.jpg,doc
762842c6d662af02__aug0_offline.jpg,7,762842c6d662af02.jpg,doc
762842c6d662af02__aug1_offline.jpg,7,762842c6d662af02.jpg,doc
762842c6d662af02__aug2_offline.jpg,7,762842c6d662af02.jpg,doc
762842c6d662af02__aug3_offline.jpg,7,762842c6d662af02.jpg,doc
765341e233dcaa33__aug0_offline.jpg,0,765341e233dcaa33.jpg,doc
765341e233dcaa33__aug1_offline.jpg,0,765341e233dcaa33.jpg,doc
765341e233dcaa33__aug2_offline.jpg,0,765341e233dcaa33.jpg,doc
765341e233dcaa33__aug3_offline.jpg,0,765341e233dcaa33.jpg,doc
767a627b4b2d862a__aug0_offline.jpg,7,767a627b4b2d862a.jpg,doc
767a627b4b2d862a__aug1_offline.jpg,7,767a627b4b2d862a.jpg,doc
767a627b4b2d862a__aug2_offline.jpg,7,767a627b4b2d862a.jpg,doc
767a627b4b2d862a__aug3_offline.jpg,7,767a627b4b2d862a.jpg,doc
768545ba7f6fd580__aug0_offline.jpg,0,768545ba7f6fd580.jpg,doc
768545ba7f6fd580__aug1_offline.jpg,0,768545ba7f6fd580.jpg,doc
768545ba7f6fd580__aug2_offline.jpg,0,768545ba7f6fd580.jpg,doc
768545ba7f6fd580__aug3_offline.jpg,0,768545ba7f6fd580.jpg,doc
76a643f0d997792f__aug0_offline.jpg,8,76a643f0d997792f.jpg,card_like
76a643f0d997792f__aug1_offline.jpg,8,76a643f0d997792f.jpg,card_like
76a643f0d997792f__aug2_offline.jpg,8,76a643f0d997792f.jpg,card_like
76a643f0d997792f__aug3_offline.jpg,8,76a643f0d997792f.jpg,card_like
76b5c632711b3be0__aug0_offline.jpg,16,76b5c632711b3be0.jpg,non_doc
76b5c632711b3be0__aug1_offline.jpg,16,76b5c632711b3be0.jpg,non_doc
76b5c632711b3be0__aug2_offline.jpg,16,76b5c632711b3be0.jpg,non_doc
76b5c632711b3be0__aug3_offline.jpg,16,76b5c632711b3be0.jpg,non_doc
76d4152b6109538c__aug0_offline.jpg,15,76d4152b6109538c.jpg,doc
76d4152b6109538c__aug1_offline.jpg,15,76d4152b6109538c.jpg,doc
76d4152b6109538c__aug2_offline.jpg,15,76d4152b6109538c.jpg,doc
76d4152b6109538c__aug3_offline.jpg,15,76d4152b6109538c.jpg,doc
76ff32bef566bd38__aug0_offline.jpg,14,76ff32bef566bd38.jpg,doc
76ff32bef566bd38__aug1_offline.jpg,14,76ff32bef566bd38.jpg,doc
76ff32bef566bd38__aug2_offline.jpg,14,76ff32bef566bd38.jpg,doc
76ff32bef566bd38__aug3_offline.jpg,14,76ff32bef566bd38.jpg,doc
76ff32bef566bd38__aug4_offline.jpg,14,76ff32bef566bd38.jpg,doc
76ff32bef566bd38__aug5_offline.jpg,14,76ff32bef566bd38.jpg,doc
76ff32bef566bd38__aug6_offline.jpg,14,76ff32bef566bd38.jpg,doc
76ff32bef566bd38__aug7_offline.jpg,14,76ff32bef566bd38.jpg,doc
77549472e91854fe__aug0_offline.jpg,16,77549472e91854fe.jpg,non_doc
77549472e91854fe__aug1_offline.jpg,16,77549472e91854fe.jpg,non_doc
77549472e91854fe__aug2_offline.jpg,16,77549472e91854fe.jpg,non_doc
77549472e91854fe__aug3_offline.jpg,16,77549472e91854fe.jpg,non_doc
77595f4cd1a31f8a__aug0_offline.jpg,16,77595f4cd1a31f8a.jpg,non_doc
77595f4cd1a31f8a__aug1_offline.jpg,16,77595f4cd1a31f8a.jpg,non_doc
77595f4cd1a31f8a__aug2_offline.jpg,16,77595f4cd1a31f8a.jpg,non_doc
77595f4cd1a31f8a__aug3_offline.jpg,16,77595f4cd1a31f8a.jpg,non_doc
776f90fdda83d089__aug0_offline.jpg,16,776f90fdda83d089.jpg,non_doc
776f90fdda83d089__aug1_offline.jpg,16,776f90fdda83d089.jpg,non_doc
776f90fdda83d089__aug2_offline.jpg,16,776f90fdda83d089.jpg,non_doc
776f90fdda83d089__aug3_offline.jpg,16,776f90fdda83d089.jpg,non_doc
77e5c96da6c81a73__aug0_offline.jpg,7,77e5c96da6c81a73.jpg,doc
77e5c96da6c81a73__aug1_offline.jpg,7,77e5c96da6c81a73.jpg,doc
77e5c96da6c81a73__aug2_offline.jpg,7,77e5c96da6c81a73.jpg,doc
77e5c96da6c81a73__aug3_offline.jpg,7,77e5c96da6c81a73.jpg,doc
77f00ee49337ce33__aug0_offline.jpg,11,77f00ee49337ce33.jpg,doc
77f00ee49337ce33__aug1_offline.jpg,11,77f00ee49337ce33.jpg,doc
77f00ee49337ce33__aug2_offline.jpg,11,77f00ee49337ce33.jpg,doc
77f00ee49337ce33__aug3_offline.jpg,11,77f00ee49337ce33.jpg,doc
781f41d8469b6871__aug0_offline.jpg,5,781f41d8469b6871.jpg,card_like
781f41d8469b6871__aug1_offline.jpg,5,781f41d8469b6871.jpg,card_like
781f41d8469b6871__aug2_offline.jpg,5,781f41d8469b6871.jpg,card_like
781f41d8469b6871__aug3_offline.jpg,5,781f41d8469b6871.jpg,card_like
782b87f9c888e71e__aug0_offline.jpg,6,782b87f9c888e71e.jpg,doc
782b87f9c888e71e__aug1_offline.jpg,6,782b87f9c888e71e.jpg,doc
782b87f9c888e71e__aug2_offline.jpg,6,782b87f9c888e71e.jpg,doc
782b87f9c888e71e__aug3_offline.jpg,6,782b87f9c888e71e.jpg,doc
785860603a570231__aug0_offline.jpg,16,785860603a570231.jpg,non_doc
785860603a570231__aug1_offline.jpg,16,785860603a570231.jpg,non_doc
785860603a570231__aug2_offline.jpg,16,785860603a570231.jpg,non_doc
785860603a570231__aug3_offline.jpg,16,785860603a570231.jpg,non_doc
785c49e3d1d44486__aug0_offline.jpg,10,785c49e3d1d44486.jpg,doc
785c49e3d1d44486__aug1_offline.jpg,10,785c49e3d1d44486.jpg,doc
785c49e3d1d44486__aug2_offline.jpg,10,785c49e3d1d44486.jpg,doc
785c49e3d1d44486__aug3_offline.jpg,10,785c49e3d1d44486.jpg,doc
78b3f4f8fde4d8e5__aug0_offline.jpg,14,78b3f4f8fde4d8e5.jpg,doc
78b3f4f8fde4d8e5__aug1_offline.jpg,14,78b3f4f8fde4d8e5.jpg,doc
78b3f4f8fde4d8e5__aug2_offline.jpg,14,78b3f4f8fde4d8e5.jpg,doc
78b3f4f8fde4d8e5__aug3_offline.jpg,14,78b3f4f8fde4d8e5.jpg,doc
78b3f4f8fde4d8e5__aug4_offline.jpg,14,78b3f4f8fde4d8e5.jpg,doc
78b3f4f8fde4d8e5__aug5_offline.jpg,14,78b3f4f8fde4d8e5.jpg,doc
78b3f4f8fde4d8e5__aug6_offline.jpg,14,78b3f4f8fde4d8e5.jpg,doc
78b3f4f8fde4d8e5__aug7_offline.jpg,14,78b3f4f8fde4d8e5.jpg,doc
78da144ebc783909__aug0_offline.jpg,3,78da144ebc783909.jpg,doc
78da144ebc783909__aug1_offline.jpg,3,78da144ebc783909.jpg,doc
78da144ebc783909__aug2_offline.jpg,3,78da144ebc783909.jpg,doc
78da144ebc783909__aug3_offline.jpg,3,78da144ebc783909.jpg,doc
78e054806debb3d0__aug0_offline.jpg,9,78e054806debb3d0.jpg,card_like
78e054806debb3d0__aug1_offline.jpg,9,78e054806debb3d0.jpg,card_like
78e054806debb3d0__aug2_offline.jpg,9,78e054806debb3d0.jpg,card_like
78e054806debb3d0__aug3_offline.jpg,9,78e054806debb3d0.jpg,card_like
79463b3198120a5b__aug0_offline.jpg,12,79463b3198120a5b.jpg,doc
79463b3198120a5b__aug1_offline.jpg,12,79463b3198120a5b.jpg,doc
79463b3198120a5b__aug2_offline.jpg,12,79463b3198120a5b.jpg,doc
79463b3198120a5b__aug3_offline.jpg,12,79463b3198120a5b.jpg,doc
794779cd2ac51622__aug0_offline.jpg,1,794779cd2ac51622.jpg,doc
794779cd2ac51622__aug1_offline.jpg,1,794779cd2ac51622.jpg,doc
794779cd2ac51622__aug2_offline.jpg,1,794779cd2ac51622.jpg,doc
794779cd2ac51622__aug3_offline.jpg,1,794779cd2ac51622.jpg,doc
794779cd2ac51622__aug4_offline.jpg,1,794779cd2ac51622.jpg,doc
794779cd2ac51622__aug5_offline.jpg,1,794779cd2ac51622.jpg,doc
794779cd2ac51622__aug6_offline.jpg,1,794779cd2ac51622.jpg,doc
794779cd2ac51622__aug7_offline.jpg,1,794779cd2ac51622.jpg,doc
794779cd2ac51622__aug8_offline.jpg,1,794779cd2ac51622.jpg,doc
794938aa61f01452__aug0_offline.jpg,3,794938aa61f01452.jpg,doc
794938aa61f01452__aug1_offline.jpg,3,794938aa61f01452.jpg,doc
794938aa61f01452__aug2_offline.jpg,3,794938aa61f01452.jpg,doc
794938aa61f01452__aug3_offline.jpg,3,794938aa61f01452.jpg,doc
7960b14919ebf48a__aug0_offline.jpg,7,7960b14919ebf48a.jpg,doc
7960b14919ebf48a__aug1_offline.jpg,7,7960b14919ebf48a.jpg,doc
7960b14919ebf48a__aug2_offline.jpg,7,7960b14919ebf48a.jpg,doc
7960b14919ebf48a__aug3_offline.jpg,7,7960b14919ebf48a.jpg,doc
7970760bad68648a__aug0_offline.jpg,5,7970760bad68648a.jpg,card_like
7970760bad68648a__aug1_offline.jpg,5,7970760bad68648a.jpg,card_like
7970760bad68648a__aug2_offline.jpg,5,7970760bad68648a.jpg,card_like
7970760bad68648a__aug3_offline.jpg,5,7970760bad68648a.jpg,card_like
79b4985b91ddce77__aug0_offline.jpg,16,79b4985b91ddce77.jpg,non_doc
79b4985b91ddce77__aug1_offline.jpg,16,79b4985b91ddce77.jpg,non_doc
79b4985b91ddce77__aug2_offline.jpg,16,79b4985b91ddce77.jpg,non_doc
79b4985b91ddce77__aug3_offline.jpg,16,79b4985b91ddce77.jpg,non_doc
7a0874abecb8bf5a__aug0_offline.jpg,3,7a0874abecb8bf5a.jpg,doc
7a0874abecb8bf5a__aug1_offline.jpg,3,7a0874abecb8bf5a.jpg,doc
7a0874abecb8bf5a__aug2_offline.jpg,3,7a0874abecb8bf5a.jpg,doc
7a0874abecb8bf5a__aug3_offline.jpg,3,7a0874abecb8bf5a.jpg,doc
7a253a82f9c7f46b__aug0_offline.jpg,11,7a253a82f9c7f46b.jpg,doc
7a253a82f9c7f46b__aug1_offline.jpg,11,7a253a82f9c7f46b.jpg,doc
7a253a82f9c7f46b__aug2_offline.jpg,11,7a253a82f9c7f46b.jpg,doc
7a253a82f9c7f46b__aug3_offline.jpg,11,7a253a82f9c7f46b.jpg,doc
7a5c7b2d02f2dca6__aug0_offline.jpg,4,7a5c7b2d02f2dca6.jpg,doc
7a5c7b2d02f2dca6__aug1_offline.jpg,4,7a5c7b2d02f2dca6.jpg,doc
7a5c7b2d02f2dca6__aug2_offline.jpg,4,7a5c7b2d02f2dca6.jpg,doc
7a5c7b2d02f2dca6__aug3_offline.jpg,4,7a5c7b2d02f2dca6.jpg,doc
7a8291e3fc513778__aug0_offline.jpg,2,7a8291e3fc513778.jpg,non_doc
7a8291e3fc513778__aug1_offline.jpg,2,7a8291e3fc513778.jpg,non_doc
7a8291e3fc513778__aug2_offline.jpg,2,7a8291e3fc513778.jpg,non_doc
7a8291e3fc513778__aug3_offline.jpg,2,7a8291e3fc513778.jpg,non_doc
7a93daca774a4e3a__aug0_offline.jpg,11,7a93daca774a4e3a.jpg,doc
7a93daca774a4e3a__aug1_offline.jpg,11,7a93daca774a4e3a.jpg,doc
7a93daca774a4e3a__aug2_offline.jpg,11,7a93daca774a4e3a.jpg,doc
7a93daca774a4e3a__aug3_offline.jpg,11,7a93daca774a4e3a.jpg,doc
7ab2734fda8559de__aug0_offline.jpg,0,7ab2734fda8559de.jpg,doc
7ab2734fda8559de__aug1_offline.jpg,0,7ab2734fda8559de.jpg,doc
7ab2734fda8559de__aug2_offline.jpg,0,7ab2734fda8559de.jpg,doc
7ab2734fda8559de__aug3_offline.jpg,0,7ab2734fda8559de.jpg,doc
7ab983002722bfdd__aug0_offline.jpg,9,7ab983002722bfdd.jpg,card_like
7ab983002722bfdd__aug1_offline.jpg,9,7ab983002722bfdd.jpg,card_like
7ab983002722bfdd__aug2_offline.jpg,9,7ab983002722bfdd.jpg,card_like
7ab983002722bfdd__aug3_offline.jpg,9,7ab983002722bfdd.jpg,card_like
7acf0f2c4533e428__aug0_offline.jpg,13,7acf0f2c4533e428.jpg,doc
7acf0f2c4533e428__aug1_offline.jpg,13,7acf0f2c4533e428.jpg,doc
7acf0f2c4533e428__aug2_offline.jpg,13,7acf0f2c4533e428.jpg,doc
7acf0f2c4533e428__aug3_offline.jpg,13,7acf0f2c4533e428.jpg,doc
7ae55baa09533c1f__aug0_offline.jpg,4,7ae55baa09533c1f.jpg,doc
7ae55baa09533c1f__aug1_offline.jpg,4,7ae55baa09533c1f.jpg,doc
7ae55baa09533c1f__aug2_offline.jpg,4,7ae55baa09533c1f.jpg,doc
7ae55baa09533c1f__aug3_offline.jpg,4,7ae55baa09533c1f.jpg,doc
7b166a62c779efa4__aug0_offline.jpg,11,7b166a62c779efa4.jpg,doc
7b166a62c779efa4__aug1_offline.jpg,11,7b166a62c779efa4.jpg,doc
7b166a62c779efa4__aug2_offline.jpg,11,7b166a62c779efa4.jpg,doc
7b166a62c779efa4__aug3_offline.jpg,11,7b166a62c779efa4.jpg,doc
7b24704921b22122__aug0_offline.jpg,12,7b24704921b22122.jpg,doc
7b24704921b22122__aug1_offline.jpg,12,7b24704921b22122.jpg,doc
7b24704921b22122__aug2_offline.jpg,12,7b24704921b22122.jpg,doc
7b24704921b22122__aug3_offline.jpg,12,7b24704921b22122.jpg,doc
7b30b726a3fb7a14__aug0_offline.jpg,7,7b30b726a3fb7a14.jpg,doc
7b30b726a3fb7a14__aug1_offline.jpg,7,7b30b726a3fb7a14.jpg,doc
7b30b726a3fb7a14__aug2_offline.jpg,7,7b30b726a3fb7a14.jpg,doc
7b30b726a3fb7a14__aug3_offline.jpg,7,7b30b726a3fb7a14.jpg,doc
7b34791122902f7a__aug0_offline.jpg,1,7b34791122902f7a.jpg,doc
7b34791122902f7a__aug1_offline.jpg,1,7b34791122902f7a.jpg,doc
7b34791122902f7a__aug2_offline.jpg,1,7b34791122902f7a.jpg,doc
7b34791122902f7a__aug3_offline.jpg,1,7b34791122902f7a.jpg,doc
7b34791122902f7a__aug4_offline.jpg,1,7b34791122902f7a.jpg,doc
7b34791122902f7a__aug5_offline.jpg,1,7b34791122902f7a.jpg,doc
7b34791122902f7a__aug6_offline.jpg,1,7b34791122902f7a.jpg,doc
7b34791122902f7a__aug7_offline.jpg,1,7b34791122902f7a.jpg,doc
7b34791122902f7a__aug8_offline.jpg,1,7b34791122902f7a.jpg,doc
7b49170a9fd282ea__aug0_offline.jpg,8,7b49170a9fd282ea.jpg,card_like
7b49170a9fd282ea__aug1_offline.jpg,8,7b49170a9fd282ea.jpg,card_like
7b49170a9fd282ea__aug2_offline.jpg,8,7b49170a9fd282ea.jpg,card_like
7b49170a9fd282ea__aug3_offline.jpg,8,7b49170a9fd282ea.jpg,card_like
7b6175b967d7c92f__aug0_offline.jpg,3,7b6175b967d7c92f.jpg,doc
7b6175b967d7c92f__aug1_offline.jpg,3,7b6175b967d7c92f.jpg,doc
7b6175b967d7c92f__aug2_offline.jpg,3,7b6175b967d7c92f.jpg,doc
7b6175b967d7c92f__aug3_offline.jpg,3,7b6175b967d7c92f.jpg,doc
7ba159018cb5c499__aug0_offline.jpg,0,7ba159018cb5c499.jpg,doc
7ba159018cb5c499__aug1_offline.jpg,0,7ba159018cb5c499.jpg,doc
7ba159018cb5c499__aug2_offline.jpg,0,7ba159018cb5c499.jpg,doc
7ba159018cb5c499__aug3_offline.jpg,0,7ba159018cb5c499.jpg,doc
7bc3f5f4cc4f1873__aug0_offline.jpg,3,7bc3f5f4cc4f1873.jpg,doc
7bc3f5f4cc4f1873__aug1_offline.jpg,3,7bc3f5f4cc4f1873.jpg,doc
7bc3f5f4cc4f1873__aug2_offline.jpg,3,7bc3f5f4cc4f1873.jpg,doc
7bc3f5f4cc4f1873__aug3_offline.jpg,3,7bc3f5f4cc4f1873.jpg,doc
7bca7363a178647c__aug0_offline.jpg,5,7bca7363a178647c.jpg,card_like
7bca7363a178647c__aug1_offline.jpg,5,7bca7363a178647c.jpg,card_like
7bca7363a178647c__aug2_offline.jpg,5,7bca7363a178647c.jpg,card_like
7bca7363a178647c__aug3_offline.jpg,5,7bca7363a178647c.jpg,card_like
7bfc97dd53b51410__aug0_offline.jpg,8,7bfc97dd53b51410.jpg,card_like
7bfc97dd53b51410__aug1_offline.jpg,8,7bfc97dd53b51410.jpg,card_like
7bfc97dd53b51410__aug2_offline.jpg,8,7bfc97dd53b51410.jpg,card_like
7bfc97dd53b51410__aug3_offline.jpg,8,7bfc97dd53b51410.jpg,card_like
7c42f2261aedc210__aug0_offline.jpg,3,7c42f2261aedc210.jpg,doc
7c42f2261aedc210__aug1_offline.jpg,3,7c42f2261aedc210.jpg,doc
7c42f2261aedc210__aug2_offline.jpg,3,7c42f2261aedc210.jpg,doc
7c47da1439b3a661__aug0_offline.jpg,9,7c47da1439b3a661.jpg,card_like
7c47da1439b3a661__aug1_offline.jpg,9,7c47da1439b3a661.jpg,card_like
7c47da1439b3a661__aug2_offline.jpg,9,7c47da1439b3a661.jpg,card_like
7c47da1439b3a661__aug3_offline.jpg,9,7c47da1439b3a661.jpg,card_like
7c55b18fd58721bb__aug0_offline.jpg,10,7c55b18fd58721bb.jpg,doc
7c55b18fd58721bb__aug1_offline.jpg,10,7c55b18fd58721bb.jpg,doc
7c55b18fd58721bb__aug2_offline.jpg,10,7c55b18fd58721bb.jpg,doc
7c55b18fd58721bb__aug3_offline.jpg,10,7c55b18fd58721bb.jpg,doc
7c6dbe977e1eb23e__aug0_offline.jpg,9,7c6dbe977e1eb23e.jpg,card_like
7c6dbe977e1eb23e__aug1_offline.jpg,9,7c6dbe977e1eb23e.jpg,card_like
7c6dbe977e1eb23e__aug2_offline.jpg,9,7c6dbe977e1eb23e.jpg,card_like
7c6dbe977e1eb23e__aug3_offline.jpg,9,7c6dbe977e1eb23e.jpg,card_like
7c6fb8ca1b30ee46__aug0_offline.jpg,14,7c6fb8ca1b30ee46.jpg,doc
7c6fb8ca1b30ee46__aug1_offline.jpg,14,7c6fb8ca1b30ee46.jpg,doc
7c6fb8ca1b30ee46__aug2_offline.jpg,14,7c6fb8ca1b30ee46.jpg,doc
7c6fb8ca1b30ee46__aug3_offline.jpg,14,7c6fb8ca1b30ee46.jpg,doc
7c6fb8ca1b30ee46__aug4_offline.jpg,14,7c6fb8ca1b30ee46.jpg,doc
7c6fb8ca1b30ee46__aug5_offline.jpg,14,7c6fb8ca1b30ee46.jpg,doc
7c6fb8ca1b30ee46__aug6_offline.jpg,14,7c6fb8ca1b30ee46.jpg,doc
7c6fb8ca1b30ee46__aug7_offline.jpg,14,7c6fb8ca1b30ee46.jpg,doc
7c75b44fa4fb5c1f__aug0_offline.jpg,4,7c75b44fa4fb5c1f.jpg,doc
7c75b44fa4fb5c1f__aug1_offline.jpg,4,7c75b44fa4fb5c1f.jpg,doc
7c75b44fa4fb5c1f__aug2_offline.jpg,4,7c75b44fa4fb5c1f.jpg,doc
7c75b44fa4fb5c1f__aug3_offline.jpg,4,7c75b44fa4fb5c1f.jpg,doc
7cca99483bd473f0__aug0_offline.jpg,9,7cca99483bd473f0.jpg,card_like
7cca99483bd473f0__aug1_offline.jpg,9,7cca99483bd473f0.jpg,card_like
7cca99483bd473f0__aug2_offline.jpg,9,7cca99483bd473f0.jpg,card_like
7cca99483bd473f0__aug3_offline.jpg,9,7cca99483bd473f0.jpg,card_like
7ce5e5dc4eb34620__aug0_offline.jpg,9,7ce5e5dc4eb34620.jpg,card_like
7ce5e5dc4eb34620__aug1_offline.jpg,9,7ce5e5dc4eb34620.jpg,card_like
7ce5e5dc4eb34620__aug2_offline.jpg,9,7ce5e5dc4eb34620.jpg,card_like
7ce5e5dc4eb34620__aug3_offline.jpg,9,7ce5e5dc4eb34620.jpg,card_like
7d42ded7563626a4__aug0_offline.jpg,3,7d42ded7563626a4.jpg,doc
7d42ded7563626a4__aug1_offline.jpg,3,7d42ded7563626a4.jpg,doc
7d42ded7563626a4__aug2_offline.jpg,3,7d42ded7563626a4.jpg,doc
7d51a58b5aa532fc__aug0_offline.jpg,9,7d51a58b5aa532fc.jpg,card_like
7d51a58b5aa532fc__aug1_offline.jpg,9,7d51a58b5aa532fc.jpg,card_like
7d51a58b5aa532fc__aug2_offline.jpg,9,7d51a58b5aa532fc.jpg,card_like
7d51a58b5aa532fc__aug3_offline.jpg,9,7d51a58b5aa532fc.jpg,card_like
7dbf8f668b479f2f__aug0_offline.jpg,11,7dbf8f668b479f2f.jpg,doc
7dbf8f668b479f2f__aug1_offline.jpg,11,7dbf8f668b479f2f.jpg,doc
7dbf8f668b479f2f__aug2_offline.jpg,11,7dbf8f668b479f2f.jpg,doc
7dbf8f668b479f2f__aug3_offline.jpg,11,7dbf8f668b479f2f.jpg,doc
7e0055ffb2289efb__aug0_offline.jpg,2,7e0055ffb2289efb.jpg,non_doc
7e0055ffb2289efb__aug1_offline.jpg,2,7e0055ffb2289efb.jpg,non_doc
7e0055ffb2289efb__aug2_offline.jpg,2,7e0055ffb2289efb.jpg,non_doc
7e0055ffb2289efb__aug3_offline.jpg,2,7e0055ffb2289efb.jpg,non_doc
7e6db317ae0f6798__aug0_offline.jpg,0,7e6db317ae0f6798.jpg,doc
7e6db317ae0f6798__aug1_offline.jpg,0,7e6db317ae0f6798.jpg,doc
7e6db317ae0f6798__aug2_offline.jpg,0,7e6db317ae0f6798.jpg,doc
7e6db317ae0f6798__aug3_offline.jpg,0,7e6db317ae0f6798.jpg,doc
7e99488642b706df__aug0_offline.jpg,9,7e99488642b706df.jpg,card_like
7e99488642b706df__aug1_offline.jpg,9,7e99488642b706df.jpg,card_like
7e99488642b706df__aug2_offline.jpg,9,7e99488642b706df.jpg,card_like
7e99488642b706df__aug3_offline.jpg,9,7e99488642b706df.jpg,card_like
7e9e5fed6c7748b8__aug0_offline.jpg,13,7e9e5fed6c7748b8.jpg,doc
7e9e5fed6c7748b8__aug1_offline.jpg,13,7e9e5fed6c7748b8.jpg,doc
7e9e5fed6c7748b8__aug2_offline.jpg,13,7e9e5fed6c7748b8.jpg,doc
7e9e5fed6c7748b8__aug3_offline.jpg,13,7e9e5fed6c7748b8.jpg,doc
7ef2b4e1897c690e__aug0_offline.jpg,4,7ef2b4e1897c690e.jpg,doc
7ef2b4e1897c690e__aug1_offline.jpg,4,7ef2b4e1897c690e.jpg,doc
7ef2b4e1897c690e__aug2_offline.jpg,4,7ef2b4e1897c690e.jpg,doc
7ef2b4e1897c690e__aug3_offline.jpg,4,7ef2b4e1897c690e.jpg,doc
7f23b9ae37e539ea__aug0_offline.jpg,1,7f23b9ae37e539ea.jpg,doc
7f23b9ae37e539ea__aug1_offline.jpg,1,7f23b9ae37e539ea.jpg,doc
7f23b9ae37e539ea__aug2_offline.jpg,1,7f23b9ae37e539ea.jpg,doc
7f23b9ae37e539ea__aug3_offline.jpg,1,7f23b9ae37e539ea.jpg,doc
7f23b9ae37e539ea__aug4_offline.jpg,1,7f23b9ae37e539ea.jpg,doc
7f23b9ae37e539ea__aug5_offline.jpg,1,7f23b9ae37e539ea.jpg,doc
7f23b9ae37e539ea__aug6_offline.jpg,1,7f23b9ae37e539ea.jpg,doc
7f23b9ae37e539ea__aug7_offline.jpg,1,7f23b9ae37e539ea.jpg,doc
7f23b9ae37e539ea__aug8_offline.jpg,1,7f23b9ae37e539ea.jpg,doc
7f264f1599b1a740__aug0_offline.jpg,16,7f264f1599b1a740.jpg,non_doc
7f264f1599b1a740__aug1_offline.jpg,16,7f264f1599b1a740.jpg,non_doc
7f264f1599b1a740__aug2_offline.jpg,16,7f264f1599b1a740.jpg,non_doc
7f264f1599b1a740__aug3_offline.jpg,16,7f264f1599b1a740.jpg,non_doc
8034f6c5674487ff__aug0_offline.jpg,12,8034f6c5674487ff.jpg,doc
8034f6c5674487ff__aug1_offline.jpg,12,8034f6c5674487ff.jpg,doc
8034f6c5674487ff__aug2_offline.jpg,12,8034f6c5674487ff.jpg,doc
8034f6c5674487ff__aug3_offline.jpg,12,8034f6c5674487ff.jpg,doc
8071934820f18a2e__aug0_offline.jpg,9,8071934820f18a2e.jpg,card_like
8071934820f18a2e__aug1_offline.jpg,9,8071934820f18a2e.jpg,card_like
8071934820f18a2e__aug2_offline.jpg,9,8071934820f18a2e.jpg,card_like
8071934820f18a2e__aug3_offline.jpg,9,8071934820f18a2e.jpg,card_like
80a6534b0c0b12e3__aug0_offline.jpg,8,80a6534b0c0b12e3.jpg,card_like
80a6534b0c0b12e3__aug1_offline.jpg,8,80a6534b0c0b12e3.jpg,card_like
80a6534b0c0b12e3__aug2_offline.jpg,8,80a6534b0c0b12e3.jpg,card_like
80a6534b0c0b12e3__aug3_offline.jpg,8,80a6534b0c0b12e3.jpg,card_like
80d85bb2bd481cff__aug0_offline.jpg,15,80d85bb2bd481cff.jpg,doc
80d85bb2bd481cff__aug1_offline.jpg,15,80d85bb2bd481cff.jpg,doc
80d85bb2bd481cff__aug2_offline.jpg,15,80d85bb2bd481cff.jpg,doc
80d85bb2bd481cff__aug3_offline.jpg,15,80d85bb2bd481cff.jpg,doc
80f998b8dd043ab3__aug0_offline.jpg,14,80f998b8dd043ab3.jpg,doc
80f998b8dd043ab3__aug1_offline.jpg,14,80f998b8dd043ab3.jpg,doc
80f998b8dd043ab3__aug2_offline.jpg,14,80f998b8dd043ab3.jpg,doc
80f998b8dd043ab3__aug3_offline.jpg,14,80f998b8dd043ab3.jpg,doc
80f998b8dd043ab3__aug4_offline.jpg,14,80f998b8dd043ab3.jpg,doc
80f998b8dd043ab3__aug5_offline.jpg,14,80f998b8dd043ab3.jpg,doc
80f998b8dd043ab3__aug6_offline.jpg,14,80f998b8dd043ab3.jpg,doc
80f998b8dd043ab3__aug7_offline.jpg,14,80f998b8dd043ab3.jpg,doc
80fc982d6dd12c96__aug0_offline.jpg,3,80fc982d6dd12c96.jpg,doc
80fc982d6dd12c96__aug1_offline.jpg,3,80fc982d6dd12c96.jpg,doc
80fc982d6dd12c96__aug2_offline.jpg,3,80fc982d6dd12c96.jpg,doc
80fe3a6b9c2f94d1__aug0_offline.jpg,8,80fe3a6b9c2f94d1.jpg,card_like
80fe3a6b9c2f94d1__aug1_offline.jpg,8,80fe3a6b9c2f94d1.jpg,card_like
80fe3a6b9c2f94d1__aug2_offline.jpg,8,80fe3a6b9c2f94d1.jpg,card_like
80fe3a6b9c2f94d1__aug3_offline.jpg,8,80fe3a6b9c2f94d1.jpg,card_like
8109cf3051389336__aug0_offline.jpg,6,8109cf3051389336.jpg,doc
8109cf3051389336__aug1_offline.jpg,6,8109cf3051389336.jpg,doc
8109cf3051389336__aug2_offline.jpg,6,8109cf3051389336.jpg,doc
8109cf3051389336__aug3_offline.jpg,6,8109cf3051389336.jpg,doc
8140a29253d51e15__aug0_offline.jpg,6,8140a29253d51e15.jpg,doc
8140a29253d51e15__aug1_offline.jpg,6,8140a29253d51e15.jpg,doc
8140a29253d51e15__aug2_offline.jpg,6,8140a29253d51e15.jpg,doc
8140a29253d51e15__aug3_offline.jpg,6,8140a29253d51e15.jpg,doc
8145e009ad6dd52d__aug0_offline.jpg,12,8145e009ad6dd52d.jpg,doc
8145e009ad6dd52d__aug1_offline.jpg,12,8145e009ad6dd52d.jpg,doc
8145e009ad6dd52d__aug2_offline.jpg,12,8145e009ad6dd52d.jpg,doc
8145e009ad6dd52d__aug3_offline.jpg,12,8145e009ad6dd52d.jpg,doc
8189f3a50f102070__aug0_offline.jpg,2,8189f3a50f102070.jpg,non_doc
8189f3a50f102070__aug1_offline.jpg,2,8189f3a50f102070.jpg,non_doc
8189f3a50f102070__aug2_offline.jpg,2,8189f3a50f102070.jpg,non_doc
8189f3a50f102070__aug3_offline.jpg,2,8189f3a50f102070.jpg,non_doc
81ca8f684b6aee30__aug0_offline.jpg,7,81ca8f684b6aee30.jpg,doc
81ca8f684b6aee30__aug1_offline.jpg,7,81ca8f684b6aee30.jpg,doc
81ca8f684b6aee30__aug2_offline.jpg,7,81ca8f684b6aee30.jpg,doc
81dbdb42bedcde5e__aug0_offline.jpg,4,81dbdb42bedcde5e.jpg,doc
81dbdb42bedcde5e__aug1_offline.jpg,4,81dbdb42bedcde5e.jpg,doc
81dbdb42bedcde5e__aug2_offline.jpg,4,81dbdb42bedcde5e.jpg,doc
81dbdb42bedcde5e__aug3_offline.jpg,4,81dbdb42bedcde5e.jpg,doc
81e5282c3c19a13b__aug0_offline.jpg,13,81e5282c3c19a13b.jpg,doc
81e5282c3c19a13b__aug1_offline.jpg,13,81e5282c3c19a13b.jpg,doc
81e5282c3c19a13b__aug2_offline.jpg,13,81e5282c3c19a13b.jpg,doc
81e5282c3c19a13b__aug3_offline.jpg,13,81e5282c3c19a13b.jpg,doc
822f9d89d790a354__aug0_offline.jpg,12,822f9d89d790a354.jpg,doc
822f9d89d790a354__aug1_offline.jpg,12,822f9d89d790a354.jpg,doc
822f9d89d790a354__aug2_offline.jpg,12,822f9d89d790a354.jpg,doc
822f9d89d790a354__aug3_offline.jpg,12,822f9d89d790a354.jpg,doc
824f40bb56fb0e4d__aug0_offline.jpg,15,824f40bb56fb0e4d.jpg,doc
824f40bb56fb0e4d__aug1_offline.jpg,15,824f40bb56fb0e4d.jpg,doc
824f40bb56fb0e4d__aug2_offline.jpg,15,824f40bb56fb0e4d.jpg,doc
824f40bb56fb0e4d__aug3_offline.jpg,15,824f40bb56fb0e4d.jpg,doc
8277bf9d16311e62__aug0_offline.jpg,11,8277bf9d16311e62.jpg,doc
8277bf9d16311e62__aug1_offline.jpg,11,8277bf9d16311e62.jpg,doc
8277bf9d16311e62__aug2_offline.jpg,11,8277bf9d16311e62.jpg,doc
8277bf9d16311e62__aug3_offline.jpg,11,8277bf9d16311e62.jpg,doc
82b19ea64a4ea2dc__aug0_offline.jpg,7,82b19ea64a4ea2dc.jpg,doc
82b19ea64a4ea2dc__aug1_offline.jpg,7,82b19ea64a4ea2dc.jpg,doc
82b19ea64a4ea2dc__aug2_offline.jpg,7,82b19ea64a4ea2dc.jpg,doc
831e7c40b7700f27__aug0_offline.jpg,7,831e7c40b7700f27.jpg,doc
831e7c40b7700f27__aug1_offline.jpg,7,831e7c40b7700f27.jpg,doc
831e7c40b7700f27__aug2_offline.jpg,7,831e7c40b7700f27.jpg,doc
83417d8b7e02a45f__aug0_offline.jpg,3,83417d8b7e02a45f.jpg,doc
83417d8b7e02a45f__aug1_offline.jpg,3,83417d8b7e02a45f.jpg,doc
83417d8b7e02a45f__aug2_offline.jpg,3,83417d8b7e02a45f.jpg,doc
8345196de286a646__aug0_offline.jpg,14,8345196de286a646.jpg,doc
8345196de286a646__aug1_offline.jpg,14,8345196de286a646.jpg,doc
8345196de286a646__aug2_offline.jpg,14,8345196de286a646.jpg,doc
8345196de286a646__aug3_offline.jpg,14,8345196de286a646.jpg,doc
8345196de286a646__aug4_offline.jpg,14,8345196de286a646.jpg,doc
8345196de286a646__aug5_offline.jpg,14,8345196de286a646.jpg,doc
8345196de286a646__aug6_offline.jpg,14,8345196de286a646.jpg,doc
8345196de286a646__aug7_offline.jpg,14,8345196de286a646.jpg,doc
83623d4acfbed22d__aug0_offline.jpg,8,83623d4acfbed22d.jpg,card_like
83623d4acfbed22d__aug1_offline.jpg,8,83623d4acfbed22d.jpg,card_like
83623d4acfbed22d__aug2_offline.jpg,8,83623d4acfbed22d.jpg,card_like
83623d4acfbed22d__aug3_offline.jpg,8,83623d4acfbed22d.jpg,card_like
836ea26ba4211e4d__aug0_offline.jpg,4,836ea26ba4211e4d.jpg,doc
836ea26ba4211e4d__aug1_offline.jpg,4,836ea26ba4211e4d.jpg,doc
836ea26ba4211e4d__aug2_offline.jpg,4,836ea26ba4211e4d.jpg,doc
836ea26ba4211e4d__aug3_offline.jpg,4,836ea26ba4211e4d.jpg,doc
8392719a0503153f__aug0_offline.jpg,7,8392719a0503153f.jpg,doc
8392719a0503153f__aug1_offline.jpg,7,8392719a0503153f.jpg,doc
8392719a0503153f__aug2_offline.jpg,7,8392719a0503153f.jpg,doc
83be41b75fd51b95__aug0_offline.jpg,7,83be41b75fd51b95.jpg,doc
83be41b75fd51b95__aug1_offline.jpg,7,83be41b75fd51b95.jpg,doc
83be41b75fd51b95__aug2_offline.jpg,7,83be41b75fd51b95.jpg,doc
83dae58025c2e2be__aug0_offline.jpg,11,83dae58025c2e2be.jpg,doc
83dae58025c2e2be__aug1_offline.jpg,11,83dae58025c2e2be.jpg,doc
83dae58025c2e2be__aug2_offline.jpg,11,83dae58025c2e2be.jpg,doc
83dae58025c2e2be__aug3_offline.jpg,11,83dae58025c2e2be.jpg,doc
83f03da25eb699f9__aug0_offline.jpg,11,83f03da25eb699f9.jpg,doc
83f03da25eb699f9__aug1_offline.jpg,11,83f03da25eb699f9.jpg,doc
83f03da25eb699f9__aug2_offline.jpg,11,83f03da25eb699f9.jpg,doc
83f03da25eb699f9__aug3_offline.jpg,11,83f03da25eb699f9.jpg,doc
840472f4cb2d7f5b__aug0_offline.jpg,12,840472f4cb2d7f5b.jpg,doc
840472f4cb2d7f5b__aug1_offline.jpg,12,840472f4cb2d7f5b.jpg,doc
840472f4cb2d7f5b__aug2_offline.jpg,12,840472f4cb2d7f5b.jpg,doc
840472f4cb2d7f5b__aug3_offline.jpg,12,840472f4cb2d7f5b.jpg,doc
840c53f776730ffe__aug0_offline.jpg,14,840c53f776730ffe.jpg,doc
840c53f776730ffe__aug1_offline.jpg,14,840c53f776730ffe.jpg,doc
840c53f776730ffe__aug2_offline.jpg,14,840c53f776730ffe.jpg,doc
840c53f776730ffe__aug3_offline.jpg,14,840c53f776730ffe.jpg,doc
840c53f776730ffe__aug4_offline.jpg,14,840c53f776730ffe.jpg,doc
840c53f776730ffe__aug5_offline.jpg,14,840c53f776730ffe.jpg,doc
840c53f776730ffe__aug6_offline.jpg,14,840c53f776730ffe.jpg,doc
840c53f776730ffe__aug7_offline.jpg,14,840c53f776730ffe.jpg,doc
845fa55f9af2971e__aug0_offline.jpg,4,845fa55f9af2971e.jpg,doc
845fa55f9af2971e__aug1_offline.jpg,4,845fa55f9af2971e.jpg,doc
845fa55f9af2971e__aug2_offline.jpg,4,845fa55f9af2971e.jpg,doc
845fa55f9af2971e__aug3_offline.jpg,4,845fa55f9af2971e.jpg,doc
84ba3fe34d86a6ea__aug0_offline.jpg,6,84ba3fe34d86a6ea.jpg,doc
84ba3fe34d86a6ea__aug1_offline.jpg,6,84ba3fe34d86a6ea.jpg,doc
84ba3fe34d86a6ea__aug2_offline.jpg,6,84ba3fe34d86a6ea.jpg,doc
84ba3fe34d86a6ea__aug3_offline.jpg,6,84ba3fe34d86a6ea.jpg,doc
84effa5e8f21ae90__aug0_offline.jpg,7,84effa5e8f21ae90.jpg,doc
84effa5e8f21ae90__aug1_offline.jpg,7,84effa5e8f21ae90.jpg,doc
84effa5e8f21ae90__aug2_offline.jpg,7,84effa5e8f21ae90.jpg,doc
8513926fb711c64f__aug0_offline.jpg,12,8513926fb711c64f.jpg,doc
8513926fb711c64f__aug1_offline.jpg,12,8513926fb711c64f.jpg,doc
8513926fb711c64f__aug2_offline.jpg,12,8513926fb711c64f.jpg,doc
8513926fb711c64f__aug3_offline.jpg,12,8513926fb711c64f.jpg,doc
852a9eabe6fb3d1a__aug0_offline.jpg,2,852a9eabe6fb3d1a.jpg,non_doc
852a9eabe6fb3d1a__aug1_offline.jpg,2,852a9eabe6fb3d1a.jpg,non_doc
852a9eabe6fb3d1a__aug2_offline.jpg,2,852a9eabe6fb3d1a.jpg,non_doc
852a9eabe6fb3d1a__aug3_offline.jpg,2,852a9eabe6fb3d1a.jpg,non_doc
8536be68aff02bad__aug0_offline.jpg,8,8536be68aff02bad.jpg,card_like
8536be68aff02bad__aug1_offline.jpg,8,8536be68aff02bad.jpg,card_like
8536be68aff02bad__aug2_offline.jpg,8,8536be68aff02bad.jpg,card_like
8536be68aff02bad__aug3_offline.jpg,8,8536be68aff02bad.jpg,card_like
8595a16cf5971251__aug0_offline.jpg,4,8595a16cf5971251.jpg,doc
8595a16cf5971251__aug1_offline.jpg,4,8595a16cf5971251.jpg,doc
8595a16cf5971251__aug2_offline.jpg,4,8595a16cf5971251.jpg,doc
8595a16cf5971251__aug3_offline.jpg,4,8595a16cf5971251.jpg,doc
85abfc517a6b2e9a__aug0_offline.jpg,12,85abfc517a6b2e9a.jpg,doc
85abfc517a6b2e9a__aug1_offline.jpg,12,85abfc517a6b2e9a.jpg,doc
85abfc517a6b2e9a__aug2_offline.jpg,12,85abfc517a6b2e9a.jpg,doc
85abfc517a6b2e9a__aug3_offline.jpg,12,85abfc517a6b2e9a.jpg,doc
85bf897665f00361__aug0_offline.jpg,4,85bf897665f00361.jpg,doc
85bf897665f00361__aug1_offline.jpg,4,85bf897665f00361.jpg,doc
85bf897665f00361__aug2_offline.jpg,4,85bf897665f00361.jpg,doc
85bf897665f00361__aug3_offline.jpg,4,85bf897665f00361.jpg,doc
8626caa67beae2f0__aug0_offline.jpg,8,8626caa67beae2f0.jpg,card_like
8626caa67beae2f0__aug1_offline.jpg,8,8626caa67beae2f0.jpg,card_like
8626caa67beae2f0__aug2_offline.jpg,8,8626caa67beae2f0.jpg,card_like
8626caa67beae2f0__aug3_offline.jpg,8,8626caa67beae2f0.jpg,card_like
86363da117fc12f1__aug0_offline.jpg,8,86363da117fc12f1.jpg,card_like
86363da117fc12f1__aug1_offline.jpg,8,86363da117fc12f1.jpg,card_like
86363da117fc12f1__aug2_offline.jpg,8,86363da117fc12f1.jpg,card_like
86363da117fc12f1__aug3_offline.jpg,8,86363da117fc12f1.jpg,card_like
8646f2c3280a4f49__aug0_offline.jpg,3,8646f2c3280a4f49.jpg,doc
8646f2c3280a4f49__aug1_offline.jpg,3,8646f2c3280a4f49.jpg,doc
8646f2c3280a4f49__aug2_offline.jpg,3,8646f2c3280a4f49.jpg,doc
868488f5c4d60f6b__aug0_offline.jpg,5,868488f5c4d60f6b.jpg,card_like
868488f5c4d60f6b__aug1_offline.jpg,5,868488f5c4d60f6b.jpg,card_like
868488f5c4d60f6b__aug2_offline.jpg,5,868488f5c4d60f6b.jpg,card_like
868488f5c4d60f6b__aug3_offline.jpg,5,868488f5c4d60f6b.jpg,card_like
8697260b366876a9__aug0_offline.jpg,5,8697260b366876a9.jpg,card_like
8697260b366876a9__aug1_offline.jpg,5,8697260b366876a9.jpg,card_like
8697260b366876a9__aug2_offline.jpg,5,8697260b366876a9.jpg,card_like
8697260b366876a9__aug3_offline.jpg,5,8697260b366876a9.jpg,card_like
8705d822732b6be7__aug0_offline.jpg,5,8705d822732b6be7.jpg,card_like
8705d822732b6be7__aug1_offline.jpg,5,8705d822732b6be7.jpg,card_like
8705d822732b6be7__aug2_offline.jpg,5,8705d822732b6be7.jpg,card_like
8705d822732b6be7__aug3_offline.jpg,5,8705d822732b6be7.jpg,card_like
870e37a56286f13c__aug0_offline.jpg,13,870e37a56286f13c.jpg,doc
870e37a56286f13c__aug1_offline.jpg,13,870e37a56286f13c.jpg,doc
870e37a56286f13c__aug2_offline.jpg,13,870e37a56286f13c.jpg,doc
870e37a56286f13c__aug3_offline.jpg,13,870e37a56286f13c.jpg,doc
87582703d287fb2d__aug0_offline.jpg,2,87582703d287fb2d.jpg,non_doc
87582703d287fb2d__aug1_offline.jpg,2,87582703d287fb2d.jpg,non_doc
87582703d287fb2d__aug2_offline.jpg,2,87582703d287fb2d.jpg,non_doc
87582703d287fb2d__aug3_offline.jpg,2,87582703d287fb2d.jpg,non_doc
8784cdf5c5549c8b__aug0_offline.jpg,3,8784cdf5c5549c8b.jpg,doc
8784cdf5c5549c8b__aug1_offline.jpg,3,8784cdf5c5549c8b.jpg,doc
8784cdf5c5549c8b__aug2_offline.jpg,3,8784cdf5c5549c8b.jpg,doc
8786ec88edd5b15b__aug0_offline.jpg,0,8786ec88edd5b15b.jpg,doc
8786ec88edd5b15b__aug1_offline.jpg,0,8786ec88edd5b15b.jpg,doc
8786ec88edd5b15b__aug2_offline.jpg,0,8786ec88edd5b15b.jpg,doc
8786ec88edd5b15b__aug3_offline.jpg,0,8786ec88edd5b15b.jpg,doc
878870db1b71a44c__aug0_offline.jpg,10,878870db1b71a44c.jpg,doc
878870db1b71a44c__aug1_offline.jpg,10,878870db1b71a44c.jpg,doc
878870db1b71a44c__aug2_offline.jpg,10,878870db1b71a44c.jpg,doc
878870db1b71a44c__aug3_offline.jpg,10,878870db1b71a44c.jpg,doc
88478aa0be9cff21__aug0_offline.jpg,4,88478aa0be9cff21.jpg,doc
88478aa0be9cff21__aug1_offline.jpg,4,88478aa0be9cff21.jpg,doc
88478aa0be9cff21__aug2_offline.jpg,4,88478aa0be9cff21.jpg,doc
88478aa0be9cff21__aug3_offline.jpg,4,88478aa0be9cff21.jpg,doc
885e3733e3860193__aug0_offline.jpg,4,885e3733e3860193.jpg,doc
885e3733e3860193__aug1_offline.jpg,4,885e3733e3860193.jpg,doc
885e3733e3860193__aug2_offline.jpg,4,885e3733e3860193.jpg,doc
885e3733e3860193__aug3_offline.jpg,4,885e3733e3860193.jpg,doc
885f2035f7ad26fa__aug0_offline.jpg,10,885f2035f7ad26fa.jpg,doc
885f2035f7ad26fa__aug1_offline.jpg,10,885f2035f7ad26fa.jpg,doc
885f2035f7ad26fa__aug2_offline.jpg,10,885f2035f7ad26fa.jpg,doc
885f2035f7ad26fa__aug3_offline.jpg,10,885f2035f7ad26fa.jpg,doc
8896e2785aae4234__aug0_offline.jpg,2,8896e2785aae4234.jpg,non_doc
8896e2785aae4234__aug1_offline.jpg,2,8896e2785aae4234.jpg,non_doc
8896e2785aae4234__aug2_offline.jpg,2,8896e2785aae4234.jpg,non_doc
8896e2785aae4234__aug3_offline.jpg,2,8896e2785aae4234.jpg,non_doc
88c917b4708fb4d0__aug0_offline.jpg,7,88c917b4708fb4d0.jpg,doc
88c917b4708fb4d0__aug1_offline.jpg,7,88c917b4708fb4d0.jpg,doc
88c917b4708fb4d0__aug2_offline.jpg,7,88c917b4708fb4d0.jpg,doc
88eb38975f285b72__aug0_offline.jpg,9,88eb38975f285b72.jpg,card_like
88eb38975f285b72__aug1_offline.jpg,9,88eb38975f285b72.jpg,card_like
88eb38975f285b72__aug2_offline.jpg,9,88eb38975f285b72.jpg,card_like
88eb38975f285b72__aug3_offline.jpg,9,88eb38975f285b72.jpg,card_like
88ede47bff8fe527__aug0_offline.jpg,10,88ede47bff8fe527.jpg,doc
88ede47bff8fe527__aug1_offline.jpg,10,88ede47bff8fe527.jpg,doc
88ede47bff8fe527__aug2_offline.jpg,10,88ede47bff8fe527.jpg,doc
88ede47bff8fe527__aug3_offline.jpg,10,88ede47bff8fe527.jpg,doc
891306f615d54cc0__aug0_offline.jpg,10,891306f615d54cc0.jpg,doc
891306f615d54cc0__aug1_offline.jpg,10,891306f615d54cc0.jpg,doc
891306f615d54cc0__aug2_offline.jpg,10,891306f615d54cc0.jpg,doc
8915a47b5b1ec970__aug0_offline.jpg,15,8915a47b5b1ec970.jpg,doc
8915a47b5b1ec970__aug1_offline.jpg,15,8915a47b5b1ec970.jpg,doc
8915a47b5b1ec970__aug2_offline.jpg,15,8915a47b5b1ec970.jpg,doc
8915a47b5b1ec970__aug3_offline.jpg,15,8915a47b5b1ec970.jpg,doc
892f7e96473b3d33__aug0_offline.jpg,4,892f7e96473b3d33.jpg,doc
892f7e96473b3d33__aug1_offline.jpg,4,892f7e96473b3d33.jpg,doc
892f7e96473b3d33__aug2_offline.jpg,4,892f7e96473b3d33.jpg,doc
892f7e96473b3d33__aug3_offline.jpg,4,892f7e96473b3d33.jpg,doc
897eba0b45163f57__aug0_offline.jpg,0,897eba0b45163f57.jpg,doc
897eba0b45163f57__aug1_offline.jpg,0,897eba0b45163f57.jpg,doc
897eba0b45163f57__aug2_offline.jpg,0,897eba0b45163f57.jpg,doc
897eba0b45163f57__aug3_offline.jpg,0,897eba0b45163f57.jpg,doc
898368eb7ad07511__aug0_offline.jpg,2,898368eb7ad07511.jpg,non_doc
898368eb7ad07511__aug1_offline.jpg,2,898368eb7ad07511.jpg,non_doc
898368eb7ad07511__aug2_offline.jpg,2,898368eb7ad07511.jpg,non_doc
898368eb7ad07511__aug3_offline.jpg,2,898368eb7ad07511.jpg,non_doc
89d732f04315272b__aug0_offline.jpg,13,89d732f04315272b.jpg,doc
89d732f04315272b__aug1_offline.jpg,13,89d732f04315272b.jpg,doc
89d732f04315272b__aug2_offline.jpg,13,89d732f04315272b.jpg,doc
89d732f04315272b__aug3_offline.jpg,13,89d732f04315272b.jpg,doc
89d9f15b59eab688__aug0_offline.jpg,4,89d9f15b59eab688.jpg,doc
89d9f15b59eab688__aug1_offline.jpg,4,89d9f15b59eab688.jpg,doc
89d9f15b59eab688__aug2_offline.jpg,4,89d9f15b59eab688.jpg,doc
89d9f15b59eab688__aug3_offline.jpg,4,89d9f15b59eab688.jpg,doc
8a98695fe6bd158c__aug0_offline.jpg,13,8a98695fe6bd158c.jpg,doc
8a98695fe6bd158c__aug1_offline.jpg,13,8a98695fe6bd158c.jpg,doc
8a98695fe6bd158c__aug2_offline.jpg,13,8a98695fe6bd158c.jpg,doc
8a98695fe6bd158c__aug3_offline.jpg,13,8a98695fe6bd158c.jpg,doc
8abf13da265d3c9c__aug0_offline.jpg,15,8abf13da265d3c9c.jpg,doc
8abf13da265d3c9c__aug1_offline.jpg,15,8abf13da265d3c9c.jpg,doc
8abf13da265d3c9c__aug2_offline.jpg,15,8abf13da265d3c9c.jpg,doc
8abf13da265d3c9c__aug3_offline.jpg,15,8abf13da265d3c9c.jpg,doc
8ac3e45df9bdbbad__aug0_offline.jpg,6,8ac3e45df9bdbbad.jpg,doc
8ac3e45df9bdbbad__aug1_offline.jpg,6,8ac3e45df9bdbbad.jpg,doc
8ac3e45df9bdbbad__aug2_offline.jpg,6,8ac3e45df9bdbbad.jpg,doc
8ac3e45df9bdbbad__aug3_offline.jpg,6,8ac3e45df9bdbbad.jpg,doc
8ac59e5ca46a99ea__aug0_offline.jpg,13,8ac59e5ca46a99ea.jpg,doc
8ac59e5ca46a99ea__aug1_offline.jpg,13,8ac59e5ca46a99ea.jpg,doc
8ac59e5ca46a99ea__aug2_offline.jpg,13,8ac59e5ca46a99ea.jpg,doc
8ac59e5ca46a99ea__aug3_offline.jpg,13,8ac59e5ca46a99ea.jpg,doc
8ad81df83d9f63e5__aug0_offline.jpg,6,8ad81df83d9f63e5.jpg,doc
8ad81df83d9f63e5__aug1_offline.jpg,6,8ad81df83d9f63e5.jpg,doc
8ad81df83d9f63e5__aug2_offline.jpg,6,8ad81df83d9f63e5.jpg,doc
8ad81df83d9f63e5__aug3_offline.jpg,6,8ad81df83d9f63e5.jpg,doc
8ae1685d0b60bb2d__aug0_offline.jpg,12,8ae1685d0b60bb2d.jpg,doc
8ae1685d0b60bb2d__aug1_offline.jpg,12,8ae1685d0b60bb2d.jpg,doc
8ae1685d0b60bb2d__aug2_offline.jpg,12,8ae1685d0b60bb2d.jpg,doc
8ae1685d0b60bb2d__aug3_offline.jpg,12,8ae1685d0b60bb2d.jpg,doc
8ae19d84e8e620fa__aug0_offline.jpg,7,8ae19d84e8e620fa.jpg,doc
8ae19d84e8e620fa__aug1_offline.jpg,7,8ae19d84e8e620fa.jpg,doc
8ae19d84e8e620fa__aug2_offline.jpg,7,8ae19d84e8e620fa.jpg,doc
8ae3540bee2ef251__aug0_offline.jpg,15,8ae3540bee2ef251.jpg,doc
8ae3540bee2ef251__aug1_offline.jpg,15,8ae3540bee2ef251.jpg,doc
8ae3540bee2ef251__aug2_offline.jpg,15,8ae3540bee2ef251.jpg,doc
8ae3540bee2ef251__aug3_offline.jpg,15,8ae3540bee2ef251.jpg,doc
8b3b6ef2484a4535__aug0_offline.jpg,16,8b3b6ef2484a4535.jpg,non_doc
8b3b6ef2484a4535__aug1_offline.jpg,16,8b3b6ef2484a4535.jpg,non_doc
8b3b6ef2484a4535__aug2_offline.jpg,16,8b3b6ef2484a4535.jpg,non_doc
8b3b6ef2484a4535__aug3_offline.jpg,16,8b3b6ef2484a4535.jpg,non_doc
8b7a49a085e6e092__aug0_offline.jpg,16,8b7a49a085e6e092.jpg,non_doc
8b7a49a085e6e092__aug1_offline.jpg,16,8b7a49a085e6e092.jpg,non_doc
8b7a49a085e6e092__aug2_offline.jpg,16,8b7a49a085e6e092.jpg,non_doc
8b7a49a085e6e092__aug3_offline.jpg,16,8b7a49a085e6e092.jpg,non_doc
8b8eea1713600cf3__aug0_offline.jpg,12,8b8eea1713600cf3.jpg,doc
8b8eea1713600cf3__aug1_offline.jpg,12,8b8eea1713600cf3.jpg,doc
8b8eea1713600cf3__aug2_offline.jpg,12,8b8eea1713600cf3.jpg,doc
8b8eea1713600cf3__aug3_offline.jpg,12,8b8eea1713600cf3.jpg,doc
8b93c5f46f697d71__aug0_offline.jpg,8,8b93c5f46f697d71.jpg,card_like
8b93c5f46f697d71__aug1_offline.jpg,8,8b93c5f46f697d71.jpg,card_like
8b93c5f46f697d71__aug2_offline.jpg,8,8b93c5f46f697d71.jpg,card_like
8b93c5f46f697d71__aug3_offline.jpg,8,8b93c5f46f697d71.jpg,card_like
8b9b54fe138f9290__aug0_offline.jpg,16,8b9b54fe138f9290.jpg,non_doc
8b9b54fe138f9290__aug1_offline.jpg,16,8b9b54fe138f9290.jpg,non_doc
8b9b54fe138f9290__aug2_offline.jpg,16,8b9b54fe138f9290.jpg,non_doc
8b9b54fe138f9290__aug3_offline.jpg,16,8b9b54fe138f9290.jpg,non_doc
8c04b33be2485613__aug0_offline.jpg,6,8c04b33be2485613.jpg,doc
8c04b33be2485613__aug1_offline.jpg,6,8c04b33be2485613.jpg,doc
8c04b33be2485613__aug2_offline.jpg,6,8c04b33be2485613.jpg,doc
8c04b33be2485613__aug3_offline.jpg,6,8c04b33be2485613.jpg,doc
8c06353ff9bad172__aug0_offline.jpg,10,8c06353ff9bad172.jpg,doc
8c06353ff9bad172__aug1_offline.jpg,10,8c06353ff9bad172.jpg,doc
8c06353ff9bad172__aug2_offline.jpg,10,8c06353ff9bad172.jpg,doc
8c101e24af39a6c8__aug0_offline.jpg,0,8c101e24af39a6c8.jpg,doc
8c101e24af39a6c8__aug1_offline.jpg,0,8c101e24af39a6c8.jpg,doc
8c101e24af39a6c8__aug2_offline.jpg,0,8c101e24af39a6c8.jpg,doc
8c101e24af39a6c8__aug3_offline.jpg,0,8c101e24af39a6c8.jpg,doc
8c1d0a0f20edd4c6__aug0_offline.jpg,10,8c1d0a0f20edd4c6.jpg,doc
8c1d0a0f20edd4c6__aug1_offline.jpg,10,8c1d0a0f20edd4c6.jpg,doc
8c1d0a0f20edd4c6__aug2_offline.jpg,10,8c1d0a0f20edd4c6.jpg,doc
8cabf16f98cde77e__aug0_offline.jpg,2,8cabf16f98cde77e.jpg,non_doc
8cabf16f98cde77e__aug1_offline.jpg,2,8cabf16f98cde77e.jpg,non_doc
8cabf16f98cde77e__aug2_offline.jpg,2,8cabf16f98cde77e.jpg,non_doc
8cabf16f98cde77e__aug3_offline.jpg,2,8cabf16f98cde77e.jpg,non_doc
8cafb65e2ac0681e__aug0_offline.jpg,3,8cafb65e2ac0681e.jpg,doc
8cafb65e2ac0681e__aug1_offline.jpg,3,8cafb65e2ac0681e.jpg,doc
8cafb65e2ac0681e__aug2_offline.jpg,3,8cafb65e2ac0681e.jpg,doc
8db8f37ec84b4f8f__aug0_offline.jpg,14,8db8f37ec84b4f8f.jpg,doc
8db8f37ec84b4f8f__aug1_offline.jpg,14,8db8f37ec84b4f8f.jpg,doc
8db8f37ec84b4f8f__aug2_offline.jpg,14,8db8f37ec84b4f8f.jpg,doc
8db8f37ec84b4f8f__aug3_offline.jpg,14,8db8f37ec84b4f8f.jpg,doc
8db8f37ec84b4f8f__aug4_offline.jpg,14,8db8f37ec84b4f8f.jpg,doc
8db8f37ec84b4f8f__aug5_offline.jpg,14,8db8f37ec84b4f8f.jpg,doc
8db8f37ec84b4f8f__aug6_offline.jpg,14,8db8f37ec84b4f8f.jpg,doc
8db8f37ec84b4f8f__aug7_offline.jpg,14,8db8f37ec84b4f8f.jpg,doc
8dd6f4abd109d578__aug0_offline.jpg,9,8dd6f4abd109d578.jpg,card_like
8dd6f4abd109d578__aug1_offline.jpg,9,8dd6f4abd109d578.jpg,card_like
8dd6f4abd109d578__aug2_offline.jpg,9,8dd6f4abd109d578.jpg,card_like
8dd6f4abd109d578__aug3_offline.jpg,9,8dd6f4abd109d578.jpg,card_like
8deba677308ce027__aug0_offline.jpg,7,8deba677308ce027.jpg,doc
8deba677308ce027__aug1_offline.jpg,7,8deba677308ce027.jpg,doc
8deba677308ce027__aug2_offline.jpg,7,8deba677308ce027.jpg,doc
8e1730605c78b3fd__aug0_offline.jpg,10,8e1730605c78b3fd.jpg,doc
8e1730605c78b3fd__aug1_offline.jpg,10,8e1730605c78b3fd.jpg,doc
8e1730605c78b3fd__aug2_offline.jpg,10,8e1730605c78b3fd.jpg,doc
8e77f8a41cfabb11__aug0_offline.jpg,4,8e77f8a41cfabb11.jpg,doc
8e77f8a41cfabb11__aug1_offline.jpg,4,8e77f8a41cfabb11.jpg,doc
8e77f8a41cfabb11__aug2_offline.jpg,4,8e77f8a41cfabb11.jpg,doc
8e77f8a41cfabb11__aug3_offline.jpg,4,8e77f8a41cfabb11.jpg,doc
8ea17c5687d735b3__aug0_offline.jpg,0,8ea17c5687d735b3.jpg,doc
8ea17c5687d735b3__aug1_offline.jpg,0,8ea17c5687d735b3.jpg,doc
8ea17c5687d735b3__aug2_offline.jpg,0,8ea17c5687d735b3.jpg,doc
8ea17c5687d735b3__aug3_offline.jpg,0,8ea17c5687d735b3.jpg,doc
8ec6263e28076f1b__aug0_offline.jpg,7,8ec6263e28076f1b.jpg,doc
8ec6263e28076f1b__aug1_offline.jpg,7,8ec6263e28076f1b.jpg,doc
8ec6263e28076f1b__aug2_offline.jpg,7,8ec6263e28076f1b.jpg,doc
8ecdba0e9dab2487__aug0_offline.jpg,9,8ecdba0e9dab2487.jpg,card_like
8ecdba0e9dab2487__aug1_offline.jpg,9,8ecdba0e9dab2487.jpg,card_like
8ecdba0e9dab2487__aug2_offline.jpg,9,8ecdba0e9dab2487.jpg,card_like
8ecdba0e9dab2487__aug3_offline.jpg,9,8ecdba0e9dab2487.jpg,card_like
8f15167e7d0b8afc__aug0_offline.jpg,15,8f15167e7d0b8afc.jpg,doc
8f15167e7d0b8afc__aug1_offline.jpg,15,8f15167e7d0b8afc.jpg,doc
8f15167e7d0b8afc__aug2_offline.jpg,15,8f15167e7d0b8afc.jpg,doc
8f15167e7d0b8afc__aug3_offline.jpg,15,8f15167e7d0b8afc.jpg,doc
8f5880fc713022c0__aug0_offline.jpg,2,8f5880fc713022c0.jpg,non_doc
8f5880fc713022c0__aug1_offline.jpg,2,8f5880fc713022c0.jpg,non_doc
8f5880fc713022c0__aug2_offline.jpg,2,8f5880fc713022c0.jpg,non_doc
8f5880fc713022c0__aug3_offline.jpg,2,8f5880fc713022c0.jpg,non_doc
8f7f2eb659856254__aug0_offline.jpg,2,8f7f2eb659856254.jpg,non_doc
8f7f2eb659856254__aug1_offline.jpg,2,8f7f2eb659856254.jpg,non_doc
8f7f2eb659856254__aug2_offline.jpg,2,8f7f2eb659856254.jpg,non_doc
8f7f2eb659856254__aug3_offline.jpg,2,8f7f2eb659856254.jpg,non_doc
8fe4d19caacf8594__aug0_offline.jpg,11,8fe4d19caacf8594.jpg,doc
8fe4d19caacf8594__aug1_offline.jpg,11,8fe4d19caacf8594.jpg,doc
8fe4d19caacf8594__aug2_offline.jpg,11,8fe4d19caacf8594.jpg,doc
8fe4d19caacf8594__aug3_offline.jpg,11,8fe4d19caacf8594.jpg,doc
9041fe0755cbe24c__aug0_offline.jpg,0,9041fe0755cbe24c.jpg,doc
9041fe0755cbe24c__aug1_offline.jpg,0,9041fe0755cbe24c.jpg,doc
9041fe0755cbe24c__aug2_offline.jpg,0,9041fe0755cbe24c.jpg,doc
9041fe0755cbe24c__aug3_offline.jpg,0,9041fe0755cbe24c.jpg,doc
907295469202daeb__aug0_offline.jpg,7,907295469202daeb.jpg,doc
907295469202daeb__aug1_offline.jpg,7,907295469202daeb.jpg,doc
907295469202daeb__aug2_offline.jpg,7,907295469202daeb.jpg,doc
90bed2b1fe15453b__aug0_offline.jpg,15,90bed2b1fe15453b.jpg,doc
90bed2b1fe15453b__aug1_offline.jpg,15,90bed2b1fe15453b.jpg,doc
90bed2b1fe15453b__aug2_offline.jpg,15,90bed2b1fe15453b.jpg,doc
90bed2b1fe15453b__aug3_offline.jpg,15,90bed2b1fe15453b.jpg,doc
912740e8a136bfcd__aug0_offline.jpg,16,912740e8a136bfcd.jpg,non_doc
912740e8a136bfcd__aug1_offline.jpg,16,912740e8a136bfcd.jpg,non_doc
912740e8a136bfcd__aug2_offline.jpg,16,912740e8a136bfcd.jpg,non_doc
912740e8a136bfcd__aug3_offline.jpg,16,912740e8a136bfcd.jpg,non_doc
9131332143278bbd__aug0_offline.jpg,0,9131332143278bbd.jpg,doc
9131332143278bbd__aug1_offline.jpg,0,9131332143278bbd.jpg,doc
9131332143278bbd__aug2_offline.jpg,0,9131332143278bbd.jpg,doc
9131332143278bbd__aug3_offline.jpg,0,9131332143278bbd.jpg,doc
91504eef74a841c0__aug0_offline.jpg,9,91504eef74a841c0.jpg,card_like
91504eef74a841c0__aug1_offline.jpg,9,91504eef74a841c0.jpg,card_like
91504eef74a841c0__aug2_offline.jpg,9,91504eef74a841c0.jpg,card_like
91504eef74a841c0__aug3_offline.jpg,9,91504eef74a841c0.jpg,card_like
915151761e853562__aug0_offline.jpg,5,915151761e853562.jpg,card_like
915151761e853562__aug1_offline.jpg,5,915151761e853562.jpg,card_like
915151761e853562__aug2_offline.jpg,5,915151761e853562.jpg,card_like
915151761e853562__aug3_offline.jpg,5,915151761e853562.jpg,card_like
91f89a9a3238fc94__aug0_offline.jpg,14,91f89a9a3238fc94.jpg,doc
91f89a9a3238fc94__aug1_offline.jpg,14,91f89a9a3238fc94.jpg,doc
91f89a9a3238fc94__aug2_offline.jpg,14,91f89a9a3238fc94.jpg,doc
91f89a9a3238fc94__aug3_offline.jpg,14,91f89a9a3238fc94.jpg,doc
91f89a9a3238fc94__aug4_offline.jpg,14,91f89a9a3238fc94.jpg,doc
91f89a9a3238fc94__aug5_offline.jpg,14,91f89a9a3238fc94.jpg,doc
91f89a9a3238fc94__aug6_offline.jpg,14,91f89a9a3238fc94.jpg,doc
91f89a9a3238fc94__aug7_offline.jpg,14,91f89a9a3238fc94.jpg,doc
9223d8c34cef5b99__aug0_offline.jpg,15,9223d8c34cef5b99.jpg,doc
9223d8c34cef5b99__aug1_offline.jpg,15,9223d8c34cef5b99.jpg,doc
9223d8c34cef5b99__aug2_offline.jpg,15,9223d8c34cef5b99.jpg,doc
9223d8c34cef5b99__aug3_offline.jpg,15,9223d8c34cef5b99.jpg,doc
926cb3040efcf9d4__aug0_offline.jpg,4,926cb3040efcf9d4.jpg,doc
926cb3040efcf9d4__aug1_offline.jpg,4,926cb3040efcf9d4.jpg,doc
926cb3040efcf9d4__aug2_offline.jpg,4,926cb3040efcf9d4.jpg,doc
926cb3040efcf9d4__aug3_offline.jpg,4,926cb3040efcf9d4.jpg,doc
92c296735de825e0__aug0_offline.jpg,4,92c296735de825e0.jpg,doc
92c296735de825e0__aug1_offline.jpg,4,92c296735de825e0.jpg,doc
92c296735de825e0__aug2_offline.jpg,4,92c296735de825e0.jpg,doc
92c296735de825e0__aug3_offline.jpg,4,92c296735de825e0.jpg,doc
9383cf36b6faa003__aug0_offline.jpg,5,9383cf36b6faa003.jpg,card_like
9383cf36b6faa003__aug1_offline.jpg,5,9383cf36b6faa003.jpg,card_like
9383cf36b6faa003__aug2_offline.jpg,5,9383cf36b6faa003.jpg,card_like
9383cf36b6faa003__aug3_offline.jpg,5,9383cf36b6faa003.jpg,card_like
93964b61ead8e03e__aug0_offline.jpg,14,93964b61ead8e03e.jpg,doc
93964b61ead8e03e__aug1_offline.jpg,14,93964b61ead8e03e.jpg,doc
93964b61ead8e03e__aug2_offline.jpg,14,93964b61ead8e03e.jpg,doc
93964b61ead8e03e__aug3_offline.jpg,14,93964b61ead8e03e.jpg,doc
93964b61ead8e03e__aug4_offline.jpg,14,93964b61ead8e03e.jpg,doc
93964b61ead8e03e__aug5_offline.jpg,14,93964b61ead8e03e.jpg,doc
93964b61ead8e03e__aug6_offline.jpg,14,93964b61ead8e03e.jpg,doc
93964b61ead8e03e__aug7_offline.jpg,14,93964b61ead8e03e.jpg,doc
93da9c37756d547a__aug0_offline.jpg,6,93da9c37756d547a.jpg,doc
93da9c37756d547a__aug1_offline.jpg,6,93da9c37756d547a.jpg,doc
93da9c37756d547a__aug2_offline.jpg,6,93da9c37756d547a.jpg,doc
93da9c37756d547a__aug3_offline.jpg,6,93da9c37756d547a.jpg,doc
93e181cc39b50c31__aug0_offline.jpg,2,93e181cc39b50c31.jpg,non_doc
93e181cc39b50c31__aug1_offline.jpg,2,93e181cc39b50c31.jpg,non_doc
93e181cc39b50c31__aug2_offline.jpg,2,93e181cc39b50c31.jpg,non_doc
93e181cc39b50c31__aug3_offline.jpg,2,93e181cc39b50c31.jpg,non_doc
93e6c6814863d932__aug0_offline.jpg,10,93e6c6814863d932.jpg,doc
93e6c6814863d932__aug1_offline.jpg,10,93e6c6814863d932.jpg,doc
93e6c6814863d932__aug2_offline.jpg,10,93e6c6814863d932.jpg,doc
93e7beb687d63a62__aug0_offline.jpg,11,93e7beb687d63a62.jpg,doc
93e7beb687d63a62__aug1_offline.jpg,11,93e7beb687d63a62.jpg,doc
93e7beb687d63a62__aug2_offline.jpg,11,93e7beb687d63a62.jpg,doc
93e7beb687d63a62__aug3_offline.jpg,11,93e7beb687d63a62.jpg,doc
94008a9bf8b41108__aug0_offline.jpg,16,94008a9bf8b41108.jpg,non_doc
94008a9bf8b41108__aug1_offline.jpg,16,94008a9bf8b41108.jpg,non_doc
94008a9bf8b41108__aug2_offline.jpg,16,94008a9bf8b41108.jpg,non_doc
94008a9bf8b41108__aug3_offline.jpg,16,94008a9bf8b41108.jpg,non_doc
9404f47da99422e2__aug0_offline.jpg,4,9404f47da99422e2.jpg,doc
9404f47da99422e2__aug1_offline.jpg,4,9404f47da99422e2.jpg,doc
9404f47da99422e2__aug2_offline.jpg,4,9404f47da99422e2.jpg,doc
9404f47da99422e2__aug3_offline.jpg,4,9404f47da99422e2.jpg,doc
941d9b492aa30620__aug0_offline.jpg,3,941d9b492aa30620.jpg,doc
941d9b492aa30620__aug1_offline.jpg,3,941d9b492aa30620.jpg,doc
941d9b492aa30620__aug2_offline.jpg,3,941d9b492aa30620.jpg,doc
94617587c5726ac6__aug0_offline.jpg,11,94617587c5726ac6.jpg,doc
94617587c5726ac6__aug1_offline.jpg,11,94617587c5726ac6.jpg,doc
94617587c5726ac6__aug2_offline.jpg,11,94617587c5726ac6.jpg,doc
94617587c5726ac6__aug3_offline.jpg,11,94617587c5726ac6.jpg,doc
951c10babfef1ce7__aug0_offline.jpg,12,951c10babfef1ce7.jpg,doc
951c10babfef1ce7__aug1_offline.jpg,12,951c10babfef1ce7.jpg,doc
951c10babfef1ce7__aug2_offline.jpg,12,951c10babfef1ce7.jpg,doc
951c10babfef1ce7__aug3_offline.jpg,12,951c10babfef1ce7.jpg,doc
957a9861a894c253__aug0_offline.jpg,6,957a9861a894c253.jpg,doc
957a9861a894c253__aug1_offline.jpg,6,957a9861a894c253.jpg,doc
957a9861a894c253__aug2_offline.jpg,6,957a9861a894c253.jpg,doc
957a9861a894c253__aug3_offline.jpg,6,957a9861a894c253.jpg,doc
9588b457eec4ae20__aug0_offline.jpg,12,9588b457eec4ae20.jpg,doc
9588b457eec4ae20__aug1_offline.jpg,12,9588b457eec4ae20.jpg,doc
9588b457eec4ae20__aug2_offline.jpg,12,9588b457eec4ae20.jpg,doc
9588b457eec4ae20__aug3_offline.jpg,12,9588b457eec4ae20.jpg,doc
961614f0ef702ce9__aug0_offline.jpg,10,961614f0ef702ce9.jpg,doc
961614f0ef702ce9__aug1_offline.jpg,10,961614f0ef702ce9.jpg,doc
961614f0ef702ce9__aug2_offline.jpg,10,961614f0ef702ce9.jpg,doc
96478b0f9dfdf588__aug0_offline.jpg,15,96478b0f9dfdf588.jpg,doc
96478b0f9dfdf588__aug1_offline.jpg,15,96478b0f9dfdf588.jpg,doc
96478b0f9dfdf588__aug2_offline.jpg,15,96478b0f9dfdf588.jpg,doc
96478b0f9dfdf588__aug3_offline.jpg,15,96478b0f9dfdf588.jpg,doc
96a93ef6f6510fca__aug0_offline.jpg,6,96a93ef6f6510fca.jpg,doc
96a93ef6f6510fca__aug1_offline.jpg,6,96a93ef6f6510fca.jpg,doc
96a93ef6f6510fca__aug2_offline.jpg,6,96a93ef6f6510fca.jpg,doc
96a93ef6f6510fca__aug3_offline.jpg,6,96a93ef6f6510fca.jpg,doc
96b654996b3c749d__aug0_offline.jpg,4,96b654996b3c749d.jpg,doc
96b654996b3c749d__aug1_offline.jpg,4,96b654996b3c749d.jpg,doc
96b654996b3c749d__aug2_offline.jpg,4,96b654996b3c749d.jpg,doc
96b654996b3c749d__aug3_offline.jpg,4,96b654996b3c749d.jpg,doc
96cfeea3a69bc803__aug0_offline.jpg,0,96cfeea3a69bc803.jpg,doc
96cfeea3a69bc803__aug1_offline.jpg,0,96cfeea3a69bc803.jpg,doc
96cfeea3a69bc803__aug2_offline.jpg,0,96cfeea3a69bc803.jpg,doc
96cfeea3a69bc803__aug3_offline.jpg,0,96cfeea3a69bc803.jpg,doc
96e02f74d6076c8c__aug0_offline.jpg,6,96e02f74d6076c8c.jpg,doc
96e02f74d6076c8c__aug1_offline.jpg,6,96e02f74d6076c8c.jpg,doc
96e02f74d6076c8c__aug2_offline.jpg,6,96e02f74d6076c8c.jpg,doc
96e02f74d6076c8c__aug3_offline.jpg,6,96e02f74d6076c8c.jpg,doc
9759d7bf96f7dee5__aug0_offline.jpg,11,9759d7bf96f7dee5.jpg,doc
9759d7bf96f7dee5__aug1_offline.jpg,11,9759d7bf96f7dee5.jpg,doc
9759d7bf96f7dee5__aug2_offline.jpg,11,9759d7bf96f7dee5.jpg,doc
9759d7bf96f7dee5__aug3_offline.jpg,11,9759d7bf96f7dee5.jpg,doc
9783118f09bcdea3__aug0_offline.jpg,4,9783118f09bcdea3.jpg,doc
9783118f09bcdea3__aug1_offline.jpg,4,9783118f09bcdea3.jpg,doc
9783118f09bcdea3__aug2_offline.jpg,4,9783118f09bcdea3.jpg,doc
9783118f09bcdea3__aug3_offline.jpg,4,9783118f09bcdea3.jpg,doc
979235b5cb02a10a__aug0_offline.jpg,5,979235b5cb02a10a.jpg,card_like
979235b5cb02a10a__aug1_offline.jpg,5,979235b5cb02a10a.jpg,card_like
979235b5cb02a10a__aug2_offline.jpg,5,979235b5cb02a10a.jpg,card_like
979235b5cb02a10a__aug3_offline.jpg,5,979235b5cb02a10a.jpg,card_like
97af16867569a0b8__aug0_offline.jpg,9,97af16867569a0b8.jpg,card_like
97af16867569a0b8__aug1_offline.jpg,9,97af16867569a0b8.jpg,card_like
97af16867569a0b8__aug2_offline.jpg,9,97af16867569a0b8.jpg,card_like
97af16867569a0b8__aug3_offline.jpg,9,97af16867569a0b8.jpg,card_like
97b0ff6bc3f92597__aug0_offline.jpg,9,97b0ff6bc3f92597.jpg,card_like
97b0ff6bc3f92597__aug1_offline.jpg,9,97b0ff6bc3f92597.jpg,card_like
97b0ff6bc3f92597__aug2_offline.jpg,9,97b0ff6bc3f92597.jpg,card_like
97b0ff6bc3f92597__aug3_offline.jpg,9,97b0ff6bc3f92597.jpg,card_like
97e2aa947f74f55b__aug0_offline.jpg,15,97e2aa947f74f55b.jpg,doc
97e2aa947f74f55b__aug1_offline.jpg,15,97e2aa947f74f55b.jpg,doc
97e2aa947f74f55b__aug2_offline.jpg,15,97e2aa947f74f55b.jpg,doc
97e2aa947f74f55b__aug3_offline.jpg,15,97e2aa947f74f55b.jpg,doc
9825e2560f9a2b53__aug0_offline.jpg,11,9825e2560f9a2b53.jpg,doc
9825e2560f9a2b53__aug1_offline.jpg,11,9825e2560f9a2b53.jpg,doc
9825e2560f9a2b53__aug2_offline.jpg,11,9825e2560f9a2b53.jpg,doc
9825e2560f9a2b53__aug3_offline.jpg,11,9825e2560f9a2b53.jpg,doc
9844093dcf939ab8__aug0_offline.jpg,16,9844093dcf939ab8.jpg,non_doc
9844093dcf939ab8__aug1_offline.jpg,16,9844093dcf939ab8.jpg,non_doc
9844093dcf939ab8__aug2_offline.jpg,16,9844093dcf939ab8.jpg,non_doc
9844093dcf939ab8__aug3_offline.jpg,16,9844093dcf939ab8.jpg,non_doc
984980789f8aade3__aug0_offline.jpg,5,984980789f8aade3.jpg,card_like
984980789f8aade3__aug1_offline.jpg,5,984980789f8aade3.jpg,card_like
984980789f8aade3__aug2_offline.jpg,5,984980789f8aade3.jpg,card_like
984980789f8aade3__aug3_offline.jpg,5,984980789f8aade3.jpg,card_like
98691b8505a773a4__aug0_offline.jpg,16,98691b8505a773a4.jpg,non_doc
98691b8505a773a4__aug1_offline.jpg,16,98691b8505a773a4.jpg,non_doc
98691b8505a773a4__aug2_offline.jpg,16,98691b8505a773a4.jpg,non_doc
98691b8505a773a4__aug3_offline.jpg,16,98691b8505a773a4.jpg,non_doc
9878a94bb8c6ccee__aug0_offline.jpg,11,9878a94bb8c6ccee.jpg,doc
9878a94bb8c6ccee__aug1_offline.jpg,11,9878a94bb8c6ccee.jpg,doc
9878a94bb8c6ccee__aug2_offline.jpg,11,9878a94bb8c6ccee.jpg,doc
9878a94bb8c6ccee__aug3_offline.jpg,11,9878a94bb8c6ccee.jpg,doc
988fa031ea841a40__aug0_offline.jpg,7,988fa031ea841a40.jpg,doc
988fa031ea841a40__aug1_offline.jpg,7,988fa031ea841a40.jpg,doc
988fa031ea841a40__aug2_offline.jpg,7,988fa031ea841a40.jpg,doc
98bc083ee47cec64__aug0_offline.jpg,5,98bc083ee47cec64.jpg,card_like
98bc083ee47cec64__aug1_offline.jpg,5,98bc083ee47cec64.jpg,card_like
98bc083ee47cec64__aug2_offline.jpg,5,98bc083ee47cec64.jpg,card_like
98bc083ee47cec64__aug3_offline.jpg,5,98bc083ee47cec64.jpg,card_like
98bfb3dcc8fe6325__aug0_offline.jpg,4,98bfb3dcc8fe6325.jpg,doc
98bfb3dcc8fe6325__aug1_offline.jpg,4,98bfb3dcc8fe6325.jpg,doc
98bfb3dcc8fe6325__aug2_offline.jpg,4,98bfb3dcc8fe6325.jpg,doc
98bfb3dcc8fe6325__aug3_offline.jpg,4,98bfb3dcc8fe6325.jpg,doc
98d1d08b161b6e63__aug0_offline.jpg,9,98d1d08b161b6e63.jpg,card_like
98d1d08b161b6e63__aug1_offline.jpg,9,98d1d08b161b6e63.jpg,card_like
98d1d08b161b6e63__aug2_offline.jpg,9,98d1d08b161b6e63.jpg,card_like
98d1d08b161b6e63__aug3_offline.jpg,9,98d1d08b161b6e63.jpg,card_like
99192aebd3a0c09d__aug0_offline.jpg,3,99192aebd3a0c09d.jpg,doc
99192aebd3a0c09d__aug1_offline.jpg,3,99192aebd3a0c09d.jpg,doc
99192aebd3a0c09d__aug2_offline.jpg,3,99192aebd3a0c09d.jpg,doc
994255be33de9f68__aug0_offline.jpg,3,994255be33de9f68.jpg,doc
994255be33de9f68__aug1_offline.jpg,3,994255be33de9f68.jpg,doc
994255be33de9f68__aug2_offline.jpg,3,994255be33de9f68.jpg,doc
99954fcbe12a8890__aug0_offline.jpg,15,99954fcbe12a8890.jpg,doc
99954fcbe12a8890__aug1_offline.jpg,15,99954fcbe12a8890.jpg,doc
99954fcbe12a8890__aug2_offline.jpg,15,99954fcbe12a8890.jpg,doc
99954fcbe12a8890__aug3_offline.jpg,15,99954fcbe12a8890.jpg,doc
99d7241ecca09eaf__aug0_offline.jpg,3,99d7241ecca09eaf.jpg,doc
99d7241ecca09eaf__aug1_offline.jpg,3,99d7241ecca09eaf.jpg,doc
99d7241ecca09eaf__aug2_offline.jpg,3,99d7241ecca09eaf.jpg,doc
99ee9ed48919eb73__aug0_offline.jpg,12,99ee9ed48919eb73.jpg,doc
99ee9ed48919eb73__aug1_offline.jpg,12,99ee9ed48919eb73.jpg,doc
99ee9ed48919eb73__aug2_offline.jpg,12,99ee9ed48919eb73.jpg,doc
99ee9ed48919eb73__aug3_offline.jpg,12,99ee9ed48919eb73.jpg,doc
9a36a151cf95bb29__aug0_offline.jpg,1,9a36a151cf95bb29.jpg,doc
9a36a151cf95bb29__aug1_offline.jpg,1,9a36a151cf95bb29.jpg,doc
9a36a151cf95bb29__aug2_offline.jpg,1,9a36a151cf95bb29.jpg,doc
9a36a151cf95bb29__aug3_offline.jpg,1,9a36a151cf95bb29.jpg,doc
9a36a151cf95bb29__aug4_offline.jpg,1,9a36a151cf95bb29.jpg,doc
9a36a151cf95bb29__aug5_offline.jpg,1,9a36a151cf95bb29.jpg,doc
9a36a151cf95bb29__aug6_offline.jpg,1,9a36a151cf95bb29.jpg,doc
9a36a151cf95bb29__aug7_offline.jpg,1,9a36a151cf95bb29.jpg,doc
9a36a151cf95bb29__aug8_offline.jpg,1,9a36a151cf95bb29.jpg,doc
9a51b2f5f6e6cc2f__aug0_offline.jpg,12,9a51b2f5f6e6cc2f.jpg,doc
9a51b2f5f6e6cc2f__aug1_offline.jpg,12,9a51b2f5f6e6cc2f.jpg,doc
9a51b2f5f6e6cc2f__aug2_offline.jpg,12,9a51b2f5f6e6cc2f.jpg,doc
9a51b2f5f6e6cc2f__aug3_offline.jpg,12,9a51b2f5f6e6cc2f.jpg,doc
9ac12f6e9a9b9c66__aug0_offline.jpg,16,9ac12f6e9a9b9c66.jpg,non_doc
9ac12f6e9a9b9c66__aug1_offline.jpg,16,9ac12f6e9a9b9c66.jpg,non_doc
9ac12f6e9a9b9c66__aug2_offline.jpg,16,9ac12f6e9a9b9c66.jpg,non_doc
9ac12f6e9a9b9c66__aug3_offline.jpg,16,9ac12f6e9a9b9c66.jpg,non_doc
9ace40a752cc7d7c__aug0_offline.jpg,6,9ace40a752cc7d7c.jpg,doc
9ace40a752cc7d7c__aug1_offline.jpg,6,9ace40a752cc7d7c.jpg,doc
9ace40a752cc7d7c__aug2_offline.jpg,6,9ace40a752cc7d7c.jpg,doc
9ace40a752cc7d7c__aug3_offline.jpg,6,9ace40a752cc7d7c.jpg,doc
9ae5c389d3485e7d__aug0_offline.jpg,12,9ae5c389d3485e7d.jpg,doc
9ae5c389d3485e7d__aug1_offline.jpg,12,9ae5c389d3485e7d.jpg,doc
9ae5c389d3485e7d__aug2_offline.jpg,12,9ae5c389d3485e7d.jpg,doc
9ae5c389d3485e7d__aug3_offline.jpg,12,9ae5c389d3485e7d.jpg,doc
9b2272b4866df031__aug0_offline.jpg,10,9b2272b4866df031.jpg,doc
9b2272b4866df031__aug1_offline.jpg,10,9b2272b4866df031.jpg,doc
9b2272b4866df031__aug2_offline.jpg,10,9b2272b4866df031.jpg,doc
9b3dbfeb10499aa7__aug0_offline.jpg,0,9b3dbfeb10499aa7.jpg,doc
9b3dbfeb10499aa7__aug1_offline.jpg,0,9b3dbfeb10499aa7.jpg,doc
9b3dbfeb10499aa7__aug2_offline.jpg,0,9b3dbfeb10499aa7.jpg,doc
9b3dbfeb10499aa7__aug3_offline.jpg,0,9b3dbfeb10499aa7.jpg,doc
9b4a0893af03ae73__aug0_offline.jpg,8,9b4a0893af03ae73.jpg,card_like
9b4a0893af03ae73__aug1_offline.jpg,8,9b4a0893af03ae73.jpg,card_like
9b4a0893af03ae73__aug2_offline.jpg,8,9b4a0893af03ae73.jpg,card_like
9b4a0893af03ae73__aug3_offline.jpg,8,9b4a0893af03ae73.jpg,card_like
9b99cecf50af090a__aug0_offline.jpg,1,9b99cecf50af090a.jpg,doc
9b99cecf50af090a__aug1_offline.jpg,1,9b99cecf50af090a.jpg,doc
9b99cecf50af090a__aug2_offline.jpg,1,9b99cecf50af090a.jpg,doc
9b99cecf50af090a__aug3_offline.jpg,1,9b99cecf50af090a.jpg,doc
9b99cecf50af090a__aug4_offline.jpg,1,9b99cecf50af090a.jpg,doc
9b99cecf50af090a__aug5_offline.jpg,1,9b99cecf50af090a.jpg,doc
9b99cecf50af090a__aug6_offline.jpg,1,9b99cecf50af090a.jpg,doc
9b99cecf50af090a__aug7_offline.jpg,1,9b99cecf50af090a.jpg,doc
9b99cecf50af090a__aug8_offline.jpg,1,9b99cecf50af090a.jpg,doc
9ba8f08db3fe2a4c__aug0_offline.jpg,8,9ba8f08db3fe2a4c.jpg,card_like
9ba8f08db3fe2a4c__aug1_offline.jpg,8,9ba8f08db3fe2a4c.jpg,card_like
9ba8f08db3fe2a4c__aug2_offline.jpg,8,9ba8f08db3fe2a4c.jpg,card_like
9ba8f08db3fe2a4c__aug3_offline.jpg,8,9ba8f08db3fe2a4c.jpg,card_like
9bae7a93f9a53462__aug0_offline.jpg,10,9bae7a93f9a53462.jpg,doc
9bae7a93f9a53462__aug1_offline.jpg,10,9bae7a93f9a53462.jpg,doc
9bae7a93f9a53462__aug2_offline.jpg,10,9bae7a93f9a53462.jpg,doc
9bea7d9dc1ce362b__aug0_offline.jpg,7,9bea7d9dc1ce362b.jpg,doc
9bea7d9dc1ce362b__aug1_offline.jpg,7,9bea7d9dc1ce362b.jpg,doc
9bea7d9dc1ce362b__aug2_offline.jpg,7,9bea7d9dc1ce362b.jpg,doc
9bfbee5858260ba0__aug0_offline.jpg,0,9bfbee5858260ba0.jpg,doc
9bfbee5858260ba0__aug1_offline.jpg,0,9bfbee5858260ba0.jpg,doc
9bfbee5858260ba0__aug2_offline.jpg,0,9bfbee5858260ba0.jpg,doc
9bfbee5858260ba0__aug3_offline.jpg,0,9bfbee5858260ba0.jpg,doc
9c147d4251268aaf__aug0_offline.jpg,9,9c147d4251268aaf.jpg,card_like
9c147d4251268aaf__aug1_offline.jpg,9,9c147d4251268aaf.jpg,card_like
9c147d4251268aaf__aug2_offline.jpg,9,9c147d4251268aaf.jpg,card_like
9c147d4251268aaf__aug3_offline.jpg,9,9c147d4251268aaf.jpg,card_like
9c40908738e93c99__aug0_offline.jpg,8,9c40908738e93c99.jpg,card_like
9c40908738e93c99__aug1_offline.jpg,8,9c40908738e93c99.jpg,card_like
9c40908738e93c99__aug2_offline.jpg,8,9c40908738e93c99.jpg,card_like
9c40908738e93c99__aug3_offline.jpg,8,9c40908738e93c99.jpg,card_like
9cda797c3a17dc15__aug0_offline.jpg,8,9cda797c3a17dc15.jpg,card_like
9cda797c3a17dc15__aug1_offline.jpg,8,9cda797c3a17dc15.jpg,card_like
9cda797c3a17dc15__aug2_offline.jpg,8,9cda797c3a17dc15.jpg,card_like
9cda797c3a17dc15__aug3_offline.jpg,8,9cda797c3a17dc15.jpg,card_like
9d09edebfd00ece2__aug0_offline.jpg,10,9d09edebfd00ece2.jpg,doc
9d09edebfd00ece2__aug1_offline.jpg,10,9d09edebfd00ece2.jpg,doc
9d09edebfd00ece2__aug2_offline.jpg,10,9d09edebfd00ece2.jpg,doc
9d26b080a59303cd__aug0_offline.jpg,6,9d26b080a59303cd.jpg,doc
9d26b080a59303cd__aug1_offline.jpg,6,9d26b080a59303cd.jpg,doc
9d26b080a59303cd__aug2_offline.jpg,6,9d26b080a59303cd.jpg,doc
9d26b080a59303cd__aug3_offline.jpg,6,9d26b080a59303cd.jpg,doc
9d380d37a3c5e37d__aug0_offline.jpg,3,9d380d37a3c5e37d.jpg,doc
9d380d37a3c5e37d__aug1_offline.jpg,3,9d380d37a3c5e37d.jpg,doc
9d380d37a3c5e37d__aug2_offline.jpg,3,9d380d37a3c5e37d.jpg,doc
9d538d69133f4a12__aug0_offline.jpg,4,9d538d69133f4a12.jpg,doc
9d538d69133f4a12__aug1_offline.jpg,4,9d538d69133f4a12.jpg,doc
9d538d69133f4a12__aug2_offline.jpg,4,9d538d69133f4a12.jpg,doc
9d538d69133f4a12__aug3_offline.jpg,4,9d538d69133f4a12.jpg,doc
9dcba71716f48706__aug0_offline.jpg,10,9dcba71716f48706.jpg,doc
9dcba71716f48706__aug1_offline.jpg,10,9dcba71716f48706.jpg,doc
9dcba71716f48706__aug2_offline.jpg,10,9dcba71716f48706.jpg,doc
9dcfef27d51c3e5e__aug0_offline.jpg,8,9dcfef27d51c3e5e.jpg,card_like
9dcfef27d51c3e5e__aug1_offline.jpg,8,9dcfef27d51c3e5e.jpg,card_like
9dcfef27d51c3e5e__aug2_offline.jpg,8,9dcfef27d51c3e5e.jpg,card_like
9dcfef27d51c3e5e__aug3_offline.jpg,8,9dcfef27d51c3e5e.jpg,card_like
9df479a4a43abb1c__aug0_offline.jpg,1,9df479a4a43abb1c.jpg,doc
9df479a4a43abb1c__aug1_offline.jpg,1,9df479a4a43abb1c.jpg,doc
9df479a4a43abb1c__aug2_offline.jpg,1,9df479a4a43abb1c.jpg,doc
9df479a4a43abb1c__aug3_offline.jpg,1,9df479a4a43abb1c.jpg,doc
9df479a4a43abb1c__aug4_offline.jpg,1,9df479a4a43abb1c.jpg,doc
9df479a4a43abb1c__aug5_offline.jpg,1,9df479a4a43abb1c.jpg,doc
9df479a4a43abb1c__aug6_offline.jpg,1,9df479a4a43abb1c.jpg,doc
9df479a4a43abb1c__aug7_offline.jpg,1,9df479a4a43abb1c.jpg,doc
9df479a4a43abb1c__aug8_offline.jpg,1,9df479a4a43abb1c.jpg,doc
9dffa0f2a63a1500__aug0_offline.jpg,6,9dffa0f2a63a1500.jpg,doc
9dffa0f2a63a1500__aug1_offline.jpg,6,9dffa0f2a63a1500.jpg,doc
9dffa0f2a63a1500__aug2_offline.jpg,6,9dffa0f2a63a1500.jpg,doc
9dffa0f2a63a1500__aug3_offline.jpg,6,9dffa0f2a63a1500.jpg,doc
9e653ab50860c815__aug0_offline.jpg,11,9e653ab50860c815.jpg,doc
9e653ab50860c815__aug1_offline.jpg,11,9e653ab50860c815.jpg,doc
9e653ab50860c815__aug2_offline.jpg,11,9e653ab50860c815.jpg,doc
9e653ab50860c815__aug3_offline.jpg,11,9e653ab50860c815.jpg,doc
9e7d96a35f4a7272__aug0_offline.jpg,0,9e7d96a35f4a7272.jpg,doc
9e7d96a35f4a7272__aug1_offline.jpg,0,9e7d96a35f4a7272.jpg,doc
9e7d96a35f4a7272__aug2_offline.jpg,0,9e7d96a35f4a7272.jpg,doc
9e7d96a35f4a7272__aug3_offline.jpg,0,9e7d96a35f4a7272.jpg,doc
9e9c102de5a5cf54__aug0_offline.jpg,4,9e9c102de5a5cf54.jpg,doc
9e9c102de5a5cf54__aug1_offline.jpg,4,9e9c102de5a5cf54.jpg,doc
9e9c102de5a5cf54__aug2_offline.jpg,4,9e9c102de5a5cf54.jpg,doc
9e9c102de5a5cf54__aug3_offline.jpg,4,9e9c102de5a5cf54.jpg,doc
9ee008d242d65e2b__aug0_offline.jpg,16,9ee008d242d65e2b.jpg,non_doc
9ee008d242d65e2b__aug1_offline.jpg,16,9ee008d242d65e2b.jpg,non_doc
9ee008d242d65e2b__aug2_offline.jpg,16,9ee008d242d65e2b.jpg,non_doc
9ee008d242d65e2b__aug3_offline.jpg,16,9ee008d242d65e2b.jpg,non_doc
9f00632c64ca1afa__aug0_offline.jpg,15,9f00632c64ca1afa.jpg,doc
9f00632c64ca1afa__aug1_offline.jpg,15,9f00632c64ca1afa.jpg,doc
9f00632c64ca1afa__aug2_offline.jpg,15,9f00632c64ca1afa.jpg,doc
9f00632c64ca1afa__aug3_offline.jpg,15,9f00632c64ca1afa.jpg,doc
9f9456c5f30ede0a__aug0_offline.jpg,8,9f9456c5f30ede0a.jpg,card_like
9f9456c5f30ede0a__aug1_offline.jpg,8,9f9456c5f30ede0a.jpg,card_like
9f9456c5f30ede0a__aug2_offline.jpg,8,9f9456c5f30ede0a.jpg,card_like
9f9456c5f30ede0a__aug3_offline.jpg,8,9f9456c5f30ede0a.jpg,card_like
9fbce75fa551c7d6__aug0_offline.jpg,0,9fbce75fa551c7d6.jpg,doc
9fbce75fa551c7d6__aug1_offline.jpg,0,9fbce75fa551c7d6.jpg,doc
9fbce75fa551c7d6__aug2_offline.jpg,0,9fbce75fa551c7d6.jpg,doc
9fbce75fa551c7d6__aug3_offline.jpg,0,9fbce75fa551c7d6.jpg,doc
a0445f787a537aee__aug0_offline.jpg,15,a0445f787a537aee.jpg,doc
a0445f787a537aee__aug1_offline.jpg,15,a0445f787a537aee.jpg,doc
a0445f787a537aee__aug2_offline.jpg,15,a0445f787a537aee.jpg,doc
a0445f787a537aee__aug3_offline.jpg,15,a0445f787a537aee.jpg,doc
a0b924a3b29beafd__aug0_offline.jpg,9,a0b924a3b29beafd.jpg,card_like
a0b924a3b29beafd__aug1_offline.jpg,9,a0b924a3b29beafd.jpg,card_like
a0b924a3b29beafd__aug2_offline.jpg,9,a0b924a3b29beafd.jpg,card_like
a0b924a3b29beafd__aug3_offline.jpg,9,a0b924a3b29beafd.jpg,card_like
a0b9e86061135d91__aug0_offline.jpg,8,a0b9e86061135d91.jpg,card_like
a0b9e86061135d91__aug1_offline.jpg,8,a0b9e86061135d91.jpg,card_like
a0b9e86061135d91__aug2_offline.jpg,8,a0b9e86061135d91.jpg,card_like
a0b9e86061135d91__aug3_offline.jpg,8,a0b9e86061135d91.jpg,card_like
a0d422140ba03bcb__aug0_offline.jpg,8,a0d422140ba03bcb.jpg,card_like
a0d422140ba03bcb__aug1_offline.jpg,8,a0d422140ba03bcb.jpg,card_like
a0d422140ba03bcb__aug2_offline.jpg,8,a0d422140ba03bcb.jpg,card_like
a0d422140ba03bcb__aug3_offline.jpg,8,a0d422140ba03bcb.jpg,card_like
a0eee94c1f286d86__aug0_offline.jpg,8,a0eee94c1f286d86.jpg,card_like
a0eee94c1f286d86__aug1_offline.jpg,8,a0eee94c1f286d86.jpg,card_like
a0eee94c1f286d86__aug2_offline.jpg,8,a0eee94c1f286d86.jpg,card_like
a0eee94c1f286d86__aug3_offline.jpg,8,a0eee94c1f286d86.jpg,card_like
a11d98cba433de36__aug0_offline.jpg,15,a11d98cba433de36.jpg,doc
a11d98cba433de36__aug1_offline.jpg,15,a11d98cba433de36.jpg,doc
a11d98cba433de36__aug2_offline.jpg,15,a11d98cba433de36.jpg,doc
a11d98cba433de36__aug3_offline.jpg,15,a11d98cba433de36.jpg,doc
a12797d405f1cb84__aug0_offline.jpg,0,a12797d405f1cb84.jpg,doc
a12797d405f1cb84__aug1_offline.jpg,0,a12797d405f1cb84.jpg,doc
a12797d405f1cb84__aug2_offline.jpg,0,a12797d405f1cb84.jpg,doc
a12797d405f1cb84__aug3_offline.jpg,0,a12797d405f1cb84.jpg,doc
a19533ef80171e6c__aug0_offline.jpg,15,a19533ef80171e6c.jpg,doc
a19533ef80171e6c__aug1_offline.jpg,15,a19533ef80171e6c.jpg,doc
a19533ef80171e6c__aug2_offline.jpg,15,a19533ef80171e6c.jpg,doc
a19533ef80171e6c__aug3_offline.jpg,15,a19533ef80171e6c.jpg,doc
a1a19c2590ff94fd__aug0_offline.jpg,11,a1a19c2590ff94fd.jpg,doc
a1a19c2590ff94fd__aug1_offline.jpg,11,a1a19c2590ff94fd.jpg,doc
a1a19c2590ff94fd__aug2_offline.jpg,11,a1a19c2590ff94fd.jpg,doc
a1a19c2590ff94fd__aug3_offline.jpg,11,a1a19c2590ff94fd.jpg,doc
a1ab865095b2d312__aug0_offline.jpg,2,a1ab865095b2d312.jpg,non_doc
a1ab865095b2d312__aug1_offline.jpg,2,a1ab865095b2d312.jpg,non_doc
a1ab865095b2d312__aug2_offline.jpg,2,a1ab865095b2d312.jpg,non_doc
a1ab865095b2d312__aug3_offline.jpg,2,a1ab865095b2d312.jpg,non_doc
a1d70a5778fc75b2__aug0_offline.jpg,6,a1d70a5778fc75b2.jpg,doc
a1d70a5778fc75b2__aug1_offline.jpg,6,a1d70a5778fc75b2.jpg,doc
a1d70a5778fc75b2__aug2_offline.jpg,6,a1d70a5778fc75b2.jpg,doc
a1d70a5778fc75b2__aug3_offline.jpg,6,a1d70a5778fc75b2.jpg,doc
a1deb8f4332c8823__aug0_offline.jpg,1,a1deb8f4332c8823.jpg,doc
a1deb8f4332c8823__aug1_offline.jpg,1,a1deb8f4332c8823.jpg,doc
a1deb8f4332c8823__aug2_offline.jpg,1,a1deb8f4332c8823.jpg,doc
a1deb8f4332c8823__aug3_offline.jpg,1,a1deb8f4332c8823.jpg,doc
a1deb8f4332c8823__aug4_offline.jpg,1,a1deb8f4332c8823.jpg,doc
a1deb8f4332c8823__aug5_offline.jpg,1,a1deb8f4332c8823.jpg,doc
a1deb8f4332c8823__aug6_offline.jpg,1,a1deb8f4332c8823.jpg,doc
a1deb8f4332c8823__aug7_offline.jpg,1,a1deb8f4332c8823.jpg,doc
a1deb8f4332c8823__aug8_offline.jpg,1,a1deb8f4332c8823.jpg,doc
a1e4aba3006e9f36__aug0_offline.jpg,9,a1e4aba3006e9f36.jpg,card_like
a1e4aba3006e9f36__aug1_offline.jpg,9,a1e4aba3006e9f36.jpg,card_like
a1e4aba3006e9f36__aug2_offline.jpg,9,a1e4aba3006e9f36.jpg,card_like
a1e4aba3006e9f36__aug3_offline.jpg,9,a1e4aba3006e9f36.jpg,card_like
a1f00ba86019bcba__aug0_offline.jpg,9,a1f00ba86019bcba.jpg,card_like
a1f00ba86019bcba__aug1_offline.jpg,9,a1f00ba86019bcba.jpg,card_like
a1f00ba86019bcba__aug2_offline.jpg,9,a1f00ba86019bcba.jpg,card_like
a1f00ba86019bcba__aug3_offline.jpg,9,a1f00ba86019bcba.jpg,card_like
a20bae0b99feb739__aug0_offline.jpg,8,a20bae0b99feb739.jpg,card_like
a20bae0b99feb739__aug1_offline.jpg,8,a20bae0b99feb739.jpg,card_like
a20bae0b99feb739__aug2_offline.jpg,8,a20bae0b99feb739.jpg,card_like
a20bae0b99feb739__aug3_offline.jpg,8,a20bae0b99feb739.jpg,card_like
a21361253c8f3fe7__aug0_offline.jpg,5,a21361253c8f3fe7.jpg,card_like
a21361253c8f3fe7__aug1_offline.jpg,5,a21361253c8f3fe7.jpg,card_like
a21361253c8f3fe7__aug2_offline.jpg,5,a21361253c8f3fe7.jpg,card_like
a21361253c8f3fe7__aug3_offline.jpg,5,a21361253c8f3fe7.jpg,card_like
a22c76a8a41db1f6__aug0_offline.jpg,10,a22c76a8a41db1f6.jpg,doc
a22c76a8a41db1f6__aug1_offline.jpg,10,a22c76a8a41db1f6.jpg,doc
a22c76a8a41db1f6__aug2_offline.jpg,10,a22c76a8a41db1f6.jpg,doc
a236724d2c1a8476__aug0_offline.jpg,5,a236724d2c1a8476.jpg,card_like
a236724d2c1a8476__aug1_offline.jpg,5,a236724d2c1a8476.jpg,card_like
a236724d2c1a8476__aug2_offline.jpg,5,a236724d2c1a8476.jpg,card_like
a236724d2c1a8476__aug3_offline.jpg,5,a236724d2c1a8476.jpg,card_like
a25f0fef0860116b__aug0_offline.jpg,11,a25f0fef0860116b.jpg,doc
a25f0fef0860116b__aug1_offline.jpg,11,a25f0fef0860116b.jpg,doc
a25f0fef0860116b__aug2_offline.jpg,11,a25f0fef0860116b.jpg,doc
a25f0fef0860116b__aug3_offline.jpg,11,a25f0fef0860116b.jpg,doc
a29abb626fe9e017__aug0_offline.jpg,16,a29abb626fe9e017.jpg,non_doc
a29abb626fe9e017__aug1_offline.jpg,16,a29abb626fe9e017.jpg,non_doc
a29abb626fe9e017__aug2_offline.jpg,16,a29abb626fe9e017.jpg,non_doc
a29abb626fe9e017__aug3_offline.jpg,16,a29abb626fe9e017.jpg,non_doc
a2de1004da161e69__aug0_offline.jpg,12,a2de1004da161e69.jpg,doc
a2de1004da161e69__aug1_offline.jpg,12,a2de1004da161e69.jpg,doc
a2de1004da161e69__aug2_offline.jpg,12,a2de1004da161e69.jpg,doc
a2de1004da161e69__aug3_offline.jpg,12,a2de1004da161e69.jpg,doc
a312c1dbbcf4f20b__aug0_offline.jpg,6,a312c1dbbcf4f20b.jpg,doc
a312c1dbbcf4f20b__aug1_offline.jpg,6,a312c1dbbcf4f20b.jpg,doc
a312c1dbbcf4f20b__aug2_offline.jpg,6,a312c1dbbcf4f20b.jpg,doc
a312c1dbbcf4f20b__aug3_offline.jpg,6,a312c1dbbcf4f20b.jpg,doc
a3252aa9f737d4ec__aug0_offline.jpg,10,a3252aa9f737d4ec.jpg,doc
a3252aa9f737d4ec__aug1_offline.jpg,10,a3252aa9f737d4ec.jpg,doc
a3252aa9f737d4ec__aug2_offline.jpg,10,a3252aa9f737d4ec.jpg,doc
a376fbdb67bc4a92__aug0_offline.jpg,7,a376fbdb67bc4a92.jpg,doc
a376fbdb67bc4a92__aug1_offline.jpg,7,a376fbdb67bc4a92.jpg,doc
a376fbdb67bc4a92__aug2_offline.jpg,7,a376fbdb67bc4a92.jpg,doc
a3a762b4e4091608__aug0_offline.jpg,15,a3a762b4e4091608.jpg,doc
a3a762b4e4091608__aug1_offline.jpg,15,a3a762b4e4091608.jpg,doc
a3a762b4e4091608__aug2_offline.jpg,15,a3a762b4e4091608.jpg,doc
a3a762b4e4091608__aug3_offline.jpg,15,a3a762b4e4091608.jpg,doc
a3ca1c3a67b6d6e3__aug0_offline.jpg,11,a3ca1c3a67b6d6e3.jpg,doc
a3ca1c3a67b6d6e3__aug1_offline.jpg,11,a3ca1c3a67b6d6e3.jpg,doc
a3ca1c3a67b6d6e3__aug2_offline.jpg,11,a3ca1c3a67b6d6e3.jpg,doc
a3ca1c3a67b6d6e3__aug3_offline.jpg,11,a3ca1c3a67b6d6e3.jpg,doc
a3d39b4e99c5677e__aug0_offline.jpg,11,a3d39b4e99c5677e.jpg,doc
a3d39b4e99c5677e__aug1_offline.jpg,11,a3d39b4e99c5677e.jpg,doc
a3d39b4e99c5677e__aug2_offline.jpg,11,a3d39b4e99c5677e.jpg,doc
a3d39b4e99c5677e__aug3_offline.jpg,11,a3d39b4e99c5677e.jpg,doc
a4665a740c6acbe9__aug0_offline.jpg,12,a4665a740c6acbe9.jpg,doc
a4665a740c6acbe9__aug1_offline.jpg,12,a4665a740c6acbe9.jpg,doc
a4665a740c6acbe9__aug2_offline.jpg,12,a4665a740c6acbe9.jpg,doc
a4665a740c6acbe9__aug3_offline.jpg,12,a4665a740c6acbe9.jpg,doc
a4a3522572228313__aug0_offline.jpg,0,a4a3522572228313.jpg,doc
a4a3522572228313__aug1_offline.jpg,0,a4a3522572228313.jpg,doc
a4a3522572228313__aug2_offline.jpg,0,a4a3522572228313.jpg,doc
a4a3522572228313__aug3_offline.jpg,0,a4a3522572228313.jpg,doc
a4d5f12e10bc3f77__aug0_offline.jpg,2,a4d5f12e10bc3f77.jpg,non_doc
a4d5f12e10bc3f77__aug1_offline.jpg,2,a4d5f12e10bc3f77.jpg,non_doc
a4d5f12e10bc3f77__aug2_offline.jpg,2,a4d5f12e10bc3f77.jpg,non_doc
a4d5f12e10bc3f77__aug3_offline.jpg,2,a4d5f12e10bc3f77.jpg,non_doc
a4dafcbb175ac0e1__aug0_offline.jpg,11,a4dafcbb175ac0e1.jpg,doc
a4dafcbb175ac0e1__aug1_offline.jpg,11,a4dafcbb175ac0e1.jpg,doc
a4dafcbb175ac0e1__aug2_offline.jpg,11,a4dafcbb175ac0e1.jpg,doc
a4dafcbb175ac0e1__aug3_offline.jpg,11,a4dafcbb175ac0e1.jpg,doc
a4e56fe992bc6b33__aug0_offline.jpg,9,a4e56fe992bc6b33.jpg,card_like
a4e56fe992bc6b33__aug1_offline.jpg,9,a4e56fe992bc6b33.jpg,card_like
a4e56fe992bc6b33__aug2_offline.jpg,9,a4e56fe992bc6b33.jpg,card_like
a4e56fe992bc6b33__aug3_offline.jpg,9,a4e56fe992bc6b33.jpg,card_like
a4f9d599fd35486e__aug0_offline.jpg,15,a4f9d599fd35486e.jpg,doc
a4f9d599fd35486e__aug1_offline.jpg,15,a4f9d599fd35486e.jpg,doc
a4f9d599fd35486e__aug2_offline.jpg,15,a4f9d599fd35486e.jpg,doc
a4f9d599fd35486e__aug3_offline.jpg,15,a4f9d599fd35486e.jpg,doc
a5369775e9d91b4b__aug0_offline.jpg,0,a5369775e9d91b4b.jpg,doc
a5369775e9d91b4b__aug1_offline.jpg,0,a5369775e9d91b4b.jpg,doc
a5369775e9d91b4b__aug2_offline.jpg,0,a5369775e9d91b4b.jpg,doc
a5369775e9d91b4b__aug3_offline.jpg,0,a5369775e9d91b4b.jpg,doc
a56a5cce90031150__aug0_offline.jpg,4,a56a5cce90031150.jpg,doc
a56a5cce90031150__aug1_offline.jpg,4,a56a5cce90031150.jpg,doc
a56a5cce90031150__aug2_offline.jpg,4,a56a5cce90031150.jpg,doc
a56a5cce90031150__aug3_offline.jpg,4,a56a5cce90031150.jpg,doc
a57a6d43e90120d2__aug0_offline.jpg,0,a57a6d43e90120d2.jpg,doc
a57a6d43e90120d2__aug1_offline.jpg,0,a57a6d43e90120d2.jpg,doc
a57a6d43e90120d2__aug2_offline.jpg,0,a57a6d43e90120d2.jpg,doc
a57a6d43e90120d2__aug3_offline.jpg,0,a57a6d43e90120d2.jpg,doc
a5ea50be18045857__aug0_offline.jpg,13,a5ea50be18045857.jpg,doc
a5ea50be18045857__aug1_offline.jpg,13,a5ea50be18045857.jpg,doc
a5ea50be18045857__aug2_offline.jpg,13,a5ea50be18045857.jpg,doc
a5ea50be18045857__aug3_offline.jpg,13,a5ea50be18045857.jpg,doc
a602d3c2110909cc__aug0_offline.jpg,3,a602d3c2110909cc.jpg,doc
a602d3c2110909cc__aug1_offline.jpg,3,a602d3c2110909cc.jpg,doc
a602d3c2110909cc__aug2_offline.jpg,3,a602d3c2110909cc.jpg,doc
a6468b3816c1325c__aug0_offline.jpg,11,a6468b3816c1325c.jpg,doc
a6468b3816c1325c__aug1_offline.jpg,11,a6468b3816c1325c.jpg,doc
a6468b3816c1325c__aug2_offline.jpg,11,a6468b3816c1325c.jpg,doc
a6468b3816c1325c__aug3_offline.jpg,11,a6468b3816c1325c.jpg,doc
a66838467277cb38__aug0_offline.jpg,3,a66838467277cb38.jpg,doc
a66838467277cb38__aug1_offline.jpg,3,a66838467277cb38.jpg,doc
a66838467277cb38__aug2_offline.jpg,3,a66838467277cb38.jpg,doc
a683764ced480eb3__aug0_offline.jpg,1,a683764ced480eb3.jpg,doc
a683764ced480eb3__aug1_offline.jpg,1,a683764ced480eb3.jpg,doc
a683764ced480eb3__aug2_offline.jpg,1,a683764ced480eb3.jpg,doc
a683764ced480eb3__aug3_offline.jpg,1,a683764ced480eb3.jpg,doc
a683764ced480eb3__aug4_offline.jpg,1,a683764ced480eb3.jpg,doc
a683764ced480eb3__aug5_offline.jpg,1,a683764ced480eb3.jpg,doc
a683764ced480eb3__aug6_offline.jpg,1,a683764ced480eb3.jpg,doc
a683764ced480eb3__aug7_offline.jpg,1,a683764ced480eb3.jpg,doc
a683764ced480eb3__aug8_offline.jpg,1,a683764ced480eb3.jpg,doc
a69626d96e112054__aug0_offline.jpg,2,a69626d96e112054.jpg,non_doc
a69626d96e112054__aug1_offline.jpg,2,a69626d96e112054.jpg,non_doc
a69626d96e112054__aug2_offline.jpg,2,a69626d96e112054.jpg,non_doc
a69626d96e112054__aug3_offline.jpg,2,a69626d96e112054.jpg,non_doc
a6980c6d2779a5a7__aug0_offline.jpg,5,a6980c6d2779a5a7.jpg,card_like
a6980c6d2779a5a7__aug1_offline.jpg,5,a6980c6d2779a5a7.jpg,card_like
a6980c6d2779a5a7__aug2_offline.jpg,5,a6980c6d2779a5a7.jpg,card_like
a6980c6d2779a5a7__aug3_offline.jpg,5,a6980c6d2779a5a7.jpg,card_like
a6b33f25064274bf__aug0_offline.jpg,16,a6b33f25064274bf.jpg,non_doc
a6b33f25064274bf__aug1_offline.jpg,16,a6b33f25064274bf.jpg,non_doc
a6b33f25064274bf__aug2_offline.jpg,16,a6b33f25064274bf.jpg,non_doc
a6b33f25064274bf__aug3_offline.jpg,16,a6b33f25064274bf.jpg,non_doc
a6efb7921dbd0db0__aug0_offline.jpg,2,a6efb7921dbd0db0.jpg,non_doc
a6efb7921dbd0db0__aug1_offline.jpg,2,a6efb7921dbd0db0.jpg,non_doc
a6efb7921dbd0db0__aug2_offline.jpg,2,a6efb7921dbd0db0.jpg,non_doc
a6efb7921dbd0db0__aug3_offline.jpg,2,a6efb7921dbd0db0.jpg,non_doc
a6fc2ea190daebc9__aug0_offline.jpg,3,a6fc2ea190daebc9.jpg,doc
a6fc2ea190daebc9__aug1_offline.jpg,3,a6fc2ea190daebc9.jpg,doc
a6fc2ea190daebc9__aug2_offline.jpg,3,a6fc2ea190daebc9.jpg,doc
a7263fb46a510a68__aug0_offline.jpg,12,a7263fb46a510a68.jpg,doc
a7263fb46a510a68__aug1_offline.jpg,12,a7263fb46a510a68.jpg,doc
a7263fb46a510a68__aug2_offline.jpg,12,a7263fb46a510a68.jpg,doc
a7263fb46a510a68__aug3_offline.jpg,12,a7263fb46a510a68.jpg,doc
a755fdd6f88d27d1__aug0_offline.jpg,6,a755fdd6f88d27d1.jpg,doc
a755fdd6f88d27d1__aug1_offline.jpg,6,a755fdd6f88d27d1.jpg,doc
a755fdd6f88d27d1__aug2_offline.jpg,6,a755fdd6f88d27d1.jpg,doc
a755fdd6f88d27d1__aug3_offline.jpg,6,a755fdd6f88d27d1.jpg,doc
a75e8a8662d20656__aug0_offline.jpg,2,a75e8a8662d20656.jpg,non_doc
a75e8a8662d20656__aug1_offline.jpg,2,a75e8a8662d20656.jpg,non_doc
a75e8a8662d20656__aug2_offline.jpg,2,a75e8a8662d20656.jpg,non_doc
a75e8a8662d20656__aug3_offline.jpg,2,a75e8a8662d20656.jpg,non_doc
a79ea7eb477273bd__aug0_offline.jpg,12,a79ea7eb477273bd.jpg,doc
a79ea7eb477273bd__aug1_offline.jpg,12,a79ea7eb477273bd.jpg,doc
a79ea7eb477273bd__aug2_offline.jpg,12,a79ea7eb477273bd.jpg,doc
a7b1a56abef7bcee__aug0_offline.jpg,15,a7b1a56abef7bcee.jpg,doc
a7b1a56abef7bcee__aug1_offline.jpg,15,a7b1a56abef7bcee.jpg,doc
a7b1a56abef7bcee__aug2_offline.jpg,15,a7b1a56abef7bcee.jpg,doc
a7b1a56abef7bcee__aug3_offline.jpg,15,a7b1a56abef7bcee.jpg,doc
a7b4e66d98cde556__aug0_offline.jpg,6,a7b4e66d98cde556.jpg,doc
a7b4e66d98cde556__aug1_offline.jpg,6,a7b4e66d98cde556.jpg,doc
a7b4e66d98cde556__aug2_offline.jpg,6,a7b4e66d98cde556.jpg,doc
a7b4e66d98cde556__aug3_offline.jpg,6,a7b4e66d98cde556.jpg,doc
a858edd4f3c06833__aug0_offline.jpg,6,a858edd4f3c06833.jpg,doc
a858edd4f3c06833__aug1_offline.jpg,6,a858edd4f3c06833.jpg,doc
a858edd4f3c06833__aug2_offline.jpg,6,a858edd4f3c06833.jpg,doc
a858edd4f3c06833__aug3_offline.jpg,6,a858edd4f3c06833.jpg,doc
a886ad9e2165f979__aug0_offline.jpg,0,a886ad9e2165f979.jpg,doc
a886ad9e2165f979__aug1_offline.jpg,0,a886ad9e2165f979.jpg,doc
a886ad9e2165f979__aug2_offline.jpg,0,a886ad9e2165f979.jpg,doc
a886ad9e2165f979__aug3_offline.jpg,0,a886ad9e2165f979.jpg,doc
a8bdaa6f4ac3e1f2__aug0_offline.jpg,2,a8bdaa6f4ac3e1f2.jpg,non_doc
a8bdaa6f4ac3e1f2__aug1_offline.jpg,2,a8bdaa6f4ac3e1f2.jpg,non_doc
a8bdaa6f4ac3e1f2__aug2_offline.jpg,2,a8bdaa6f4ac3e1f2.jpg,non_doc
a8bdaa6f4ac3e1f2__aug3_offline.jpg,2,a8bdaa6f4ac3e1f2.jpg,non_doc
a8dc8ee8364834aa__aug0_offline.jpg,16,a8dc8ee8364834aa.jpg,non_doc
a8dc8ee8364834aa__aug1_offline.jpg,16,a8dc8ee8364834aa.jpg,non_doc
a8dc8ee8364834aa__aug2_offline.jpg,16,a8dc8ee8364834aa.jpg,non_doc
a8dc8ee8364834aa__aug3_offline.jpg,16,a8dc8ee8364834aa.jpg,non_doc
a8e56e8a521266dd__aug0_offline.jpg,2,a8e56e8a521266dd.jpg,non_doc
a8e56e8a521266dd__aug1_offline.jpg,2,a8e56e8a521266dd.jpg,non_doc
a8e56e8a521266dd__aug2_offline.jpg,2,a8e56e8a521266dd.jpg,non_doc
a8e56e8a521266dd__aug3_offline.jpg,2,a8e56e8a521266dd.jpg,non_doc
a9248e6e81127d6a__aug0_offline.jpg,16,a9248e6e81127d6a.jpg,non_doc
a9248e6e81127d6a__aug1_offline.jpg,16,a9248e6e81127d6a.jpg,non_doc
a9248e6e81127d6a__aug2_offline.jpg,16,a9248e6e81127d6a.jpg,non_doc
a9248e6e81127d6a__aug3_offline.jpg,16,a9248e6e81127d6a.jpg,non_doc
a94927812fc5d31e__aug0_offline.jpg,13,a94927812fc5d31e.jpg,doc
a94927812fc5d31e__aug1_offline.jpg,13,a94927812fc5d31e.jpg,doc
a94927812fc5d31e__aug2_offline.jpg,13,a94927812fc5d31e.jpg,doc
a94927812fc5d31e__aug3_offline.jpg,13,a94927812fc5d31e.jpg,doc
a96501bdfa22f1ac__aug0_offline.jpg,3,a96501bdfa22f1ac.jpg,doc
a96501bdfa22f1ac__aug1_offline.jpg,3,a96501bdfa22f1ac.jpg,doc
a96501bdfa22f1ac__aug2_offline.jpg,3,a96501bdfa22f1ac.jpg,doc
a988e3b816d9aedb__aug0_offline.jpg,4,a988e3b816d9aedb.jpg,doc
a988e3b816d9aedb__aug1_offline.jpg,4,a988e3b816d9aedb.jpg,doc
a988e3b816d9aedb__aug2_offline.jpg,4,a988e3b816d9aedb.jpg,doc
a988e3b816d9aedb__aug3_offline.jpg,4,a988e3b816d9aedb.jpg,doc
a993b5bd409d41eb__aug0_offline.jpg,6,a993b5bd409d41eb.jpg,doc
a993b5bd409d41eb__aug1_offline.jpg,6,a993b5bd409d41eb.jpg,doc
a993b5bd409d41eb__aug2_offline.jpg,6,a993b5bd409d41eb.jpg,doc
a993b5bd409d41eb__aug3_offline.jpg,6,a993b5bd409d41eb.jpg,doc
a9bcbd65802de40b__aug0_offline.jpg,12,a9bcbd65802de40b.jpg,doc
a9bcbd65802de40b__aug1_offline.jpg,12,a9bcbd65802de40b.jpg,doc
a9bcbd65802de40b__aug2_offline.jpg,12,a9bcbd65802de40b.jpg,doc
a9c00da135f7ed8d__aug0_offline.jpg,0,a9c00da135f7ed8d.jpg,doc
a9c00da135f7ed8d__aug1_offline.jpg,0,a9c00da135f7ed8d.jpg,doc
a9c00da135f7ed8d__aug2_offline.jpg,0,a9c00da135f7ed8d.jpg,doc
a9c00da135f7ed8d__aug3_offline.jpg,0,a9c00da135f7ed8d.jpg,doc
a9c98518ff83cd43__aug0_offline.jpg,16,a9c98518ff83cd43.jpg,non_doc
a9c98518ff83cd43__aug1_offline.jpg,16,a9c98518ff83cd43.jpg,non_doc
a9c98518ff83cd43__aug2_offline.jpg,16,a9c98518ff83cd43.jpg,non_doc
a9c98518ff83cd43__aug3_offline.jpg,16,a9c98518ff83cd43.jpg,non_doc
a9faeff41820fa47__aug0_offline.jpg,0,a9faeff41820fa47.jpg,doc
a9faeff41820fa47__aug1_offline.jpg,0,a9faeff41820fa47.jpg,doc
a9faeff41820fa47__aug2_offline.jpg,0,a9faeff41820fa47.jpg,doc
a9faeff41820fa47__aug3_offline.jpg,0,a9faeff41820fa47.jpg,doc
aa0ec7b1f1ac825d__aug0_offline.jpg,15,aa0ec7b1f1ac825d.jpg,doc
aa0ec7b1f1ac825d__aug1_offline.jpg,15,aa0ec7b1f1ac825d.jpg,doc
aa0ec7b1f1ac825d__aug2_offline.jpg,15,aa0ec7b1f1ac825d.jpg,doc
aa0ec7b1f1ac825d__aug3_offline.jpg,15,aa0ec7b1f1ac825d.jpg,doc
aa139804f175c3b6__aug0_offline.jpg,7,aa139804f175c3b6.jpg,doc
aa139804f175c3b6__aug1_offline.jpg,7,aa139804f175c3b6.jpg,doc
aa139804f175c3b6__aug2_offline.jpg,7,aa139804f175c3b6.jpg,doc
aa22f60af3cf37a1__aug0_offline.jpg,16,aa22f60af3cf37a1.jpg,non_doc
aa22f60af3cf37a1__aug1_offline.jpg,16,aa22f60af3cf37a1.jpg,non_doc
aa22f60af3cf37a1__aug2_offline.jpg,16,aa22f60af3cf37a1.jpg,non_doc
aa22f60af3cf37a1__aug3_offline.jpg,16,aa22f60af3cf37a1.jpg,non_doc
aa69a5d83babf080__aug0_offline.jpg,4,aa69a5d83babf080.jpg,doc
aa69a5d83babf080__aug1_offline.jpg,4,aa69a5d83babf080.jpg,doc
aa69a5d83babf080__aug2_offline.jpg,4,aa69a5d83babf080.jpg,doc
aa69a5d83babf080__aug3_offline.jpg,4,aa69a5d83babf080.jpg,doc
aa6b90aa9e24c743__aug0_offline.jpg,3,aa6b90aa9e24c743.jpg,doc
aa6b90aa9e24c743__aug1_offline.jpg,3,aa6b90aa9e24c743.jpg,doc
aa6b90aa9e24c743__aug2_offline.jpg,3,aa6b90aa9e24c743.jpg,doc
aab8ed28854b23e2__aug0_offline.jpg,7,aab8ed28854b23e2.jpg,doc
aab8ed28854b23e2__aug1_offline.jpg,7,aab8ed28854b23e2.jpg,doc
aab8ed28854b23e2__aug2_offline.jpg,7,aab8ed28854b23e2.jpg,doc
aac51eae9d9f59f4__aug0_offline.jpg,15,aac51eae9d9f59f4.jpg,doc
aac51eae9d9f59f4__aug1_offline.jpg,15,aac51eae9d9f59f4.jpg,doc
aac51eae9d9f59f4__aug2_offline.jpg,15,aac51eae9d9f59f4.jpg,doc
aac51eae9d9f59f4__aug3_offline.jpg,15,aac51eae9d9f59f4.jpg,doc
aac6d02aa2f222af__aug0_offline.jpg,7,aac6d02aa2f222af.jpg,doc
aac6d02aa2f222af__aug1_offline.jpg,7,aac6d02aa2f222af.jpg,doc
aac6d02aa2f222af__aug2_offline.jpg,7,aac6d02aa2f222af.jpg,doc
aad633981ac0c5fe__aug0_offline.jpg,8,aad633981ac0c5fe.jpg,card_like
aad633981ac0c5fe__aug1_offline.jpg,8,aad633981ac0c5fe.jpg,card_like
aad633981ac0c5fe__aug2_offline.jpg,8,aad633981ac0c5fe.jpg,card_like
aad633981ac0c5fe__aug3_offline.jpg,8,aad633981ac0c5fe.jpg,card_like
aae17a71aeaf0ee8__aug0_offline.jpg,6,aae17a71aeaf0ee8.jpg,doc
aae17a71aeaf0ee8__aug1_offline.jpg,6,aae17a71aeaf0ee8.jpg,doc
aae17a71aeaf0ee8__aug2_offline.jpg,6,aae17a71aeaf0ee8.jpg,doc
aae17a71aeaf0ee8__aug3_offline.jpg,6,aae17a71aeaf0ee8.jpg,doc
aae9b8d3d923ff75__aug0_offline.jpg,12,aae9b8d3d923ff75.jpg,doc
aae9b8d3d923ff75__aug1_offline.jpg,12,aae9b8d3d923ff75.jpg,doc
aae9b8d3d923ff75__aug2_offline.jpg,12,aae9b8d3d923ff75.jpg,doc
aaff35477765a02f__aug0_offline.jpg,1,aaff35477765a02f.jpg,doc
aaff35477765a02f__aug1_offline.jpg,1,aaff35477765a02f.jpg,doc
aaff35477765a02f__aug2_offline.jpg,1,aaff35477765a02f.jpg,doc
aaff35477765a02f__aug3_offline.jpg,1,aaff35477765a02f.jpg,doc
aaff35477765a02f__aug4_offline.jpg,1,aaff35477765a02f.jpg,doc
aaff35477765a02f__aug5_offline.jpg,1,aaff35477765a02f.jpg,doc
aaff35477765a02f__aug6_offline.jpg,1,aaff35477765a02f.jpg,doc
aaff35477765a02f__aug7_offline.jpg,1,aaff35477765a02f.jpg,doc
aaff35477765a02f__aug8_offline.jpg,1,aaff35477765a02f.jpg,doc
ab03e6a0e1989cf4__aug0_offline.jpg,12,ab03e6a0e1989cf4.jpg,doc
ab03e6a0e1989cf4__aug1_offline.jpg,12,ab03e6a0e1989cf4.jpg,doc
ab03e6a0e1989cf4__aug2_offline.jpg,12,ab03e6a0e1989cf4.jpg,doc
ab550f9eba0bb66e__aug0_offline.jpg,11,ab550f9eba0bb66e.jpg,doc
ab550f9eba0bb66e__aug1_offline.jpg,11,ab550f9eba0bb66e.jpg,doc
ab550f9eba0bb66e__aug2_offline.jpg,11,ab550f9eba0bb66e.jpg,doc
ab550f9eba0bb66e__aug3_offline.jpg,11,ab550f9eba0bb66e.jpg,doc
ab74a4a15213ef9e__aug0_offline.jpg,16,ab74a4a15213ef9e.jpg,non_doc
ab74a4a15213ef9e__aug1_offline.jpg,16,ab74a4a15213ef9e.jpg,non_doc
ab74a4a15213ef9e__aug2_offline.jpg,16,ab74a4a15213ef9e.jpg,non_doc
ab9694a5b31f6f83__aug0_offline.jpg,12,ab9694a5b31f6f83.jpg,doc
ab9694a5b31f6f83__aug1_offline.jpg,12,ab9694a5b31f6f83.jpg,doc
ab9694a5b31f6f83__aug2_offline.jpg,12,ab9694a5b31f6f83.jpg,doc
abb3f1590ca9067a__aug0_offline.jpg,13,abb3f1590ca9067a.jpg,doc
abb3f1590ca9067a__aug1_offline.jpg,13,abb3f1590ca9067a.jpg,doc
abb3f1590ca9067a__aug2_offline.jpg,13,abb3f1590ca9067a.jpg,doc
abb3f1590ca9067a__aug3_offline.jpg,13,abb3f1590ca9067a.jpg,doc
abcadd0c3e61c71a__aug0_offline.jpg,16,abcadd0c3e61c71a.jpg,non_doc
abcadd0c3e61c71a__aug1_offline.jpg,16,abcadd0c3e61c71a.jpg,non_doc
abcadd0c3e61c71a__aug2_offline.jpg,16,abcadd0c3e61c71a.jpg,non_doc
abd972d50ca65f09__aug0_offline.jpg,9,abd972d50ca65f09.jpg,card_like
abd972d50ca65f09__aug1_offline.jpg,9,abd972d50ca65f09.jpg,card_like
abd972d50ca65f09__aug2_offline.jpg,9,abd972d50ca65f09.jpg,card_like
abd972d50ca65f09__aug3_offline.jpg,9,abd972d50ca65f09.jpg,card_like
ac1d061d87b5a8e2__aug0_offline.jpg,8,ac1d061d87b5a8e2.jpg,card_like
ac1d061d87b5a8e2__aug1_offline.jpg,8,ac1d061d87b5a8e2.jpg,card_like
ac1d061d87b5a8e2__aug2_offline.jpg,8,ac1d061d87b5a8e2.jpg,card_like
ac1d061d87b5a8e2__aug3_offline.jpg,8,ac1d061d87b5a8e2.jpg,card_like
ac3fb4876300c2cb__aug0_offline.jpg,6,ac3fb4876300c2cb.jpg,doc
ac3fb4876300c2cb__aug1_offline.jpg,6,ac3fb4876300c2cb.jpg,doc
ac3fb4876300c2cb__aug2_offline.jpg,6,ac3fb4876300c2cb.jpg,doc
ac3fb4876300c2cb__aug3_offline.jpg,6,ac3fb4876300c2cb.jpg,doc
acffd0c2090afaa9__aug0_offline.jpg,6,acffd0c2090afaa9.jpg,doc
acffd0c2090afaa9__aug1_offline.jpg,6,acffd0c2090afaa9.jpg,doc
acffd0c2090afaa9__aug2_offline.jpg,6,acffd0c2090afaa9.jpg,doc
acffd0c2090afaa9__aug3_offline.jpg,6,acffd0c2090afaa9.jpg,doc
ad92317dc3cc952d__aug0_offline.jpg,2,ad92317dc3cc952d.jpg,non_doc
ad92317dc3cc952d__aug1_offline.jpg,2,ad92317dc3cc952d.jpg,non_doc
ad92317dc3cc952d__aug2_offline.jpg,2,ad92317dc3cc952d.jpg,non_doc
ad92317dc3cc952d__aug3_offline.jpg,2,ad92317dc3cc952d.jpg,non_doc
ada70219203e6139__aug0_offline.jpg,0,ada70219203e6139.jpg,doc
ada70219203e6139__aug1_offline.jpg,0,ada70219203e6139.jpg,doc
ada70219203e6139__aug2_offline.jpg,0,ada70219203e6139.jpg,doc
ada70219203e6139__aug3_offline.jpg,0,ada70219203e6139.jpg,doc
ada70daa72066d50__aug0_offline.jpg,13,ada70daa72066d50.jpg,doc
ada70daa72066d50__aug1_offline.jpg,13,ada70daa72066d50.jpg,doc
ada70daa72066d50__aug2_offline.jpg,13,ada70daa72066d50.jpg,doc
ada70daa72066d50__aug3_offline.jpg,13,ada70daa72066d50.jpg,doc
add22a42c2c89ff7__aug0_offline.jpg,8,add22a42c2c89ff7.jpg,card_like
add22a42c2c89ff7__aug1_offline.jpg,8,add22a42c2c89ff7.jpg,card_like
add22a42c2c89ff7__aug2_offline.jpg,8,add22a42c2c89ff7.jpg,card_like
add22a42c2c89ff7__aug3_offline.jpg,8,add22a42c2c89ff7.jpg,card_like
ade3fec2ce27a123__aug0_offline.jpg,3,ade3fec2ce27a123.jpg,doc
ade3fec2ce27a123__aug1_offline.jpg,3,ade3fec2ce27a123.jpg,doc
ade3fec2ce27a123__aug2_offline.jpg,3,ade3fec2ce27a123.jpg,doc
ae716e6f75abc9e1__aug0_offline.jpg,15,ae716e6f75abc9e1.jpg,doc
ae716e6f75abc9e1__aug1_offline.jpg,15,ae716e6f75abc9e1.jpg,doc
ae716e6f75abc9e1__aug2_offline.jpg,15,ae716e6f75abc9e1.jpg,doc
ae716e6f75abc9e1__aug3_offline.jpg,15,ae716e6f75abc9e1.jpg,doc
ae7a90e7eec6afa2__aug0_offline.jpg,9,ae7a90e7eec6afa2.jpg,card_like
ae7a90e7eec6afa2__aug1_offline.jpg,9,ae7a90e7eec6afa2.jpg,card_like
ae7a90e7eec6afa2__aug2_offline.jpg,9,ae7a90e7eec6afa2.jpg,card_like
ae7a90e7eec6afa2__aug3_offline.jpg,9,ae7a90e7eec6afa2.jpg,card_like
ae967d9ebd4d4d6d__aug0_offline.jpg,2,ae967d9ebd4d4d6d.jpg,non_doc
ae967d9ebd4d4d6d__aug1_offline.jpg,2,ae967d9ebd4d4d6d.jpg,non_doc
ae967d9ebd4d4d6d__aug2_offline.jpg,2,ae967d9ebd4d4d6d.jpg,non_doc
ae967d9ebd4d4d6d__aug3_offline.jpg,2,ae967d9ebd4d4d6d.jpg,non_doc
aea1e441afe77b1b__aug0_offline.jpg,15,aea1e441afe77b1b.jpg,doc
aea1e441afe77b1b__aug1_offline.jpg,15,aea1e441afe77b1b.jpg,doc
aea1e441afe77b1b__aug2_offline.jpg,15,aea1e441afe77b1b.jpg,doc
aea1e441afe77b1b__aug3_offline.jpg,15,aea1e441afe77b1b.jpg,doc
aeb440fc15e17b2f__aug0_offline.jpg,9,aeb440fc15e17b2f.jpg,card_like
aeb440fc15e17b2f__aug1_offline.jpg,9,aeb440fc15e17b2f.jpg,card_like
aeb440fc15e17b2f__aug2_offline.jpg,9,aeb440fc15e17b2f.jpg,card_like
aeb440fc15e17b2f__aug3_offline.jpg,9,aeb440fc15e17b2f.jpg,card_like
aec62dced7af97cd__aug0_offline.jpg,14,aec62dced7af97cd.jpg,doc
aec62dced7af97cd__aug1_offline.jpg,14,aec62dced7af97cd.jpg,doc
aec62dced7af97cd__aug2_offline.jpg,14,aec62dced7af97cd.jpg,doc
aec62dced7af97cd__aug3_offline.jpg,14,aec62dced7af97cd.jpg,doc
aec62dced7af97cd__aug4_offline.jpg,14,aec62dced7af97cd.jpg,doc
aec62dced7af97cd__aug5_offline.jpg,14,aec62dced7af97cd.jpg,doc
aec62dced7af97cd__aug6_offline.jpg,14,aec62dced7af97cd.jpg,doc
aec62dced7af97cd__aug7_offline.jpg,14,aec62dced7af97cd.jpg,doc
af43b44a806fb52f__aug0_offline.jpg,12,af43b44a806fb52f.jpg,doc
af43b44a806fb52f__aug1_offline.jpg,12,af43b44a806fb52f.jpg,doc
af43b44a806fb52f__aug2_offline.jpg,12,af43b44a806fb52f.jpg,doc
af650bfc45cb3c46__aug0_offline.jpg,3,af650bfc45cb3c46.jpg,doc
af650bfc45cb3c46__aug1_offline.jpg,3,af650bfc45cb3c46.jpg,doc
af650bfc45cb3c46__aug2_offline.jpg,3,af650bfc45cb3c46.jpg,doc
af7482673fe0ba63__aug0_offline.jpg,10,af7482673fe0ba63.jpg,doc
af7482673fe0ba63__aug1_offline.jpg,10,af7482673fe0ba63.jpg,doc
af7482673fe0ba63__aug2_offline.jpg,10,af7482673fe0ba63.jpg,doc
af98b23b8a69ce68__aug0_offline.jpg,6,af98b23b8a69ce68.jpg,doc
af98b23b8a69ce68__aug1_offline.jpg,6,af98b23b8a69ce68.jpg,doc
af98b23b8a69ce68__aug2_offline.jpg,6,af98b23b8a69ce68.jpg,doc
af98b23b8a69ce68__aug3_offline.jpg,6,af98b23b8a69ce68.jpg,doc
afc20ff874b0c11d__aug0_offline.jpg,6,afc20ff874b0c11d.jpg,doc
afc20ff874b0c11d__aug1_offline.jpg,6,afc20ff874b0c11d.jpg,doc
afc20ff874b0c11d__aug2_offline.jpg,6,afc20ff874b0c11d.jpg,doc
afc20ff874b0c11d__aug3_offline.jpg,6,afc20ff874b0c11d.jpg,doc
b047a4e2d880c3df__aug0_offline.jpg,0,b047a4e2d880c3df.jpg,doc
b047a4e2d880c3df__aug1_offline.jpg,0,b047a4e2d880c3df.jpg,doc
b047a4e2d880c3df__aug2_offline.jpg,0,b047a4e2d880c3df.jpg,doc
b047a4e2d880c3df__aug3_offline.jpg,0,b047a4e2d880c3df.jpg,doc
b0579fc08290eb15__aug0_offline.jpg,13,b0579fc08290eb15.jpg,doc
b0579fc08290eb15__aug1_offline.jpg,13,b0579fc08290eb15.jpg,doc
b0579fc08290eb15__aug2_offline.jpg,13,b0579fc08290eb15.jpg,doc
b0579fc08290eb15__aug3_offline.jpg,13,b0579fc08290eb15.jpg,doc
b0ab48967aaabefe__aug0_offline.jpg,13,b0ab48967aaabefe.jpg,doc
b0ab48967aaabefe__aug1_offline.jpg,13,b0ab48967aaabefe.jpg,doc
b0ab48967aaabefe__aug2_offline.jpg,13,b0ab48967aaabefe.jpg,doc
b0ab48967aaabefe__aug3_offline.jpg,13,b0ab48967aaabefe.jpg,doc
b0bb8e8b8cee9f80__aug0_offline.jpg,11,b0bb8e8b8cee9f80.jpg,doc
b0bb8e8b8cee9f80__aug1_offline.jpg,11,b0bb8e8b8cee9f80.jpg,doc
b0bb8e8b8cee9f80__aug2_offline.jpg,11,b0bb8e8b8cee9f80.jpg,doc
b0bb8e8b8cee9f80__aug3_offline.jpg,11,b0bb8e8b8cee9f80.jpg,doc
b11635eb655b6717__aug0_offline.jpg,11,b11635eb655b6717.jpg,doc
b11635eb655b6717__aug1_offline.jpg,11,b11635eb655b6717.jpg,doc
b11635eb655b6717__aug2_offline.jpg,11,b11635eb655b6717.jpg,doc
b11635eb655b6717__aug3_offline.jpg,11,b11635eb655b6717.jpg,doc
b141a5c55d387a8a__aug0_offline.jpg,6,b141a5c55d387a8a.jpg,doc
b141a5c55d387a8a__aug1_offline.jpg,6,b141a5c55d387a8a.jpg,doc
b141a5c55d387a8a__aug2_offline.jpg,6,b141a5c55d387a8a.jpg,doc
b141a5c55d387a8a__aug3_offline.jpg,6,b141a5c55d387a8a.jpg,doc
b16aa9a699ba0403__aug0_offline.jpg,9,b16aa9a699ba0403.jpg,card_like
b16aa9a699ba0403__aug1_offline.jpg,9,b16aa9a699ba0403.jpg,card_like
b16aa9a699ba0403__aug2_offline.jpg,9,b16aa9a699ba0403.jpg,card_like
b16aa9a699ba0403__aug3_offline.jpg,9,b16aa9a699ba0403.jpg,card_like
b1b8135883880397__aug0_offline.jpg,6,b1b8135883880397.jpg,doc
b1b8135883880397__aug1_offline.jpg,6,b1b8135883880397.jpg,doc
b1b8135883880397__aug2_offline.jpg,6,b1b8135883880397.jpg,doc
b1b8135883880397__aug3_offline.jpg,6,b1b8135883880397.jpg,doc
b1b8d8ba5cc17be8__aug0_offline.jpg,6,b1b8d8ba5cc17be8.jpg,doc
b1b8d8ba5cc17be8__aug1_offline.jpg,6,b1b8d8ba5cc17be8.jpg,doc
b1b8d8ba5cc17be8__aug2_offline.jpg,6,b1b8d8ba5cc17be8.jpg,doc
b1b8d8ba5cc17be8__aug3_offline.jpg,6,b1b8d8ba5cc17be8.jpg,doc
b1d97ec7d7796742__aug0_offline.jpg,9,b1d97ec7d7796742.jpg,card_like
b1d97ec7d7796742__aug1_offline.jpg,9,b1d97ec7d7796742.jpg,card_like
b1d97ec7d7796742__aug2_offline.jpg,9,b1d97ec7d7796742.jpg,card_like
b1d97ec7d7796742__aug3_offline.jpg,9,b1d97ec7d7796742.jpg,card_like
b1dad2db5c2de2da__aug0_offline.jpg,15,b1dad2db5c2de2da.jpg,doc
b1dad2db5c2de2da__aug1_offline.jpg,15,b1dad2db5c2de2da.jpg,doc
b1dad2db5c2de2da__aug2_offline.jpg,15,b1dad2db5c2de2da.jpg,doc
b1dad2db5c2de2da__aug3_offline.jpg,15,b1dad2db5c2de2da.jpg,doc
b1df49cbaeaf5ad9__aug0_offline.jpg,13,b1df49cbaeaf5ad9.jpg,doc
b1df49cbaeaf5ad9__aug1_offline.jpg,13,b1df49cbaeaf5ad9.jpg,doc
b1df49cbaeaf5ad9__aug2_offline.jpg,13,b1df49cbaeaf5ad9.jpg,doc
b1df49cbaeaf5ad9__aug3_offline.jpg,13,b1df49cbaeaf5ad9.jpg,doc
b1f002569b26956e__aug0_offline.jpg,0,b1f002569b26956e.jpg,doc
b1f002569b26956e__aug1_offline.jpg,0,b1f002569b26956e.jpg,doc
b1f002569b26956e__aug2_offline.jpg,0,b1f002569b26956e.jpg,doc
b1f002569b26956e__aug3_offline.jpg,0,b1f002569b26956e.jpg,doc
b1ff3463ccf4d719__aug0_offline.jpg,4,b1ff3463ccf4d719.jpg,doc
b1ff3463ccf4d719__aug1_offline.jpg,4,b1ff3463ccf4d719.jpg,doc
b1ff3463ccf4d719__aug2_offline.jpg,4,b1ff3463ccf4d719.jpg,doc
b1ff3463ccf4d719__aug3_offline.jpg,4,b1ff3463ccf4d719.jpg,doc
b2062857386ce836__aug0_offline.jpg,2,b2062857386ce836.jpg,non_doc
b2062857386ce836__aug1_offline.jpg,2,b2062857386ce836.jpg,non_doc
b2062857386ce836__aug2_offline.jpg,2,b2062857386ce836.jpg,non_doc
b2062857386ce836__aug3_offline.jpg,2,b2062857386ce836.jpg,non_doc
b239e732f103515a__aug0_offline.jpg,12,b239e732f103515a.jpg,doc
b239e732f103515a__aug1_offline.jpg,12,b239e732f103515a.jpg,doc
b239e732f103515a__aug2_offline.jpg,12,b239e732f103515a.jpg,doc
b24e858828f3c79f__aug0_offline.jpg,2,b24e858828f3c79f.jpg,non_doc
b24e858828f3c79f__aug1_offline.jpg,2,b24e858828f3c79f.jpg,non_doc
b24e858828f3c79f__aug2_offline.jpg,2,b24e858828f3c79f.jpg,non_doc
b24e858828f3c79f__aug3_offline.jpg,2,b24e858828f3c79f.jpg,non_doc
b25309511ca8cddb__aug0_offline.jpg,9,b25309511ca8cddb.jpg,card_like
b25309511ca8cddb__aug1_offline.jpg,9,b25309511ca8cddb.jpg,card_like
b25309511ca8cddb__aug2_offline.jpg,9,b25309511ca8cddb.jpg,card_like
b25309511ca8cddb__aug3_offline.jpg,9,b25309511ca8cddb.jpg,card_like
b27747c52c58fc0b__aug0_offline.jpg,16,b27747c52c58fc0b.jpg,non_doc
b27747c52c58fc0b__aug1_offline.jpg,16,b27747c52c58fc0b.jpg,non_doc
b27747c52c58fc0b__aug2_offline.jpg,16,b27747c52c58fc0b.jpg,non_doc
b28682210d4add0c__aug0_offline.jpg,2,b28682210d4add0c.jpg,non_doc
b28682210d4add0c__aug1_offline.jpg,2,b28682210d4add0c.jpg,non_doc
b28682210d4add0c__aug2_offline.jpg,2,b28682210d4add0c.jpg,non_doc
b28682210d4add0c__aug3_offline.jpg,2,b28682210d4add0c.jpg,non_doc
b2eda80548c86f2b__aug0_offline.jpg,7,b2eda80548c86f2b.jpg,doc
b2eda80548c86f2b__aug1_offline.jpg,7,b2eda80548c86f2b.jpg,doc
b2eda80548c86f2b__aug2_offline.jpg,7,b2eda80548c86f2b.jpg,doc
b309880a38eba04a__aug0_offline.jpg,11,b309880a38eba04a.jpg,doc
b309880a38eba04a__aug1_offline.jpg,11,b309880a38eba04a.jpg,doc
b309880a38eba04a__aug2_offline.jpg,11,b309880a38eba04a.jpg,doc
b309880a38eba04a__aug3_offline.jpg,11,b309880a38eba04a.jpg,doc
b394d57c38b043cb__aug0_offline.jpg,11,b394d57c38b043cb.jpg,doc
b394d57c38b043cb__aug1_offline.jpg,11,b394d57c38b043cb.jpg,doc
b394d57c38b043cb__aug2_offline.jpg,11,b394d57c38b043cb.jpg,doc
b394d57c38b043cb__aug3_offline.jpg,11,b394d57c38b043cb.jpg,doc
b3d7489cf80ef539__aug0_offline.jpg,6,b3d7489cf80ef539.jpg,doc
b3d7489cf80ef539__aug1_offline.jpg,6,b3d7489cf80ef539.jpg,doc
b3d7489cf80ef539__aug2_offline.jpg,6,b3d7489cf80ef539.jpg,doc
b3d7489cf80ef539__aug3_offline.jpg,6,b3d7489cf80ef539.jpg,doc
b3d82ea13c1b6cc6__aug0_offline.jpg,6,b3d82ea13c1b6cc6.jpg,doc
b3d82ea13c1b6cc6__aug1_offline.jpg,6,b3d82ea13c1b6cc6.jpg,doc
b3d82ea13c1b6cc6__aug2_offline.jpg,6,b3d82ea13c1b6cc6.jpg,doc
b3d82ea13c1b6cc6__aug3_offline.jpg,6,b3d82ea13c1b6cc6.jpg,doc
b41de9491b14ca00__aug0_offline.jpg,5,b41de9491b14ca00.jpg,card_like
b41de9491b14ca00__aug1_offline.jpg,5,b41de9491b14ca00.jpg,card_like
b41de9491b14ca00__aug2_offline.jpg,5,b41de9491b14ca00.jpg,card_like
b41de9491b14ca00__aug3_offline.jpg,5,b41de9491b14ca00.jpg,card_like
b4558f9fbab01ca6__aug0_offline.jpg,11,b4558f9fbab01ca6.jpg,doc
b4558f9fbab01ca6__aug1_offline.jpg,11,b4558f9fbab01ca6.jpg,doc
b4558f9fbab01ca6__aug2_offline.jpg,11,b4558f9fbab01ca6.jpg,doc
b4558f9fbab01ca6__aug3_offline.jpg,11,b4558f9fbab01ca6.jpg,doc
b460c73d31e47772__aug0_offline.jpg,15,b460c73d31e47772.jpg,doc
b460c73d31e47772__aug1_offline.jpg,15,b460c73d31e47772.jpg,doc
b460c73d31e47772__aug2_offline.jpg,15,b460c73d31e47772.jpg,doc
b460c73d31e47772__aug3_offline.jpg,15,b460c73d31e47772.jpg,doc
b4cd97437f509da2__aug0_offline.jpg,6,b4cd97437f509da2.jpg,doc
b4cd97437f509da2__aug1_offline.jpg,6,b4cd97437f509da2.jpg,doc
b4cd97437f509da2__aug2_offline.jpg,6,b4cd97437f509da2.jpg,doc
b4d81dc41055abf2__aug0_offline.jpg,14,b4d81dc41055abf2.jpg,doc
b4d81dc41055abf2__aug1_offline.jpg,14,b4d81dc41055abf2.jpg,doc
b4d81dc41055abf2__aug2_offline.jpg,14,b4d81dc41055abf2.jpg,doc
b4d81dc41055abf2__aug3_offline.jpg,14,b4d81dc41055abf2.jpg,doc
b4d81dc41055abf2__aug4_offline.jpg,14,b4d81dc41055abf2.jpg,doc
b4d81dc41055abf2__aug5_offline.jpg,14,b4d81dc41055abf2.jpg,doc
b4d81dc41055abf2__aug6_offline.jpg,14,b4d81dc41055abf2.jpg,doc
b4d81dc41055abf2__aug7_offline.jpg,14,b4d81dc41055abf2.jpg,doc
b4da5d68e78551d3__aug0_offline.jpg,2,b4da5d68e78551d3.jpg,non_doc
b4da5d68e78551d3__aug1_offline.jpg,2,b4da5d68e78551d3.jpg,non_doc
b4da5d68e78551d3__aug2_offline.jpg,2,b4da5d68e78551d3.jpg,non_doc
b4da5d68e78551d3__aug3_offline.jpg,2,b4da5d68e78551d3.jpg,non_doc
b4daa4c7cda3e0cc__aug0_offline.jpg,5,b4daa4c7cda3e0cc.jpg,card_like
b4daa4c7cda3e0cc__aug1_offline.jpg,5,b4daa4c7cda3e0cc.jpg,card_like
b4daa4c7cda3e0cc__aug2_offline.jpg,5,b4daa4c7cda3e0cc.jpg,card_like
b4daa4c7cda3e0cc__aug3_offline.jpg,5,b4daa4c7cda3e0cc.jpg,card_like
b592bfc7d0cb9458__aug0_offline.jpg,2,b592bfc7d0cb9458.jpg,non_doc
b592bfc7d0cb9458__aug1_offline.jpg,2,b592bfc7d0cb9458.jpg,non_doc
b592bfc7d0cb9458__aug2_offline.jpg,2,b592bfc7d0cb9458.jpg,non_doc
b592bfc7d0cb9458__aug3_offline.jpg,2,b592bfc7d0cb9458.jpg,non_doc
b5c66bc6a81dafc9__aug0_offline.jpg,7,b5c66bc6a81dafc9.jpg,doc
b5c66bc6a81dafc9__aug1_offline.jpg,7,b5c66bc6a81dafc9.jpg,doc
b5c66bc6a81dafc9__aug2_offline.jpg,7,b5c66bc6a81dafc9.jpg,doc
b61ae52dc266394f__aug0_offline.jpg,8,b61ae52dc266394f.jpg,card_like
b61ae52dc266394f__aug1_offline.jpg,8,b61ae52dc266394f.jpg,card_like
b61ae52dc266394f__aug2_offline.jpg,8,b61ae52dc266394f.jpg,card_like
b61ae52dc266394f__aug3_offline.jpg,8,b61ae52dc266394f.jpg,card_like
b64702697731f418__aug0_offline.jpg,12,b64702697731f418.jpg,doc
b64702697731f418__aug1_offline.jpg,12,b64702697731f418.jpg,doc
b64702697731f418__aug2_offline.jpg,12,b64702697731f418.jpg,doc
b6c45bbd0d5173c6__aug0_offline.jpg,1,b6c45bbd0d5173c6.jpg,doc
b6c45bbd0d5173c6__aug1_offline.jpg,1,b6c45bbd0d5173c6.jpg,doc
b6c45bbd0d5173c6__aug2_offline.jpg,1,b6c45bbd0d5173c6.jpg,doc
b6c45bbd0d5173c6__aug3_offline.jpg,1,b6c45bbd0d5173c6.jpg,doc
b6c45bbd0d5173c6__aug4_offline.jpg,1,b6c45bbd0d5173c6.jpg,doc
b6c45bbd0d5173c6__aug5_offline.jpg,1,b6c45bbd0d5173c6.jpg,doc
b6c45bbd0d5173c6__aug6_offline.jpg,1,b6c45bbd0d5173c6.jpg,doc
b6c45bbd0d5173c6__aug7_offline.jpg,1,b6c45bbd0d5173c6.jpg,doc
b6c45bbd0d5173c6__aug8_offline.jpg,1,b6c45bbd0d5173c6.jpg,doc
b6c8b10d1ffb2160__aug0_offline.jpg,9,b6c8b10d1ffb2160.jpg,card_like
b6c8b10d1ffb2160__aug1_offline.jpg,9,b6c8b10d1ffb2160.jpg,card_like
b6c8b10d1ffb2160__aug2_offline.jpg,9,b6c8b10d1ffb2160.jpg,card_like
b6c8b10d1ffb2160__aug3_offline.jpg,9,b6c8b10d1ffb2160.jpg,card_like
b6e11083f16bdf8d__aug0_offline.jpg,9,b6e11083f16bdf8d.jpg,card_like
b6e11083f16bdf8d__aug1_offline.jpg,9,b6e11083f16bdf8d.jpg,card_like
b6e11083f16bdf8d__aug2_offline.jpg,9,b6e11083f16bdf8d.jpg,card_like
b6fead8b27b09f6a__aug0_offline.jpg,8,b6fead8b27b09f6a.jpg,card_like
b6fead8b27b09f6a__aug1_offline.jpg,8,b6fead8b27b09f6a.jpg,card_like
b6fead8b27b09f6a__aug2_offline.jpg,8,b6fead8b27b09f6a.jpg,card_like
b705ffb2eceba8b2__aug0_offline.jpg,16,b705ffb2eceba8b2.jpg,non_doc
b705ffb2eceba8b2__aug1_offline.jpg,16,b705ffb2eceba8b2.jpg,non_doc
b705ffb2eceba8b2__aug2_offline.jpg,16,b705ffb2eceba8b2.jpg,non_doc
b709b64897d9233f__aug0_offline.jpg,3,b709b64897d9233f.jpg,doc
b709b64897d9233f__aug1_offline.jpg,3,b709b64897d9233f.jpg,doc
b709b64897d9233f__aug2_offline.jpg,3,b709b64897d9233f.jpg,doc
b7337d87a1d2bb91__aug0_offline.jpg,5,b7337d87a1d2bb91.jpg,card_like
b7337d87a1d2bb91__aug1_offline.jpg,5,b7337d87a1d2bb91.jpg,card_like
b7337d87a1d2bb91__aug2_offline.jpg,5,b7337d87a1d2bb91.jpg,card_like
b7337d87a1d2bb91__aug3_offline.jpg,5,b7337d87a1d2bb91.jpg,card_like
b7389314404b2d96__aug0_offline.jpg,4,b7389314404b2d96.jpg,doc
b7389314404b2d96__aug1_offline.jpg,4,b7389314404b2d96.jpg,doc
b7389314404b2d96__aug2_offline.jpg,4,b7389314404b2d96.jpg,doc
b7389314404b2d96__aug3_offline.jpg,4,b7389314404b2d96.jpg,doc
b73a389fc25cfd4e__aug0_offline.jpg,9,b73a389fc25cfd4e.jpg,card_like
b73a389fc25cfd4e__aug1_offline.jpg,9,b73a389fc25cfd4e.jpg,card_like
b73a389fc25cfd4e__aug2_offline.jpg,9,b73a389fc25cfd4e.jpg,card_like
b7423812e6c1bc67__aug0_offline.jpg,3,b7423812e6c1bc67.jpg,doc
b7423812e6c1bc67__aug1_offline.jpg,3,b7423812e6c1bc67.jpg,doc
b7423812e6c1bc67__aug2_offline.jpg,3,b7423812e6c1bc67.jpg,doc
b77db39aea710089__aug0_offline.jpg,4,b77db39aea710089.jpg,doc
b77db39aea710089__aug1_offline.jpg,4,b77db39aea710089.jpg,doc
b77db39aea710089__aug2_offline.jpg,4,b77db39aea710089.jpg,doc
b77db39aea710089__aug3_offline.jpg,4,b77db39aea710089.jpg,doc
b7f64df2b1a77e94__aug0_offline.jpg,9,b7f64df2b1a77e94.jpg,card_like
b7f64df2b1a77e94__aug1_offline.jpg,9,b7f64df2b1a77e94.jpg,card_like
b7f64df2b1a77e94__aug2_offline.jpg,9,b7f64df2b1a77e94.jpg,card_like
b809e8d859f82012__aug0_offline.jpg,6,b809e8d859f82012.jpg,doc
b809e8d859f82012__aug1_offline.jpg,6,b809e8d859f82012.jpg,doc
b809e8d859f82012__aug2_offline.jpg,6,b809e8d859f82012.jpg,doc
b827c05dd3feaaaf__aug0_offline.jpg,13,b827c05dd3feaaaf.jpg,doc
b827c05dd3feaaaf__aug1_offline.jpg,13,b827c05dd3feaaaf.jpg,doc
b827c05dd3feaaaf__aug2_offline.jpg,13,b827c05dd3feaaaf.jpg,doc
b827c05dd3feaaaf__aug3_offline.jpg,13,b827c05dd3feaaaf.jpg,doc
b85142f970ee0423__aug0_offline.jpg,6,b85142f970ee0423.jpg,doc
b85142f970ee0423__aug1_offline.jpg,6,b85142f970ee0423.jpg,doc
b85142f970ee0423__aug2_offline.jpg,6,b85142f970ee0423.jpg,doc
b8685851e07c5f80__aug0_offline.jpg,4,b8685851e07c5f80.jpg,doc
b8685851e07c5f80__aug1_offline.jpg,4,b8685851e07c5f80.jpg,doc
b8685851e07c5f80__aug2_offline.jpg,4,b8685851e07c5f80.jpg,doc
b8685851e07c5f80__aug3_offline.jpg,4,b8685851e07c5f80.jpg,doc
b88ae140750180cc__aug0_offline.jpg,11,b88ae140750180cc.jpg,doc
b88ae140750180cc__aug1_offline.jpg,11,b88ae140750180cc.jpg,doc
b88ae140750180cc__aug2_offline.jpg,11,b88ae140750180cc.jpg,doc
b88ae140750180cc__aug3_offline.jpg,11,b88ae140750180cc.jpg,doc
b89c776a6a4b375b__aug0_offline.jpg,4,b89c776a6a4b375b.jpg,doc
b89c776a6a4b375b__aug1_offline.jpg,4,b89c776a6a4b375b.jpg,doc
b89c776a6a4b375b__aug2_offline.jpg,4,b89c776a6a4b375b.jpg,doc
b89c776a6a4b375b__aug3_offline.jpg,4,b89c776a6a4b375b.jpg,doc
b8ff531e7d91e362__aug0_offline.jpg,11,b8ff531e7d91e362.jpg,doc
b8ff531e7d91e362__aug1_offline.jpg,11,b8ff531e7d91e362.jpg,doc
b8ff531e7d91e362__aug2_offline.jpg,11,b8ff531e7d91e362.jpg,doc
b8ff531e7d91e362__aug3_offline.jpg,11,b8ff531e7d91e362.jpg,doc
b92152203e68a586__aug0_offline.jpg,4,b92152203e68a586.jpg,doc
b92152203e68a586__aug1_offline.jpg,4,b92152203e68a586.jpg,doc
b92152203e68a586__aug2_offline.jpg,4,b92152203e68a586.jpg,doc
b92152203e68a586__aug3_offline.jpg,4,b92152203e68a586.jpg,doc
b965827e74ee614b__aug0_offline.jpg,6,b965827e74ee614b.jpg,doc
b965827e74ee614b__aug1_offline.jpg,6,b965827e74ee614b.jpg,doc
b965827e74ee614b__aug2_offline.jpg,6,b965827e74ee614b.jpg,doc
b98c9e7804e8b6dd__aug0_offline.jpg,12,b98c9e7804e8b6dd.jpg,doc
b98c9e7804e8b6dd__aug1_offline.jpg,12,b98c9e7804e8b6dd.jpg,doc
b98c9e7804e8b6dd__aug2_offline.jpg,12,b98c9e7804e8b6dd.jpg,doc
b993227004156755__aug0_offline.jpg,4,b993227004156755.jpg,doc
b993227004156755__aug1_offline.jpg,4,b993227004156755.jpg,doc
b993227004156755__aug2_offline.jpg,4,b993227004156755.jpg,doc
b993227004156755__aug3_offline.jpg,4,b993227004156755.jpg,doc
b9997c0ada6471e2__aug0_offline.jpg,0,b9997c0ada6471e2.jpg,doc
b9997c0ada6471e2__aug1_offline.jpg,0,b9997c0ada6471e2.jpg,doc
b9997c0ada6471e2__aug2_offline.jpg,0,b9997c0ada6471e2.jpg,doc
b9997c0ada6471e2__aug3_offline.jpg,0,b9997c0ada6471e2.jpg,doc
ba133d22f8f3ba10__aug0_offline.jpg,0,ba133d22f8f3ba10.jpg,doc
ba133d22f8f3ba10__aug1_offline.jpg,0,ba133d22f8f3ba10.jpg,doc
ba133d22f8f3ba10__aug2_offline.jpg,0,ba133d22f8f3ba10.jpg,doc
ba133d22f8f3ba10__aug3_offline.jpg,0,ba133d22f8f3ba10.jpg,doc
ba3e6247c27fa06f__aug0_offline.jpg,6,ba3e6247c27fa06f.jpg,doc
ba3e6247c27fa06f__aug1_offline.jpg,6,ba3e6247c27fa06f.jpg,doc
ba3e6247c27fa06f__aug2_offline.jpg,6,ba3e6247c27fa06f.jpg,doc
ba579593a4909f6e__aug0_offline.jpg,13,ba579593a4909f6e.jpg,doc
ba579593a4909f6e__aug1_offline.jpg,13,ba579593a4909f6e.jpg,doc
ba579593a4909f6e__aug2_offline.jpg,13,ba579593a4909f6e.jpg,doc
ba579593a4909f6e__aug3_offline.jpg,13,ba579593a4909f6e.jpg,doc
ba95708686a33f50__aug0_offline.jpg,2,ba95708686a33f50.jpg,non_doc
ba95708686a33f50__aug1_offline.jpg,2,ba95708686a33f50.jpg,non_doc
ba95708686a33f50__aug2_offline.jpg,2,ba95708686a33f50.jpg,non_doc
ba992ca72aaf3677__aug0_offline.jpg,9,ba992ca72aaf3677.jpg,card_like
ba992ca72aaf3677__aug1_offline.jpg,9,ba992ca72aaf3677.jpg,card_like
ba992ca72aaf3677__aug2_offline.jpg,9,ba992ca72aaf3677.jpg,card_like
baa0f051beaf049f__aug0_offline.jpg,13,baa0f051beaf049f.jpg,doc
baa0f051beaf049f__aug1_offline.jpg,13,baa0f051beaf049f.jpg,doc
baa0f051beaf049f__aug2_offline.jpg,13,baa0f051beaf049f.jpg,doc
baa0f051beaf049f__aug3_offline.jpg,13,baa0f051beaf049f.jpg,doc
baa80f147d1bcefc__aug0_offline.jpg,4,baa80f147d1bcefc.jpg,doc
baa80f147d1bcefc__aug1_offline.jpg,4,baa80f147d1bcefc.jpg,doc
baa80f147d1bcefc__aug2_offline.jpg,4,baa80f147d1bcefc.jpg,doc
bad74cc95cee3c75__aug0_offline.jpg,0,bad74cc95cee3c75.jpg,doc
bad74cc95cee3c75__aug1_offline.jpg,0,bad74cc95cee3c75.jpg,doc
bad74cc95cee3c75__aug2_offline.jpg,0,bad74cc95cee3c75.jpg,doc
bad74cc95cee3c75__aug3_offline.jpg,0,bad74cc95cee3c75.jpg,doc
bb4d477b8ffb8c11__aug0_offline.jpg,6,bb4d477b8ffb8c11.jpg,doc
bb4d477b8ffb8c11__aug1_offline.jpg,6,bb4d477b8ffb8c11.jpg,doc
bb4d477b8ffb8c11__aug2_offline.jpg,6,bb4d477b8ffb8c11.jpg,doc
bbb3c7c897a279c6__aug0_offline.jpg,3,bbb3c7c897a279c6.jpg,doc
bbb3c7c897a279c6__aug1_offline.jpg,3,bbb3c7c897a279c6.jpg,doc
bbb3c7c897a279c6__aug2_offline.jpg,3,bbb3c7c897a279c6.jpg,doc
bbc6a1043212c631__aug0_offline.jpg,14,bbc6a1043212c631.jpg,doc
bbc6a1043212c631__aug1_offline.jpg,14,bbc6a1043212c631.jpg,doc
bbc6a1043212c631__aug2_offline.jpg,14,bbc6a1043212c631.jpg,doc
bbc6a1043212c631__aug3_offline.jpg,14,bbc6a1043212c631.jpg,doc
bbc6a1043212c631__aug4_offline.jpg,14,bbc6a1043212c631.jpg,doc
bbc6a1043212c631__aug5_offline.jpg,14,bbc6a1043212c631.jpg,doc
bbc6a1043212c631__aug6_offline.jpg,14,bbc6a1043212c631.jpg,doc
bbc6a1043212c631__aug7_offline.jpg,14,bbc6a1043212c631.jpg,doc
bbebabe123611f14__aug0_offline.jpg,16,bbebabe123611f14.jpg,non_doc
bbebabe123611f14__aug1_offline.jpg,16,bbebabe123611f14.jpg,non_doc
bbebabe123611f14__aug2_offline.jpg,16,bbebabe123611f14.jpg,non_doc
bc41f760002af33d__aug0_offline.jpg,6,bc41f760002af33d.jpg,doc
bc41f760002af33d__aug1_offline.jpg,6,bc41f760002af33d.jpg,doc
bc41f760002af33d__aug2_offline.jpg,6,bc41f760002af33d.jpg,doc
bc4ec38de4b79c75__aug0_offline.jpg,13,bc4ec38de4b79c75.jpg,doc
bc4ec38de4b79c75__aug1_offline.jpg,13,bc4ec38de4b79c75.jpg,doc
bc4ec38de4b79c75__aug2_offline.jpg,13,bc4ec38de4b79c75.jpg,doc
bc4ec38de4b79c75__aug3_offline.jpg,13,bc4ec38de4b79c75.jpg,doc
bc6ba73d79a2936c__aug0_offline.jpg,8,bc6ba73d79a2936c.jpg,card_like
bc6ba73d79a2936c__aug1_offline.jpg,8,bc6ba73d79a2936c.jpg,card_like
bc6ba73d79a2936c__aug2_offline.jpg,8,bc6ba73d79a2936c.jpg,card_like
bc78e06b69c5f683__aug0_offline.jpg,5,bc78e06b69c5f683.jpg,card_like
bc78e06b69c5f683__aug1_offline.jpg,5,bc78e06b69c5f683.jpg,card_like
bc78e06b69c5f683__aug2_offline.jpg,5,bc78e06b69c5f683.jpg,card_like
bc90aa6ad32aac6c__aug0_offline.jpg,15,bc90aa6ad32aac6c.jpg,doc
bc90aa6ad32aac6c__aug1_offline.jpg,15,bc90aa6ad32aac6c.jpg,doc
bc90aa6ad32aac6c__aug2_offline.jpg,15,bc90aa6ad32aac6c.jpg,doc
bc90aa6ad32aac6c__aug3_offline.jpg,15,bc90aa6ad32aac6c.jpg,doc
bcb61c4330131a1b__aug0_offline.jpg,1,bcb61c4330131a1b.jpg,doc
bcb61c4330131a1b__aug1_offline.jpg,1,bcb61c4330131a1b.jpg,doc
bcb61c4330131a1b__aug2_offline.jpg,1,bcb61c4330131a1b.jpg,doc
bcb61c4330131a1b__aug3_offline.jpg,1,bcb61c4330131a1b.jpg,doc
bcb61c4330131a1b__aug4_offline.jpg,1,bcb61c4330131a1b.jpg,doc
bcb61c4330131a1b__aug5_offline.jpg,1,bcb61c4330131a1b.jpg,doc
bcb61c4330131a1b__aug6_offline.jpg,1,bcb61c4330131a1b.jpg,doc
bcb61c4330131a1b__aug7_offline.jpg,1,bcb61c4330131a1b.jpg,doc
bcb61c4330131a1b__aug8_offline.jpg,1,bcb61c4330131a1b.jpg,doc
bcce67ca3fec6158__aug0_offline.jpg,12,bcce67ca3fec6158.jpg,doc
bcce67ca3fec6158__aug1_offline.jpg,12,bcce67ca3fec6158.jpg,doc
bcce67ca3fec6158__aug2_offline.jpg,12,bcce67ca3fec6158.jpg,doc
bcdf3ca09b310143__aug0_offline.jpg,3,bcdf3ca09b310143.jpg,doc
bcdf3ca09b310143__aug1_offline.jpg,3,bcdf3ca09b310143.jpg,doc
bcdf3ca09b310143__aug2_offline.jpg,3,bcdf3ca09b310143.jpg,doc
bcf9041be7ebbe73__aug0_offline.jpg,12,bcf9041be7ebbe73.jpg,doc
bcf9041be7ebbe73__aug1_offline.jpg,12,bcf9041be7ebbe73.jpg,doc
bcf9041be7ebbe73__aug2_offline.jpg,12,bcf9041be7ebbe73.jpg,doc
bcfa1ce6259aaedd__aug0_offline.jpg,5,bcfa1ce6259aaedd.jpg,card_like
bcfa1ce6259aaedd__aug1_offline.jpg,5,bcfa1ce6259aaedd.jpg,card_like
bcfa1ce6259aaedd__aug2_offline.jpg,5,bcfa1ce6259aaedd.jpg,card_like
bd0a254053c10ea2__aug0_offline.jpg,6,bd0a254053c10ea2.jpg,doc
bd0a254053c10ea2__aug1_offline.jpg,6,bd0a254053c10ea2.jpg,doc
bd0a254053c10ea2__aug2_offline.jpg,6,bd0a254053c10ea2.jpg,doc
bd0b198dd441f11b__aug0_offline.jpg,12,bd0b198dd441f11b.jpg,doc
bd0b198dd441f11b__aug1_offline.jpg,12,bd0b198dd441f11b.jpg,doc
bd0b198dd441f11b__aug2_offline.jpg,12,bd0b198dd441f11b.jpg,doc
bd531feb80c89f9e__aug0_offline.jpg,10,bd531feb80c89f9e.jpg,doc
bd531feb80c89f9e__aug1_offline.jpg,10,bd531feb80c89f9e.jpg,doc
bd531feb80c89f9e__aug2_offline.jpg,10,bd531feb80c89f9e.jpg,doc
bd7d6479be4c286f__aug0_offline.jpg,15,bd7d6479be4c286f.jpg,doc
bd7d6479be4c286f__aug1_offline.jpg,15,bd7d6479be4c286f.jpg,doc
bd7d6479be4c286f__aug2_offline.jpg,15,bd7d6479be4c286f.jpg,doc
bdc0e937c23d0544__aug0_offline.jpg,0,bdc0e937c23d0544.jpg,doc
bdc0e937c23d0544__aug1_offline.jpg,0,bdc0e937c23d0544.jpg,doc
bdc0e937c23d0544__aug2_offline.jpg,0,bdc0e937c23d0544.jpg,doc
bdf1bd840d1db82c__aug0_offline.jpg,5,bdf1bd840d1db82c.jpg,card_like
bdf1bd840d1db82c__aug1_offline.jpg,5,bdf1bd840d1db82c.jpg,card_like
bdf1bd840d1db82c__aug2_offline.jpg,5,bdf1bd840d1db82c.jpg,card_like
be06420485ba2d7e__aug0_offline.jpg,10,be06420485ba2d7e.jpg,doc
be06420485ba2d7e__aug1_offline.jpg,10,be06420485ba2d7e.jpg,doc
be06420485ba2d7e__aug2_offline.jpg,10,be06420485ba2d7e.jpg,doc
be123b817a13676e__aug0_offline.jpg,16,be123b817a13676e.jpg,non_doc
be123b817a13676e__aug1_offline.jpg,16,be123b817a13676e.jpg,non_doc
be123b817a13676e__aug2_offline.jpg,16,be123b817a13676e.jpg,non_doc
be3aed2be00fd713__aug0_offline.jpg,4,be3aed2be00fd713.jpg,doc
be3aed2be00fd713__aug1_offline.jpg,4,be3aed2be00fd713.jpg,doc
be3aed2be00fd713__aug2_offline.jpg,4,be3aed2be00fd713.jpg,doc
be6311cc2841ba1f__aug0_offline.jpg,7,be6311cc2841ba1f.jpg,doc
be6311cc2841ba1f__aug1_offline.jpg,7,be6311cc2841ba1f.jpg,doc
be6311cc2841ba1f__aug2_offline.jpg,7,be6311cc2841ba1f.jpg,doc
be891ff3fe2d692c__aug0_offline.jpg,0,be891ff3fe2d692c.jpg,doc
be891ff3fe2d692c__aug1_offline.jpg,0,be891ff3fe2d692c.jpg,doc
be891ff3fe2d692c__aug2_offline.jpg,0,be891ff3fe2d692c.jpg,doc
bec303ba8b70ae3c__aug0_offline.jpg,12,bec303ba8b70ae3c.jpg,doc
bec303ba8b70ae3c__aug1_offline.jpg,12,bec303ba8b70ae3c.jpg,doc
bec303ba8b70ae3c__aug2_offline.jpg,12,bec303ba8b70ae3c.jpg,doc
bf04a8fc221acd6a__aug0_offline.jpg,6,bf04a8fc221acd6a.jpg,doc
bf04a8fc221acd6a__aug1_offline.jpg,6,bf04a8fc221acd6a.jpg,doc
bf04a8fc221acd6a__aug2_offline.jpg,6,bf04a8fc221acd6a.jpg,doc
bf1fb5abdc6da644__aug0_offline.jpg,9,bf1fb5abdc6da644.jpg,card_like
bf1fb5abdc6da644__aug1_offline.jpg,9,bf1fb5abdc6da644.jpg,card_like
bf1fb5abdc6da644__aug2_offline.jpg,9,bf1fb5abdc6da644.jpg,card_like
bf3057365931822c__aug0_offline.jpg,0,bf3057365931822c.jpg,doc
bf3057365931822c__aug1_offline.jpg,0,bf3057365931822c.jpg,doc
bf3057365931822c__aug2_offline.jpg,0,bf3057365931822c.jpg,doc
bf378d29d811faa8__aug0_offline.jpg,11,bf378d29d811faa8.jpg,doc
bf378d29d811faa8__aug1_offline.jpg,11,bf378d29d811faa8.jpg,doc
bf378d29d811faa8__aug2_offline.jpg,11,bf378d29d811faa8.jpg,doc
bf378d29d811faa8__aug3_offline.jpg,11,bf378d29d811faa8.jpg,doc
bf7b8a3fac473a79__aug0_offline.jpg,14,bf7b8a3fac473a79.jpg,doc
bf7b8a3fac473a79__aug1_offline.jpg,14,bf7b8a3fac473a79.jpg,doc
bf7b8a3fac473a79__aug2_offline.jpg,14,bf7b8a3fac473a79.jpg,doc
bf7b8a3fac473a79__aug3_offline.jpg,14,bf7b8a3fac473a79.jpg,doc
bf7b8a3fac473a79__aug4_offline.jpg,14,bf7b8a3fac473a79.jpg,doc
bf7b8a3fac473a79__aug5_offline.jpg,14,bf7b8a3fac473a79.jpg,doc
bf7b8a3fac473a79__aug6_offline.jpg,14,bf7b8a3fac473a79.jpg,doc
bf7b8a3fac473a79__aug7_offline.jpg,14,bf7b8a3fac473a79.jpg,doc
bfc53da0b7ae4512__aug0_offline.jpg,5,bfc53da0b7ae4512.jpg,card_like
bfc53da0b7ae4512__aug1_offline.jpg,5,bfc53da0b7ae4512.jpg,card_like
bfc53da0b7ae4512__aug2_offline.jpg,5,bfc53da0b7ae4512.jpg,card_like
bfc9fd388bfecaaf__aug0_offline.jpg,5,bfc9fd388bfecaaf.jpg,card_like
bfc9fd388bfecaaf__aug1_offline.jpg,5,bfc9fd388bfecaaf.jpg,card_like
bfc9fd388bfecaaf__aug2_offline.jpg,5,bfc9fd388bfecaaf.jpg,card_like
bfd6d17b01b792f6__aug0_offline.jpg,8,bfd6d17b01b792f6.jpg,card_like
bfd6d17b01b792f6__aug1_offline.jpg,8,bfd6d17b01b792f6.jpg,card_like
bfd6d17b01b792f6__aug2_offline.jpg,8,bfd6d17b01b792f6.jpg,card_like
bff16e0005d7db3f__aug0_offline.jpg,5,bff16e0005d7db3f.jpg,card_like
bff16e0005d7db3f__aug1_offline.jpg,5,bff16e0005d7db3f.jpg,card_like
bff16e0005d7db3f__aug2_offline.jpg,5,bff16e0005d7db3f.jpg,card_like
bff29317b6ccb64f__aug0_offline.jpg,0,bff29317b6ccb64f.jpg,doc
bff29317b6ccb64f__aug1_offline.jpg,0,bff29317b6ccb64f.jpg,doc
bff29317b6ccb64f__aug2_offline.jpg,0,bff29317b6ccb64f.jpg,doc
c039533391ddbe53__aug0_offline.jpg,7,c039533391ddbe53.jpg,doc
c039533391ddbe53__aug1_offline.jpg,7,c039533391ddbe53.jpg,doc
c039533391ddbe53__aug2_offline.jpg,7,c039533391ddbe53.jpg,doc
c0b2875c14ceca0c__aug0_offline.jpg,6,c0b2875c14ceca0c.jpg,doc
c0b2875c14ceca0c__aug1_offline.jpg,6,c0b2875c14ceca0c.jpg,doc
c0b2875c14ceca0c__aug2_offline.jpg,6,c0b2875c14ceca0c.jpg,doc
c0c9be1b3c32fc17__aug0_offline.jpg,10,c0c9be1b3c32fc17.jpg,doc
c0c9be1b3c32fc17__aug1_offline.jpg,10,c0c9be1b3c32fc17.jpg,doc
c0c9be1b3c32fc17__aug2_offline.jpg,10,c0c9be1b3c32fc17.jpg,doc
c0ceb27fdfaa4aaf__aug0_offline.jpg,3,c0ceb27fdfaa4aaf.jpg,doc
c0ceb27fdfaa4aaf__aug1_offline.jpg,3,c0ceb27fdfaa4aaf.jpg,doc
c0ceb27fdfaa4aaf__aug2_offline.jpg,3,c0ceb27fdfaa4aaf.jpg,doc
c0d43c9035f7d2b6__aug0_offline.jpg,3,c0d43c9035f7d2b6.jpg,doc
c0d43c9035f7d2b6__aug1_offline.jpg,3,c0d43c9035f7d2b6.jpg,doc
c0d43c9035f7d2b6__aug2_offline.jpg,3,c0d43c9035f7d2b6.jpg,doc
c1599db9cd8c2c16__aug0_offline.jpg,5,c1599db9cd8c2c16.jpg,card_like
c1599db9cd8c2c16__aug1_offline.jpg,5,c1599db9cd8c2c16.jpg,card_like
c1599db9cd8c2c16__aug2_offline.jpg,5,c1599db9cd8c2c16.jpg,card_like
c15f16d268849ead__aug0_offline.jpg,10,c15f16d268849ead.jpg,doc
c15f16d268849ead__aug1_offline.jpg,10,c15f16d268849ead.jpg,doc
c15f16d268849ead__aug2_offline.jpg,10,c15f16d268849ead.jpg,doc
c17d5a6399b48237__aug0_offline.jpg,13,c17d5a6399b48237.jpg,doc
c17d5a6399b48237__aug1_offline.jpg,13,c17d5a6399b48237.jpg,doc
c17d5a6399b48237__aug2_offline.jpg,13,c17d5a6399b48237.jpg,doc
c17d5a6399b48237__aug3_offline.jpg,13,c17d5a6399b48237.jpg,doc
c1887a6dc532382e__aug0_offline.jpg,2,c1887a6dc532382e.jpg,non_doc
c1887a6dc532382e__aug1_offline.jpg,2,c1887a6dc532382e.jpg,non_doc
c1887a6dc532382e__aug2_offline.jpg,2,c1887a6dc532382e.jpg,non_doc
c1aca4acf4fb283a__aug0_offline.jpg,11,c1aca4acf4fb283a.jpg,doc
c1aca4acf4fb283a__aug1_offline.jpg,11,c1aca4acf4fb283a.jpg,doc
c1aca4acf4fb283a__aug2_offline.jpg,11,c1aca4acf4fb283a.jpg,doc
c1f03fc1895ae807__aug0_offline.jpg,5,c1f03fc1895ae807.jpg,card_like
c1f03fc1895ae807__aug1_offline.jpg,5,c1f03fc1895ae807.jpg,card_like
c1f03fc1895ae807__aug2_offline.jpg,5,c1f03fc1895ae807.jpg,card_like
c1fb3a3c0c08a60e__aug0_offline.jpg,10,c1fb3a3c0c08a60e.jpg,doc
c1fb3a3c0c08a60e__aug1_offline.jpg,10,c1fb3a3c0c08a60e.jpg,doc
c1fb3a3c0c08a60e__aug2_offline.jpg,10,c1fb3a3c0c08a60e.jpg,doc
c2ca16445db5d2c3__aug0_offline.jpg,16,c2ca16445db5d2c3.jpg,non_doc
c2ca16445db5d2c3__aug1_offline.jpg,16,c2ca16445db5d2c3.jpg,non_doc
c2ca16445db5d2c3__aug2_offline.jpg,16,c2ca16445db5d2c3.jpg,non_doc
c3151ab7322102cf__aug0_offline.jpg,10,c3151ab7322102cf.jpg,doc
c3151ab7322102cf__aug1_offline.jpg,10,c3151ab7322102cf.jpg,doc
c3151ab7322102cf__aug2_offline.jpg,10,c3151ab7322102cf.jpg,doc
c31be94e5376afae__aug0_offline.jpg,12,c31be94e5376afae.jpg,doc
c31be94e5376afae__aug1_offline.jpg,12,c31be94e5376afae.jpg,doc
c31be94e5376afae__aug2_offline.jpg,12,c31be94e5376afae.jpg,doc
c321d18c9bb4ba62__aug0_offline.jpg,9,c321d18c9bb4ba62.jpg,card_like
c321d18c9bb4ba62__aug1_offline.jpg,9,c321d18c9bb4ba62.jpg,card_like
c321d18c9bb4ba62__aug2_offline.jpg,9,c321d18c9bb4ba62.jpg,card_like
c323c86de8033ad1__aug0_offline.jpg,14,c323c86de8033ad1.jpg,doc
c323c86de8033ad1__aug1_offline.jpg,14,c323c86de8033ad1.jpg,doc
c323c86de8033ad1__aug2_offline.jpg,14,c323c86de8033ad1.jpg,doc
c323c86de8033ad1__aug3_offline.jpg,14,c323c86de8033ad1.jpg,doc
c323c86de8033ad1__aug4_offline.jpg,14,c323c86de8033ad1.jpg,doc
c323c86de8033ad1__aug5_offline.jpg,14,c323c86de8033ad1.jpg,doc
c323c86de8033ad1__aug6_offline.jpg,14,c323c86de8033ad1.jpg,doc
c323c86de8033ad1__aug7_offline.jpg,14,c323c86de8033ad1.jpg,doc
c33f7435e4f272aa__aug0_offline.jpg,12,c33f7435e4f272aa.jpg,doc
c33f7435e4f272aa__aug1_offline.jpg,12,c33f7435e4f272aa.jpg,doc
c33f7435e4f272aa__aug2_offline.jpg,12,c33f7435e4f272aa.jpg,doc
c3629889f845bd50__aug0_offline.jpg,4,c3629889f845bd50.jpg,doc
c3629889f845bd50__aug1_offline.jpg,4,c3629889f845bd50.jpg,doc
c3629889f845bd50__aug2_offline.jpg,4,c3629889f845bd50.jpg,doc
c3710912d03b5dd0__aug0_offline.jpg,8,c3710912d03b5dd0.jpg,card_like
c3710912d03b5dd0__aug1_offline.jpg,8,c3710912d03b5dd0.jpg,card_like
c3710912d03b5dd0__aug2_offline.jpg,8,c3710912d03b5dd0.jpg,card_like
c3b5a1ba4ae955bb__aug0_offline.jpg,0,c3b5a1ba4ae955bb.jpg,doc
c3b5a1ba4ae955bb__aug1_offline.jpg,0,c3b5a1ba4ae955bb.jpg,doc
c3b5a1ba4ae955bb__aug2_offline.jpg,0,c3b5a1ba4ae955bb.jpg,doc
c3e5e2030b188c1f__aug0_offline.jpg,7,c3e5e2030b188c1f.jpg,doc
c3e5e2030b188c1f__aug1_offline.jpg,7,c3e5e2030b188c1f.jpg,doc
c3e5e2030b188c1f__aug2_offline.jpg,7,c3e5e2030b188c1f.jpg,doc
c422f59c88c685f1__aug0_offline.jpg,6,c422f59c88c685f1.jpg,doc
c422f59c88c685f1__aug1_offline.jpg,6,c422f59c88c685f1.jpg,doc
c422f59c88c685f1__aug2_offline.jpg,6,c422f59c88c685f1.jpg,doc
c42701ce3e5636c5__aug0_offline.jpg,6,c42701ce3e5636c5.jpg,doc
c42701ce3e5636c5__aug1_offline.jpg,6,c42701ce3e5636c5.jpg,doc
c42701ce3e5636c5__aug2_offline.jpg,6,c42701ce3e5636c5.jpg,doc
c4430e6c1890dbb8__aug0_offline.jpg,9,c4430e6c1890dbb8.jpg,card_like
c4430e6c1890dbb8__aug1_offline.jpg,9,c4430e6c1890dbb8.jpg,card_like
c4430e6c1890dbb8__aug2_offline.jpg,9,c4430e6c1890dbb8.jpg,card_like
c44859ca0d76f24f__aug0_offline.jpg,15,c44859ca0d76f24f.jpg,doc
c44859ca0d76f24f__aug1_offline.jpg,15,c44859ca0d76f24f.jpg,doc
c44859ca0d76f24f__aug2_offline.jpg,15,c44859ca0d76f24f.jpg,doc
c44dd5fb74c16964__aug0_offline.jpg,3,c44dd5fb74c16964.jpg,doc
c44dd5fb74c16964__aug1_offline.jpg,3,c44dd5fb74c16964.jpg,doc
c44dd5fb74c16964__aug2_offline.jpg,3,c44dd5fb74c16964.jpg,doc
c4710223093a582e__aug0_offline.jpg,8,c4710223093a582e.jpg,card_like
c4710223093a582e__aug1_offline.jpg,8,c4710223093a582e.jpg,card_like
c4710223093a582e__aug2_offline.jpg,8,c4710223093a582e.jpg,card_like
c4775dd3b2c001c4__aug0_offline.jpg,9,c4775dd3b2c001c4.jpg,card_like
c4775dd3b2c001c4__aug1_offline.jpg,9,c4775dd3b2c001c4.jpg,card_like
c4775dd3b2c001c4__aug2_offline.jpg,9,c4775dd3b2c001c4.jpg,card_like
c4d29037087545be__aug0_offline.jpg,10,c4d29037087545be.jpg,doc
c4d29037087545be__aug1_offline.jpg,10,c4d29037087545be.jpg,doc
c4d29037087545be__aug2_offline.jpg,10,c4d29037087545be.jpg,doc
c4d29f41a651b7b1__aug0_offline.jpg,15,c4d29f41a651b7b1.jpg,doc
c4d29f41a651b7b1__aug1_offline.jpg,15,c4d29f41a651b7b1.jpg,doc
c4d29f41a651b7b1__aug2_offline.jpg,15,c4d29f41a651b7b1.jpg,doc
c5182ab809478f12__aug0_offline.jpg,14,c5182ab809478f12.jpg,doc
c5182ab809478f12__aug1_offline.jpg,14,c5182ab809478f12.jpg,doc
c5182ab809478f12__aug2_offline.jpg,14,c5182ab809478f12.jpg,doc
c5182ab809478f12__aug3_offline.jpg,14,c5182ab809478f12.jpg,doc
c5182ab809478f12__aug4_offline.jpg,14,c5182ab809478f12.jpg,doc
c5182ab809478f12__aug5_offline.jpg,14,c5182ab809478f12.jpg,doc
c5182ab809478f12__aug6_offline.jpg,14,c5182ab809478f12.jpg,doc
c5182ab809478f12__aug7_offline.jpg,14,c5182ab809478f12.jpg,doc
c538d48d8f555ac8__aug0_offline.jpg,11,c538d48d8f555ac8.jpg,doc
c538d48d8f555ac8__aug1_offline.jpg,11,c538d48d8f555ac8.jpg,doc
c538d48d8f555ac8__aug2_offline.jpg,11,c538d48d8f555ac8.jpg,doc
c5ef103918f0d6b3__aug0_offline.jpg,2,c5ef103918f0d6b3.jpg,non_doc
c5ef103918f0d6b3__aug1_offline.jpg,2,c5ef103918f0d6b3.jpg,non_doc
c5ef103918f0d6b3__aug2_offline.jpg,2,c5ef103918f0d6b3.jpg,non_doc
c5f68f14522cc55e__aug0_offline.jpg,11,c5f68f14522cc55e.jpg,doc
c5f68f14522cc55e__aug1_offline.jpg,11,c5f68f14522cc55e.jpg,doc
c5f68f14522cc55e__aug2_offline.jpg,11,c5f68f14522cc55e.jpg,doc
c6016c1685ebb58a__aug0_offline.jpg,0,c6016c1685ebb58a.jpg,doc
c6016c1685ebb58a__aug1_offline.jpg,0,c6016c1685ebb58a.jpg,doc
c6016c1685ebb58a__aug2_offline.jpg,0,c6016c1685ebb58a.jpg,doc
c6370d4f08c1783d__aug0_offline.jpg,13,c6370d4f08c1783d.jpg,doc
c6370d4f08c1783d__aug1_offline.jpg,13,c6370d4f08c1783d.jpg,doc
c6370d4f08c1783d__aug2_offline.jpg,13,c6370d4f08c1783d.jpg,doc
c6370d4f08c1783d__aug3_offline.jpg,13,c6370d4f08c1783d.jpg,doc
c65feabfec6f59c2__aug0_offline.jpg,6,c65feabfec6f59c2.jpg,doc
c65feabfec6f59c2__aug1_offline.jpg,6,c65feabfec6f59c2.jpg,doc
c65feabfec6f59c2__aug2_offline.jpg,6,c65feabfec6f59c2.jpg,doc
c688423e265502b4__aug0_offline.jpg,8,c688423e265502b4.jpg,card_like
c688423e265502b4__aug1_offline.jpg,8,c688423e265502b4.jpg,card_like
c688423e265502b4__aug2_offline.jpg,8,c688423e265502b4.jpg,card_like
c6a2d4c6b2b1dae8__aug0_offline.jpg,8,c6a2d4c6b2b1dae8.jpg,card_like
c6a2d4c6b2b1dae8__aug1_offline.jpg,8,c6a2d4c6b2b1dae8.jpg,card_like
c6a2d4c6b2b1dae8__aug2_offline.jpg,8,c6a2d4c6b2b1dae8.jpg,card_like
c70d7245dd936788__aug0_offline.jpg,4,c70d7245dd936788.jpg,doc
c70d7245dd936788__aug1_offline.jpg,4,c70d7245dd936788.jpg,doc
c70d7245dd936788__aug2_offline.jpg,4,c70d7245dd936788.jpg,doc
c730c8081765dd47__aug0_offline.jpg,5,c730c8081765dd47.jpg,card_like
c730c8081765dd47__aug1_offline.jpg,5,c730c8081765dd47.jpg,card_like
c730c8081765dd47__aug2_offline.jpg,5,c730c8081765dd47.jpg,card_like
c7315ae3066ad68d__aug0_offline.jpg,16,c7315ae3066ad68d.jpg,non_doc
c7315ae3066ad68d__aug1_offline.jpg,16,c7315ae3066ad68d.jpg,non_doc
c7315ae3066ad68d__aug2_offline.jpg,16,c7315ae3066ad68d.jpg,non_doc
c761bd0d7cd5f9fe__aug0_offline.jpg,10,c761bd0d7cd5f9fe.jpg,doc
c761bd0d7cd5f9fe__aug1_offline.jpg,10,c761bd0d7cd5f9fe.jpg,doc
c761bd0d7cd5f9fe__aug2_offline.jpg,10,c761bd0d7cd5f9fe.jpg,doc
c766e48a1e3cc8d2__aug0_offline.jpg,12,c766e48a1e3cc8d2.jpg,doc
c766e48a1e3cc8d2__aug1_offline.jpg,12,c766e48a1e3cc8d2.jpg,doc
c766e48a1e3cc8d2__aug2_offline.jpg,12,c766e48a1e3cc8d2.jpg,doc
c793848f5d0eb63b__aug0_offline.jpg,10,c793848f5d0eb63b.jpg,doc
c793848f5d0eb63b__aug1_offline.jpg,10,c793848f5d0eb63b.jpg,doc
c793848f5d0eb63b__aug2_offline.jpg,10,c793848f5d0eb63b.jpg,doc
c7d8b8df37ef1e65__aug0_offline.jpg,6,c7d8b8df37ef1e65.jpg,doc
c7d8b8df37ef1e65__aug1_offline.jpg,6,c7d8b8df37ef1e65.jpg,doc
c7d8b8df37ef1e65__aug2_offline.jpg,6,c7d8b8df37ef1e65.jpg,doc
c82156758abf1e7f__aug0_offline.jpg,1,c82156758abf1e7f.jpg,doc
c82156758abf1e7f__aug1_offline.jpg,1,c82156758abf1e7f.jpg,doc
c82156758abf1e7f__aug2_offline.jpg,1,c82156758abf1e7f.jpg,doc
c82156758abf1e7f__aug3_offline.jpg,1,c82156758abf1e7f.jpg,doc
c82156758abf1e7f__aug4_offline.jpg,1,c82156758abf1e7f.jpg,doc
c82156758abf1e7f__aug5_offline.jpg,1,c82156758abf1e7f.jpg,doc
c82156758abf1e7f__aug6_offline.jpg,1,c82156758abf1e7f.jpg,doc
c82156758abf1e7f__aug7_offline.jpg,1,c82156758abf1e7f.jpg,doc
c82156758abf1e7f__aug8_offline.jpg,1,c82156758abf1e7f.jpg,doc
c82ac5539a83f7f1__aug0_offline.jpg,6,c82ac5539a83f7f1.jpg,doc
c82ac5539a83f7f1__aug1_offline.jpg,6,c82ac5539a83f7f1.jpg,doc
c82ac5539a83f7f1__aug2_offline.jpg,6,c82ac5539a83f7f1.jpg,doc
c82e4e5709492578__aug0_offline.jpg,9,c82e4e5709492578.jpg,card_like
c82e4e5709492578__aug1_offline.jpg,9,c82e4e5709492578.jpg,card_like
c82e4e5709492578__aug2_offline.jpg,9,c82e4e5709492578.jpg,card_like
c85e690b7fe577ad__aug0_offline.jpg,10,c85e690b7fe577ad.jpg,doc
c85e690b7fe577ad__aug1_offline.jpg,10,c85e690b7fe577ad.jpg,doc
c85e690b7fe577ad__aug2_offline.jpg,10,c85e690b7fe577ad.jpg,doc
c8816965abf6559b__aug0_offline.jpg,1,c8816965abf6559b.jpg,doc
c8816965abf6559b__aug1_offline.jpg,1,c8816965abf6559b.jpg,doc
c8816965abf6559b__aug2_offline.jpg,1,c8816965abf6559b.jpg,doc
c8816965abf6559b__aug3_offline.jpg,1,c8816965abf6559b.jpg,doc
c8816965abf6559b__aug4_offline.jpg,1,c8816965abf6559b.jpg,doc
c8816965abf6559b__aug5_offline.jpg,1,c8816965abf6559b.jpg,doc
c8816965abf6559b__aug6_offline.jpg,1,c8816965abf6559b.jpg,doc
c8816965abf6559b__aug7_offline.jpg,1,c8816965abf6559b.jpg,doc
c8816965abf6559b__aug8_offline.jpg,1,c8816965abf6559b.jpg,doc
c8cd1751b80440c2__aug0_offline.jpg,7,c8cd1751b80440c2.jpg,doc
c8cd1751b80440c2__aug1_offline.jpg,7,c8cd1751b80440c2.jpg,doc
c8cd1751b80440c2__aug2_offline.jpg,7,c8cd1751b80440c2.jpg,doc
c8d19b87f856bbcd__aug0_offline.jpg,16,c8d19b87f856bbcd.jpg,non_doc
c8d19b87f856bbcd__aug1_offline.jpg,16,c8d19b87f856bbcd.jpg,non_doc
c8d19b87f856bbcd__aug2_offline.jpg,16,c8d19b87f856bbcd.jpg,non_doc
c8ef1b2fdb8dbace__aug0_offline.jpg,12,c8ef1b2fdb8dbace.jpg,doc
c8ef1b2fdb8dbace__aug1_offline.jpg,12,c8ef1b2fdb8dbace.jpg,doc
c8ef1b2fdb8dbace__aug2_offline.jpg,12,c8ef1b2fdb8dbace.jpg,doc
c8f654044180fe34__aug0_offline.jpg,10,c8f654044180fe34.jpg,doc
c8f654044180fe34__aug1_offline.jpg,10,c8f654044180fe34.jpg,doc
c8f654044180fe34__aug2_offline.jpg,10,c8f654044180fe34.jpg,doc
c94b35147a6bfffb__aug0_offline.jpg,16,c94b35147a6bfffb.jpg,non_doc
c94b35147a6bfffb__aug1_offline.jpg,16,c94b35147a6bfffb.jpg,non_doc
c94b35147a6bfffb__aug2_offline.jpg,16,c94b35147a6bfffb.jpg,non_doc
c967607b85f769e7__aug0_offline.jpg,15,c967607b85f769e7.jpg,doc
c967607b85f769e7__aug1_offline.jpg,15,c967607b85f769e7.jpg,doc
c967607b85f769e7__aug2_offline.jpg,15,c967607b85f769e7.jpg,doc
c9ac57bc993e5a8b__aug0_offline.jpg,3,c9ac57bc993e5a8b.jpg,doc
c9ac57bc993e5a8b__aug1_offline.jpg,3,c9ac57bc993e5a8b.jpg,doc
c9ac57bc993e5a8b__aug2_offline.jpg,3,c9ac57bc993e5a8b.jpg,doc
c9c9b4e30805f103__aug0_offline.jpg,16,c9c9b4e30805f103.jpg,non_doc
c9c9b4e30805f103__aug1_offline.jpg,16,c9c9b4e30805f103.jpg,non_doc
c9c9b4e30805f103__aug2_offline.jpg,16,c9c9b4e30805f103.jpg,non_doc
ca591b04903dc675__aug0_offline.jpg,15,ca591b04903dc675.jpg,doc
ca591b04903dc675__aug1_offline.jpg,15,ca591b04903dc675.jpg,doc
ca591b04903dc675__aug2_offline.jpg,15,ca591b04903dc675.jpg,doc
ca977774f8c03b0e__aug0_offline.jpg,2,ca977774f8c03b0e.jpg,non_doc
ca977774f8c03b0e__aug1_offline.jpg,2,ca977774f8c03b0e.jpg,non_doc
ca977774f8c03b0e__aug2_offline.jpg,2,ca977774f8c03b0e.jpg,non_doc
cacb9b845f887624__aug0_offline.jpg,15,cacb9b845f887624.jpg,doc
cacb9b845f887624__aug1_offline.jpg,15,cacb9b845f887624.jpg,doc
cacb9b845f887624__aug2_offline.jpg,15,cacb9b845f887624.jpg,doc
cad7b583d69307dd__aug0_offline.jpg,16,cad7b583d69307dd.jpg,non_doc
cad7b583d69307dd__aug1_offline.jpg,16,cad7b583d69307dd.jpg,non_doc
cad7b583d69307dd__aug2_offline.jpg,16,cad7b583d69307dd.jpg,non_doc
cb21eaf0f58e325a__aug0_offline.jpg,9,cb21eaf0f58e325a.jpg,card_like
cb21eaf0f58e325a__aug1_offline.jpg,9,cb21eaf0f58e325a.jpg,card_like
cb21eaf0f58e325a__aug2_offline.jpg,9,cb21eaf0f58e325a.jpg,card_like
cb3110eed656c439__aug0_offline.jpg,2,cb3110eed656c439.jpg,non_doc
cb3110eed656c439__aug1_offline.jpg,2,cb3110eed656c439.jpg,non_doc
cb3110eed656c439__aug2_offline.jpg,2,cb3110eed656c439.jpg,non_doc
cb59f25e8cd30a04__aug0_offline.jpg,9,cb59f25e8cd30a04.jpg,card_like
cb59f25e8cd30a04__aug1_offline.jpg,9,cb59f25e8cd30a04.jpg,card_like
cb59f25e8cd30a04__aug2_offline.jpg,9,cb59f25e8cd30a04.jpg,card_like
cb6f5cd693d1c7f4__aug0_offline.jpg,12,cb6f5cd693d1c7f4.jpg,doc
cb6f5cd693d1c7f4__aug1_offline.jpg,12,cb6f5cd693d1c7f4.jpg,doc
cb6f5cd693d1c7f4__aug2_offline.jpg,12,cb6f5cd693d1c7f4.jpg,doc
cb80827b28619aa2__aug0_offline.jpg,3,cb80827b28619aa2.jpg,doc
cb80827b28619aa2__aug1_offline.jpg,3,cb80827b28619aa2.jpg,doc
cb80827b28619aa2__aug2_offline.jpg,3,cb80827b28619aa2.jpg,doc
cb866948ad41d6e8__aug0_offline.jpg,12,cb866948ad41d6e8.jpg,doc
cb866948ad41d6e8__aug1_offline.jpg,12,cb866948ad41d6e8.jpg,doc
cb866948ad41d6e8__aug2_offline.jpg,12,cb866948ad41d6e8.jpg,doc
cc1e5c1d963df965__aug0_offline.jpg,5,cc1e5c1d963df965.jpg,card_like
cc1e5c1d963df965__aug1_offline.jpg,5,cc1e5c1d963df965.jpg,card_like
cc1e5c1d963df965__aug2_offline.jpg,5,cc1e5c1d963df965.jpg,card_like
cc25ee18ef8d5dcf__aug0_offline.jpg,2,cc25ee18ef8d5dcf.jpg,non_doc
cc25ee18ef8d5dcf__aug1_offline.jpg,2,cc25ee18ef8d5dcf.jpg,non_doc
cc25ee18ef8d5dcf__aug2_offline.jpg,2,cc25ee18ef8d5dcf.jpg,non_doc
cc26b4fc96adaa29__aug0_offline.jpg,14,cc26b4fc96adaa29.jpg,doc
cc26b4fc96adaa29__aug1_offline.jpg,14,cc26b4fc96adaa29.jpg,doc
cc26b4fc96adaa29__aug2_offline.jpg,14,cc26b4fc96adaa29.jpg,doc
cc26b4fc96adaa29__aug3_offline.jpg,14,cc26b4fc96adaa29.jpg,doc
cc26b4fc96adaa29__aug4_offline.jpg,14,cc26b4fc96adaa29.jpg,doc
cc26b4fc96adaa29__aug5_offline.jpg,14,cc26b4fc96adaa29.jpg,doc
cc26b4fc96adaa29__aug6_offline.jpg,14,cc26b4fc96adaa29.jpg,doc
cc26b4fc96adaa29__aug7_offline.jpg,14,cc26b4fc96adaa29.jpg,doc
ccc64f3e96eda192__aug0_offline.jpg,5,ccc64f3e96eda192.jpg,card_like
ccc64f3e96eda192__aug1_offline.jpg,5,ccc64f3e96eda192.jpg,card_like
ccc64f3e96eda192__aug2_offline.jpg,5,ccc64f3e96eda192.jpg,card_like
cccf87c6733070d5__aug0_offline.jpg,12,cccf87c6733070d5.jpg,doc
cccf87c6733070d5__aug1_offline.jpg,12,cccf87c6733070d5.jpg,doc
cccf87c6733070d5__aug2_offline.jpg,12,cccf87c6733070d5.jpg,doc
ccd4f6c0d9704c4f__aug0_offline.jpg,5,ccd4f6c0d9704c4f.jpg,card_like
ccd4f6c0d9704c4f__aug1_offline.jpg,5,ccd4f6c0d9704c4f.jpg,card_like
ccd4f6c0d9704c4f__aug2_offline.jpg,5,ccd4f6c0d9704c4f.jpg,card_like
ccda0529911b2f64__aug0_offline.jpg,16,ccda0529911b2f64.jpg,non_doc
ccda0529911b2f64__aug1_offline.jpg,16,ccda0529911b2f64.jpg,non_doc
ccda0529911b2f64__aug2_offline.jpg,16,ccda0529911b2f64.jpg,non_doc
cce8a2522a4db5f7__aug0_offline.jpg,4,cce8a2522a4db5f7.jpg,doc
cce8a2522a4db5f7__aug1_offline.jpg,4,cce8a2522a4db5f7.jpg,doc
cce8a2522a4db5f7__aug2_offline.jpg,4,cce8a2522a4db5f7.jpg,doc
ccfaed3108b0c1ca__aug0_offline.jpg,5,ccfaed3108b0c1ca.jpg,card_like
ccfaed3108b0c1ca__aug1_offline.jpg,5,ccfaed3108b0c1ca.jpg,card_like
ccfaed3108b0c1ca__aug2_offline.jpg,5,ccfaed3108b0c1ca.jpg,card_like
cd0c40a03c3f9344__aug0_offline.jpg,13,cd0c40a03c3f9344.jpg,doc
cd0c40a03c3f9344__aug1_offline.jpg,13,cd0c40a03c3f9344.jpg,doc
cd0c40a03c3f9344__aug2_offline.jpg,13,cd0c40a03c3f9344.jpg,doc
cd0c40a03c3f9344__aug3_offline.jpg,13,cd0c40a03c3f9344.jpg,doc
cd0f485de1be0538__aug0_offline.jpg,1,cd0f485de1be0538.jpg,doc
cd0f485de1be0538__aug1_offline.jpg,1,cd0f485de1be0538.jpg,doc
cd0f485de1be0538__aug2_offline.jpg,1,cd0f485de1be0538.jpg,doc
cd0f485de1be0538__aug3_offline.jpg,1,cd0f485de1be0538.jpg,doc
cd0f485de1be0538__aug4_offline.jpg,1,cd0f485de1be0538.jpg,doc
cd0f485de1be0538__aug5_offline.jpg,1,cd0f485de1be0538.jpg,doc
cd0f485de1be0538__aug6_offline.jpg,1,cd0f485de1be0538.jpg,doc
cd0f485de1be0538__aug7_offline.jpg,1,cd0f485de1be0538.jpg,doc
cd0f485de1be0538__aug8_offline.jpg,1,cd0f485de1be0538.jpg,doc
cd109051fb268282__aug0_offline.jpg,2,cd109051fb268282.jpg,non_doc
cd109051fb268282__aug1_offline.jpg,2,cd109051fb268282.jpg,non_doc
cd109051fb268282__aug2_offline.jpg,2,cd109051fb268282.jpg,non_doc
cd1b66521a617f76__aug0_offline.jpg,12,cd1b66521a617f76.jpg,doc
cd1b66521a617f76__aug1_offline.jpg,12,cd1b66521a617f76.jpg,doc
cd1b66521a617f76__aug2_offline.jpg,12,cd1b66521a617f76.jpg,doc
cd6631958980681a__aug0_offline.jpg,5,cd6631958980681a.jpg,card_like
cd6631958980681a__aug1_offline.jpg,5,cd6631958980681a.jpg,card_like
cd6631958980681a__aug2_offline.jpg,5,cd6631958980681a.jpg,card_like
cda2f69e86a3dd46__aug0_offline.jpg,2,cda2f69e86a3dd46.jpg,non_doc
cda2f69e86a3dd46__aug1_offline.jpg,2,cda2f69e86a3dd46.jpg,non_doc
cda2f69e86a3dd46__aug2_offline.jpg,2,cda2f69e86a3dd46.jpg,non_doc
ce20ee390833e1ed__aug0_offline.jpg,4,ce20ee390833e1ed.jpg,doc
ce20ee390833e1ed__aug1_offline.jpg,4,ce20ee390833e1ed.jpg,doc
ce20ee390833e1ed__aug2_offline.jpg,4,ce20ee390833e1ed.jpg,doc
ce92390124ba79ba__aug0_offline.jpg,2,ce92390124ba79ba.jpg,non_doc
ce92390124ba79ba__aug1_offline.jpg,2,ce92390124ba79ba.jpg,non_doc
ce92390124ba79ba__aug2_offline.jpg,2,ce92390124ba79ba.jpg,non_doc
cec6675f8c39147c__aug0_offline.jpg,1,cec6675f8c39147c.jpg,doc
cec6675f8c39147c__aug1_offline.jpg,1,cec6675f8c39147c.jpg,doc
cec6675f8c39147c__aug2_offline.jpg,1,cec6675f8c39147c.jpg,doc
cec6675f8c39147c__aug3_offline.jpg,1,cec6675f8c39147c.jpg,doc
cec6675f8c39147c__aug4_offline.jpg,1,cec6675f8c39147c.jpg,doc
cec6675f8c39147c__aug5_offline.jpg,1,cec6675f8c39147c.jpg,doc
cec6675f8c39147c__aug6_offline.jpg,1,cec6675f8c39147c.jpg,doc
cec6675f8c39147c__aug7_offline.jpg,1,cec6675f8c39147c.jpg,doc
cec6675f8c39147c__aug8_offline.jpg,1,cec6675f8c39147c.jpg,doc
cedaedb6431d1a40__aug0_offline.jpg,9,cedaedb6431d1a40.jpg,card_like
cedaedb6431d1a40__aug1_offline.jpg,9,cedaedb6431d1a40.jpg,card_like
cedaedb6431d1a40__aug2_offline.jpg,9,cedaedb6431d1a40.jpg,card_like
cee86faf6225599e__aug0_offline.jpg,7,cee86faf6225599e.jpg,doc
cee86faf6225599e__aug1_offline.jpg,7,cee86faf6225599e.jpg,doc
cee86faf6225599e__aug2_offline.jpg,7,cee86faf6225599e.jpg,doc
cefa1db5be4030ee__aug0_offline.jpg,0,cefa1db5be4030ee.jpg,doc
cefa1db5be4030ee__aug1_offline.jpg,0,cefa1db5be4030ee.jpg,doc
cefa1db5be4030ee__aug2_offline.jpg,0,cefa1db5be4030ee.jpg,doc
cfdc16c65341f660__aug0_offline.jpg,3,cfdc16c65341f660.jpg,doc
cfdc16c65341f660__aug1_offline.jpg,3,cfdc16c65341f660.jpg,doc
cfdc16c65341f660__aug2_offline.jpg,3,cfdc16c65341f660.jpg,doc
cfe47bfe762f45ac__aug0_offline.jpg,4,cfe47bfe762f45ac.jpg,doc
cfe47bfe762f45ac__aug1_offline.jpg,4,cfe47bfe762f45ac.jpg,doc
cfe47bfe762f45ac__aug2_offline.jpg,4,cfe47bfe762f45ac.jpg,doc
d002fb843172f79c__aug0_offline.jpg,3,d002fb843172f79c.jpg,doc
d002fb843172f79c__aug1_offline.jpg,3,d002fb843172f79c.jpg,doc
d002fb843172f79c__aug2_offline.jpg,3,d002fb843172f79c.jpg,doc
d017e0633aa9883d__aug0_offline.jpg,9,d017e0633aa9883d.jpg,card_like
d017e0633aa9883d__aug1_offline.jpg,9,d017e0633aa9883d.jpg,card_like
d017e0633aa9883d__aug2_offline.jpg,9,d017e0633aa9883d.jpg,card_like
d037ac95ca3d0aa8__aug0_offline.jpg,6,d037ac95ca3d0aa8.jpg,doc
d037ac95ca3d0aa8__aug1_offline.jpg,6,d037ac95ca3d0aa8.jpg,doc
d037ac95ca3d0aa8__aug2_offline.jpg,6,d037ac95ca3d0aa8.jpg,doc
d074a29e97aee277__aug0_offline.jpg,10,d074a29e97aee277.jpg,doc
d074a29e97aee277__aug1_offline.jpg,10,d074a29e97aee277.jpg,doc
d074a29e97aee277__aug2_offline.jpg,10,d074a29e97aee277.jpg,doc
d0a5557b10e84eda__aug0_offline.jpg,15,d0a5557b10e84eda.jpg,doc
d0a5557b10e84eda__aug1_offline.jpg,15,d0a5557b10e84eda.jpg,doc
d0a5557b10e84eda__aug2_offline.jpg,15,d0a5557b10e84eda.jpg,doc
d1278f7e49b24296__aug0_offline.jpg,15,d1278f7e49b24296.jpg,doc
d1278f7e49b24296__aug1_offline.jpg,15,d1278f7e49b24296.jpg,doc
d1278f7e49b24296__aug2_offline.jpg,15,d1278f7e49b24296.jpg,doc
d17e596e8baca59b__aug0_offline.jpg,14,d17e596e8baca59b.jpg,doc
d17e596e8baca59b__aug1_offline.jpg,14,d17e596e8baca59b.jpg,doc
d17e596e8baca59b__aug2_offline.jpg,14,d17e596e8baca59b.jpg,doc
d17e596e8baca59b__aug3_offline.jpg,14,d17e596e8baca59b.jpg,doc
d17e596e8baca59b__aug4_offline.jpg,14,d17e596e8baca59b.jpg,doc
d17e596e8baca59b__aug5_offline.jpg,14,d17e596e8baca59b.jpg,doc
d17e596e8baca59b__aug6_offline.jpg,14,d17e596e8baca59b.jpg,doc
d17e596e8baca59b__aug7_offline.jpg,14,d17e596e8baca59b.jpg,doc
d1b668ee2329c564__aug0_offline.jpg,14,d1b668ee2329c564.jpg,doc
d1b668ee2329c564__aug1_offline.jpg,14,d1b668ee2329c564.jpg,doc
d1b668ee2329c564__aug2_offline.jpg,14,d1b668ee2329c564.jpg,doc
d1b668ee2329c564__aug3_offline.jpg,14,d1b668ee2329c564.jpg,doc
d1b668ee2329c564__aug4_offline.jpg,14,d1b668ee2329c564.jpg,doc
d1b668ee2329c564__aug5_offline.jpg,14,d1b668ee2329c564.jpg,doc
d1b668ee2329c564__aug6_offline.jpg,14,d1b668ee2329c564.jpg,doc
d1b668ee2329c564__aug7_offline.jpg,14,d1b668ee2329c564.jpg,doc
d1c2651c46b5a95b__aug0_offline.jpg,11,d1c2651c46b5a95b.jpg,doc
d1c2651c46b5a95b__aug1_offline.jpg,11,d1c2651c46b5a95b.jpg,doc
d1c2651c46b5a95b__aug2_offline.jpg,11,d1c2651c46b5a95b.jpg,doc
d1cf22ae4426f919__aug0_offline.jpg,13,d1cf22ae4426f919.jpg,doc
d1cf22ae4426f919__aug1_offline.jpg,13,d1cf22ae4426f919.jpg,doc
d1cf22ae4426f919__aug2_offline.jpg,13,d1cf22ae4426f919.jpg,doc
d1cf22ae4426f919__aug3_offline.jpg,13,d1cf22ae4426f919.jpg,doc
d1e5c572377e11de__aug0_offline.jpg,15,d1e5c572377e11de.jpg,doc
d1e5c572377e11de__aug1_offline.jpg,15,d1e5c572377e11de.jpg,doc
d1e5c572377e11de__aug2_offline.jpg,15,d1e5c572377e11de.jpg,doc
d21e7085a6dc07dc__aug0_offline.jpg,15,d21e7085a6dc07dc.jpg,doc
d21e7085a6dc07dc__aug1_offline.jpg,15,d21e7085a6dc07dc.jpg,doc
d21e7085a6dc07dc__aug2_offline.jpg,15,d21e7085a6dc07dc.jpg,doc
d23b442f24f92dba__aug0_offline.jpg,3,d23b442f24f92dba.jpg,doc
d23b442f24f92dba__aug1_offline.jpg,3,d23b442f24f92dba.jpg,doc
d23b442f24f92dba__aug2_offline.jpg,3,d23b442f24f92dba.jpg,doc
d24281f1c99057fb__aug0_offline.jpg,2,d24281f1c99057fb.jpg,non_doc
d24281f1c99057fb__aug1_offline.jpg,2,d24281f1c99057fb.jpg,non_doc
d24281f1c99057fb__aug2_offline.jpg,2,d24281f1c99057fb.jpg,non_doc
d26e9455cfbf6083__aug0_offline.jpg,13,d26e9455cfbf6083.jpg,doc
d26e9455cfbf6083__aug1_offline.jpg,13,d26e9455cfbf6083.jpg,doc
d26e9455cfbf6083__aug2_offline.jpg,13,d26e9455cfbf6083.jpg,doc
d26e9455cfbf6083__aug3_offline.jpg,13,d26e9455cfbf6083.jpg,doc
d277a4cd000dfeca__aug0_offline.jpg,2,d277a4cd000dfeca.jpg,non_doc
d277a4cd000dfeca__aug1_offline.jpg,2,d277a4cd000dfeca.jpg,non_doc
d277a4cd000dfeca__aug2_offline.jpg,2,d277a4cd000dfeca.jpg,non_doc
d35ae77a02c90d79__aug0_offline.jpg,2,d35ae77a02c90d79.jpg,non_doc
d35ae77a02c90d79__aug1_offline.jpg,2,d35ae77a02c90d79.jpg,non_doc
d35ae77a02c90d79__aug2_offline.jpg,2,d35ae77a02c90d79.jpg,non_doc
d364910163665575__aug0_offline.jpg,1,d364910163665575.jpg,doc
d364910163665575__aug1_offline.jpg,1,d364910163665575.jpg,doc
d364910163665575__aug2_offline.jpg,1,d364910163665575.jpg,doc
d364910163665575__aug3_offline.jpg,1,d364910163665575.jpg,doc
d364910163665575__aug4_offline.jpg,1,d364910163665575.jpg,doc
d364910163665575__aug5_offline.jpg,1,d364910163665575.jpg,doc
d364910163665575__aug6_offline.jpg,1,d364910163665575.jpg,doc
d364910163665575__aug7_offline.jpg,1,d364910163665575.jpg,doc
d364910163665575__aug8_offline.jpg,1,d364910163665575.jpg,doc
d3cee1f3930e027e__aug0_offline.jpg,0,d3cee1f3930e027e.jpg,doc
d3cee1f3930e027e__aug1_offline.jpg,0,d3cee1f3930e027e.jpg,doc
d3cee1f3930e027e__aug2_offline.jpg,0,d3cee1f3930e027e.jpg,doc
d3e031f53d443c33__aug0_offline.jpg,11,d3e031f53d443c33.jpg,doc
d3e031f53d443c33__aug1_offline.jpg,11,d3e031f53d443c33.jpg,doc
d3e031f53d443c33__aug2_offline.jpg,11,d3e031f53d443c33.jpg,doc
d41f82a2e58ebf33__aug0_offline.jpg,3,d41f82a2e58ebf33.jpg,doc
d41f82a2e58ebf33__aug1_offline.jpg,3,d41f82a2e58ebf33.jpg,doc
d41f82a2e58ebf33__aug2_offline.jpg,3,d41f82a2e58ebf33.jpg,doc
d422262eb6aa6033__aug0_offline.jpg,14,d422262eb6aa6033.jpg,doc
d422262eb6aa6033__aug1_offline.jpg,14,d422262eb6aa6033.jpg,doc
d422262eb6aa6033__aug2_offline.jpg,14,d422262eb6aa6033.jpg,doc
d422262eb6aa6033__aug3_offline.jpg,14,d422262eb6aa6033.jpg,doc
d422262eb6aa6033__aug4_offline.jpg,14,d422262eb6aa6033.jpg,doc
d422262eb6aa6033__aug5_offline.jpg,14,d422262eb6aa6033.jpg,doc
d422262eb6aa6033__aug6_offline.jpg,14,d422262eb6aa6033.jpg,doc
d422262eb6aa6033__aug7_offline.jpg,14,d422262eb6aa6033.jpg,doc
d458c9a6ba50efe9__aug0_offline.jpg,0,d458c9a6ba50efe9.jpg,doc
d458c9a6ba50efe9__aug1_offline.jpg,0,d458c9a6ba50efe9.jpg,doc
d458c9a6ba50efe9__aug2_offline.jpg,0,d458c9a6ba50efe9.jpg,doc
d479e89ccd1ac5f9__aug0_offline.jpg,3,d479e89ccd1ac5f9.jpg,doc
d479e89ccd1ac5f9__aug1_offline.jpg,3,d479e89ccd1ac5f9.jpg,doc
d479e89ccd1ac5f9__aug2_offline.jpg,3,d479e89ccd1ac5f9.jpg,doc
d47d31e47169ccdf__aug0_offline.jpg,4,d47d31e47169ccdf.jpg,doc
d47d31e47169ccdf__aug1_offline.jpg,4,d47d31e47169ccdf.jpg,doc
d47d31e47169ccdf__aug2_offline.jpg,4,d47d31e47169ccdf.jpg,doc
d4d769d2926648a3__aug0_offline.jpg,4,d4d769d2926648a3.jpg,doc
d4d769d2926648a3__aug1_offline.jpg,4,d4d769d2926648a3.jpg,doc
d4d769d2926648a3__aug2_offline.jpg,4,d4d769d2926648a3.jpg,doc
d4dcb750454d78a4__aug0_offline.jpg,3,d4dcb750454d78a4.jpg,doc
d4dcb750454d78a4__aug1_offline.jpg,3,d4dcb750454d78a4.jpg,doc
d4dcb750454d78a4__aug2_offline.jpg,3,d4dcb750454d78a4.jpg,doc
d4f437fd7e06b4b2__aug0_offline.jpg,8,d4f437fd7e06b4b2.jpg,card_like
d4f437fd7e06b4b2__aug1_offline.jpg,8,d4f437fd7e06b4b2.jpg,card_like
d4f437fd7e06b4b2__aug2_offline.jpg,8,d4f437fd7e06b4b2.jpg,card_like
d53c969a42faa2ad__aug0_offline.jpg,8,d53c969a42faa2ad.jpg,card_like
d53c969a42faa2ad__aug1_offline.jpg,8,d53c969a42faa2ad.jpg,card_like
d53c969a42faa2ad__aug2_offline.jpg,8,d53c969a42faa2ad.jpg,card_like
d54f10f7792df3ec__aug0_offline.jpg,7,d54f10f7792df3ec.jpg,doc
d54f10f7792df3ec__aug1_offline.jpg,7,d54f10f7792df3ec.jpg,doc
d54f10f7792df3ec__aug2_offline.jpg,7,d54f10f7792df3ec.jpg,doc
d5519b4b4b4b23f8__aug0_offline.jpg,10,d5519b4b4b4b23f8.jpg,doc
d5519b4b4b4b23f8__aug1_offline.jpg,10,d5519b4b4b4b23f8.jpg,doc
d5519b4b4b4b23f8__aug2_offline.jpg,10,d5519b4b4b4b23f8.jpg,doc
d5a441151b29db20__aug0_offline.jpg,16,d5a441151b29db20.jpg,non_doc
d5a441151b29db20__aug1_offline.jpg,16,d5a441151b29db20.jpg,non_doc
d5a441151b29db20__aug2_offline.jpg,16,d5a441151b29db20.jpg,non_doc
d5da20ecbe8e1f20__aug0_offline.jpg,5,d5da20ecbe8e1f20.jpg,card_like
d5da20ecbe8e1f20__aug1_offline.jpg,5,d5da20ecbe8e1f20.jpg,card_like
d5da20ecbe8e1f20__aug2_offline.jpg,5,d5da20ecbe8e1f20.jpg,card_like
d5f879880827292a__aug0_offline.jpg,0,d5f879880827292a.jpg,doc
d5f879880827292a__aug1_offline.jpg,0,d5f879880827292a.jpg,doc
d5f879880827292a__aug2_offline.jpg,0,d5f879880827292a.jpg,doc
d6340a38d264a3e7__aug0_offline.jpg,8,d6340a38d264a3e7.jpg,card_like
d6340a38d264a3e7__aug1_offline.jpg,8,d6340a38d264a3e7.jpg,card_like
d6340a38d264a3e7__aug2_offline.jpg,8,d6340a38d264a3e7.jpg,card_like
d66992280008c1a7__aug0_offline.jpg,6,d66992280008c1a7.jpg,doc
d66992280008c1a7__aug1_offline.jpg,6,d66992280008c1a7.jpg,doc
d66992280008c1a7__aug2_offline.jpg,6,d66992280008c1a7.jpg,doc
d696cd78fe51ca3c__aug0_offline.jpg,9,d696cd78fe51ca3c.jpg,card_like
d696cd78fe51ca3c__aug1_offline.jpg,9,d696cd78fe51ca3c.jpg,card_like
d696cd78fe51ca3c__aug2_offline.jpg,9,d696cd78fe51ca3c.jpg,card_like
d6a347d526941e79__aug0_offline.jpg,4,d6a347d526941e79.jpg,doc
d6a347d526941e79__aug1_offline.jpg,4,d6a347d526941e79.jpg,doc
d6a347d526941e79__aug2_offline.jpg,4,d6a347d526941e79.jpg,doc
d6e84bf25de1298a__aug0_offline.jpg,16,d6e84bf25de1298a.jpg,non_doc
d6e84bf25de1298a__aug1_offline.jpg,16,d6e84bf25de1298a.jpg,non_doc
d6e84bf25de1298a__aug2_offline.jpg,16,d6e84bf25de1298a.jpg,non_doc
d6fd226e72a20844__aug0_offline.jpg,5,d6fd226e72a20844.jpg,card_like
d6fd226e72a20844__aug1_offline.jpg,5,d6fd226e72a20844.jpg,card_like
d6fd226e72a20844__aug2_offline.jpg,5,d6fd226e72a20844.jpg,card_like
d701754e411dcacb__aug0_offline.jpg,10,d701754e411dcacb.jpg,doc
d701754e411dcacb__aug1_offline.jpg,10,d701754e411dcacb.jpg,doc
d701754e411dcacb__aug2_offline.jpg,10,d701754e411dcacb.jpg,doc
d702a1dd3f401796__aug0_offline.jpg,13,d702a1dd3f401796.jpg,doc
d702a1dd3f401796__aug1_offline.jpg,13,d702a1dd3f401796.jpg,doc
d702a1dd3f401796__aug2_offline.jpg,13,d702a1dd3f401796.jpg,doc
d702a1dd3f401796__aug3_offline.jpg,13,d702a1dd3f401796.jpg,doc
d77f9822b3b488ca__aug0_offline.jpg,12,d77f9822b3b488ca.jpg,doc
d77f9822b3b488ca__aug1_offline.jpg,12,d77f9822b3b488ca.jpg,doc
d77f9822b3b488ca__aug2_offline.jpg,12,d77f9822b3b488ca.jpg,doc
d782187345e0abb0__aug0_offline.jpg,8,d782187345e0abb0.jpg,card_like
d782187345e0abb0__aug1_offline.jpg,8,d782187345e0abb0.jpg,card_like
d782187345e0abb0__aug2_offline.jpg,8,d782187345e0abb0.jpg,card_like
d78d08f7feeb2225__aug0_offline.jpg,15,d78d08f7feeb2225.jpg,doc
d78d08f7feeb2225__aug1_offline.jpg,15,d78d08f7feeb2225.jpg,doc
d78d08f7feeb2225__aug2_offline.jpg,15,d78d08f7feeb2225.jpg,doc
d7c87417d07bf009__aug0_offline.jpg,2,d7c87417d07bf009.jpg,non_doc
d7c87417d07bf009__aug1_offline.jpg,2,d7c87417d07bf009.jpg,non_doc
d7c87417d07bf009__aug2_offline.jpg,2,d7c87417d07bf009.jpg,non_doc
d7fca020e6e4f207__aug0_offline.jpg,2,d7fca020e6e4f207.jpg,non_doc
d7fca020e6e4f207__aug1_offline.jpg,2,d7fca020e6e4f207.jpg,non_doc
d7fca020e6e4f207__aug2_offline.jpg,2,d7fca020e6e4f207.jpg,non_doc
d8324d4abf1bc4d3__aug0_offline.jpg,0,d8324d4abf1bc4d3.jpg,doc
d8324d4abf1bc4d3__aug1_offline.jpg,0,d8324d4abf1bc4d3.jpg,doc
d8324d4abf1bc4d3__aug2_offline.jpg,0,d8324d4abf1bc4d3.jpg,doc
d86e3238942b9aa4__aug0_offline.jpg,0,d86e3238942b9aa4.jpg,doc
d86e3238942b9aa4__aug1_offline.jpg,0,d86e3238942b9aa4.jpg,doc
d86e3238942b9aa4__aug2_offline.jpg,0,d86e3238942b9aa4.jpg,doc
d87fe6344741e8e4__aug0_offline.jpg,7,d87fe6344741e8e4.jpg,doc
d87fe6344741e8e4__aug1_offline.jpg,7,d87fe6344741e8e4.jpg,doc
d87fe6344741e8e4__aug2_offline.jpg,7,d87fe6344741e8e4.jpg,doc
d89fe6f4cf91aa6e__aug0_offline.jpg,5,d89fe6f4cf91aa6e.jpg,card_like
d89fe6f4cf91aa6e__aug1_offline.jpg,5,d89fe6f4cf91aa6e.jpg,card_like
d89fe6f4cf91aa6e__aug2_offline.jpg,5,d89fe6f4cf91aa6e.jpg,card_like
d8aaa3f48085a68c__aug0_offline.jpg,11,d8aaa3f48085a68c.jpg,doc
d8aaa3f48085a68c__aug1_offline.jpg,11,d8aaa3f48085a68c.jpg,doc
d8aaa3f48085a68c__aug2_offline.jpg,11,d8aaa3f48085a68c.jpg,doc
d8adab6dfec3d43e__aug0_offline.jpg,15,d8adab6dfec3d43e.jpg,doc
d8adab6dfec3d43e__aug1_offline.jpg,15,d8adab6dfec3d43e.jpg,doc
d8adab6dfec3d43e__aug2_offline.jpg,15,d8adab6dfec3d43e.jpg,doc
d8e55600369f078c__aug0_offline.jpg,0,d8e55600369f078c.jpg,doc
d8e55600369f078c__aug1_offline.jpg,0,d8e55600369f078c.jpg,doc
d8e55600369f078c__aug2_offline.jpg,0,d8e55600369f078c.jpg,doc
d8ebc588e0c30142__aug0_offline.jpg,13,d8ebc588e0c30142.jpg,doc
d8ebc588e0c30142__aug1_offline.jpg,13,d8ebc588e0c30142.jpg,doc
d8ebc588e0c30142__aug2_offline.jpg,13,d8ebc588e0c30142.jpg,doc
d8ebc588e0c30142__aug3_offline.jpg,13,d8ebc588e0c30142.jpg,doc
d8ec671533223806__aug0_offline.jpg,4,d8ec671533223806.jpg,doc
d8ec671533223806__aug1_offline.jpg,4,d8ec671533223806.jpg,doc
d8ec671533223806__aug2_offline.jpg,4,d8ec671533223806.jpg,doc
d919dabe9f066dfc__aug0_offline.jpg,1,d919dabe9f066dfc.jpg,doc
d919dabe9f066dfc__aug1_offline.jpg,1,d919dabe9f066dfc.jpg,doc
d919dabe9f066dfc__aug2_offline.jpg,1,d919dabe9f066dfc.jpg,doc
d919dabe9f066dfc__aug3_offline.jpg,1,d919dabe9f066dfc.jpg,doc
d919dabe9f066dfc__aug4_offline.jpg,1,d919dabe9f066dfc.jpg,doc
d919dabe9f066dfc__aug5_offline.jpg,1,d919dabe9f066dfc.jpg,doc
d919dabe9f066dfc__aug6_offline.jpg,1,d919dabe9f066dfc.jpg,doc
d919dabe9f066dfc__aug7_offline.jpg,1,d919dabe9f066dfc.jpg,doc
d919dabe9f066dfc__aug8_offline.jpg,1,d919dabe9f066dfc.jpg,doc
d9258ffd43db6b98__aug0_offline.jpg,7,d9258ffd43db6b98.jpg,doc
d9258ffd43db6b98__aug1_offline.jpg,7,d9258ffd43db6b98.jpg,doc
d9258ffd43db6b98__aug2_offline.jpg,7,d9258ffd43db6b98.jpg,doc
d941da0b32375b7b__aug0_offline.jpg,15,d941da0b32375b7b.jpg,doc
d941da0b32375b7b__aug1_offline.jpg,15,d941da0b32375b7b.jpg,doc
d941da0b32375b7b__aug2_offline.jpg,15,d941da0b32375b7b.jpg,doc
d9bea6946b172732__aug0_offline.jpg,15,d9bea6946b172732.jpg,doc
d9bea6946b172732__aug1_offline.jpg,15,d9bea6946b172732.jpg,doc
d9bea6946b172732__aug2_offline.jpg,15,d9bea6946b172732.jpg,doc
d9e230e42838eb4f__aug0_offline.jpg,7,d9e230e42838eb4f.jpg,doc
d9e230e42838eb4f__aug1_offline.jpg,7,d9e230e42838eb4f.jpg,doc
d9e230e42838eb4f__aug2_offline.jpg,7,d9e230e42838eb4f.jpg,doc
d9eb325083ab816a__aug0_offline.jpg,15,d9eb325083ab816a.jpg,doc
d9eb325083ab816a__aug1_offline.jpg,15,d9eb325083ab816a.jpg,doc
d9eb325083ab816a__aug2_offline.jpg,15,d9eb325083ab816a.jpg,doc
d9ed91bef08431ec__aug0_offline.jpg,2,d9ed91bef08431ec.jpg,non_doc
d9ed91bef08431ec__aug1_offline.jpg,2,d9ed91bef08431ec.jpg,non_doc
d9ed91bef08431ec__aug2_offline.jpg,2,d9ed91bef08431ec.jpg,non_doc
da00cfad134c5c38__aug0_offline.jpg,2,da00cfad134c5c38.jpg,non_doc
da00cfad134c5c38__aug1_offline.jpg,2,da00cfad134c5c38.jpg,non_doc
da00cfad134c5c38__aug2_offline.jpg,2,da00cfad134c5c38.jpg,non_doc
da39b6ee680e0bb4__aug0_offline.jpg,0,da39b6ee680e0bb4.jpg,doc
da39b6ee680e0bb4__aug1_offline.jpg,0,da39b6ee680e0bb4.jpg,doc
da39b6ee680e0bb4__aug2_offline.jpg,0,da39b6ee680e0bb4.jpg,doc
da4e329a0b061ab5__aug0_offline.jpg,3,da4e329a0b061ab5.jpg,doc
da4e329a0b061ab5__aug1_offline.jpg,3,da4e329a0b061ab5.jpg,doc
da4e329a0b061ab5__aug2_offline.jpg,3,da4e329a0b061ab5.jpg,doc
da57d8eefd3cb622__aug0_offline.jpg,6,da57d8eefd3cb622.jpg,doc
da57d8eefd3cb622__aug1_offline.jpg,6,da57d8eefd3cb622.jpg,doc
da57d8eefd3cb622__aug2_offline.jpg,6,da57d8eefd3cb622.jpg,doc
da67a6969f407128__aug0_offline.jpg,8,da67a6969f407128.jpg,card_like
da67a6969f407128__aug1_offline.jpg,8,da67a6969f407128.jpg,card_like
da67a6969f407128__aug2_offline.jpg,8,da67a6969f407128.jpg,card_like
da79b432d36e053f__aug0_offline.jpg,8,da79b432d36e053f.jpg,card_like
da79b432d36e053f__aug1_offline.jpg,8,da79b432d36e053f.jpg,card_like
da79b432d36e053f__aug2_offline.jpg,8,da79b432d36e053f.jpg,card_like
da9a22b593000ffe__aug0_offline.jpg,16,da9a22b593000ffe.jpg,non_doc
da9a22b593000ffe__aug1_offline.jpg,16,da9a22b593000ffe.jpg,non_doc
da9a22b593000ffe__aug2_offline.jpg,16,da9a22b593000ffe.jpg,non_doc
dac2e72086a27f34__aug0_offline.jpg,12,dac2e72086a27f34.jpg,doc
dac2e72086a27f34__aug1_offline.jpg,12,dac2e72086a27f34.jpg,doc
dac2e72086a27f34__aug2_offline.jpg,12,dac2e72086a27f34.jpg,doc
db0ad34838522238__aug0_offline.jpg,8,db0ad34838522238.jpg,card_like
db0ad34838522238__aug1_offline.jpg,8,db0ad34838522238.jpg,card_like
db0ad34838522238__aug2_offline.jpg,8,db0ad34838522238.jpg,card_like
db492340c2e628ef__aug0_offline.jpg,4,db492340c2e628ef.jpg,doc
db492340c2e628ef__aug1_offline.jpg,4,db492340c2e628ef.jpg,doc
db492340c2e628ef__aug2_offline.jpg,4,db492340c2e628ef.jpg,doc
db89ff8cb21d23aa__aug0_offline.jpg,8,db89ff8cb21d23aa.jpg,card_like
db89ff8cb21d23aa__aug1_offline.jpg,8,db89ff8cb21d23aa.jpg,card_like
db89ff8cb21d23aa__aug2_offline.jpg,8,db89ff8cb21d23aa.jpg,card_like
dbb528dd3595f820__aug0_offline.jpg,15,dbb528dd3595f820.jpg,doc
dbb528dd3595f820__aug1_offline.jpg,15,dbb528dd3595f820.jpg,doc
dbb528dd3595f820__aug2_offline.jpg,15,dbb528dd3595f820.jpg,doc
dbfa65dfa6f60e01__aug0_offline.jpg,10,dbfa65dfa6f60e01.jpg,doc
dbfa65dfa6f60e01__aug1_offline.jpg,10,dbfa65dfa6f60e01.jpg,doc
dbfa65dfa6f60e01__aug2_offline.jpg,10,dbfa65dfa6f60e01.jpg,doc
dc15f16dbca38f7e__aug0_offline.jpg,15,dc15f16dbca38f7e.jpg,doc
dc15f16dbca38f7e__aug1_offline.jpg,15,dc15f16dbca38f7e.jpg,doc
dc15f16dbca38f7e__aug2_offline.jpg,15,dc15f16dbca38f7e.jpg,doc
dc4896b07123ad90__aug0_offline.jpg,9,dc4896b07123ad90.jpg,card_like
dc4896b07123ad90__aug1_offline.jpg,9,dc4896b07123ad90.jpg,card_like
dc4896b07123ad90__aug2_offline.jpg,9,dc4896b07123ad90.jpg,card_like
dc85f3f23b1b8016__aug0_offline.jpg,8,dc85f3f23b1b8016.jpg,card_like
dc85f3f23b1b8016__aug1_offline.jpg,8,dc85f3f23b1b8016.jpg,card_like
dc85f3f23b1b8016__aug2_offline.jpg,8,dc85f3f23b1b8016.jpg,card_like
dca043709cbafcb1__aug0_offline.jpg,4,dca043709cbafcb1.jpg,doc
dca043709cbafcb1__aug1_offline.jpg,4,dca043709cbafcb1.jpg,doc
dca043709cbafcb1__aug2_offline.jpg,4,dca043709cbafcb1.jpg,doc
dca9c3da2fd10251__aug0_offline.jpg,7,dca9c3da2fd10251.jpg,doc
dca9c3da2fd10251__aug1_offline.jpg,7,dca9c3da2fd10251.jpg,doc
dca9c3da2fd10251__aug2_offline.jpg,7,dca9c3da2fd10251.jpg,doc
dcc092f954e12d07__aug0_offline.jpg,3,dcc092f954e12d07.jpg,doc
dcc092f954e12d07__aug1_offline.jpg,3,dcc092f954e12d07.jpg,doc
dcc092f954e12d07__aug2_offline.jpg,3,dcc092f954e12d07.jpg,doc
dd0453cee3db2cf1__aug0_offline.jpg,6,dd0453cee3db2cf1.jpg,doc
dd0453cee3db2cf1__aug1_offline.jpg,6,dd0453cee3db2cf1.jpg,doc
dd0453cee3db2cf1__aug2_offline.jpg,6,dd0453cee3db2cf1.jpg,doc
dd499c243ecdd300__aug0_offline.jpg,10,dd499c243ecdd300.jpg,doc
dd499c243ecdd300__aug1_offline.jpg,10,dd499c243ecdd300.jpg,doc
dd499c243ecdd300__aug2_offline.jpg,10,dd499c243ecdd300.jpg,doc
dd890b6a9b2785e0__aug0_offline.jpg,3,dd890b6a9b2785e0.jpg,doc
dd890b6a9b2785e0__aug1_offline.jpg,3,dd890b6a9b2785e0.jpg,doc
dd890b6a9b2785e0__aug2_offline.jpg,3,dd890b6a9b2785e0.jpg,doc
dd95257e86c7c378__aug0_offline.jpg,3,dd95257e86c7c378.jpg,doc
dd95257e86c7c378__aug1_offline.jpg,3,dd95257e86c7c378.jpg,doc
dd95257e86c7c378__aug2_offline.jpg,3,dd95257e86c7c378.jpg,doc
dda2df9797b370e7__aug0_offline.jpg,3,dda2df9797b370e7.jpg,doc
dda2df9797b370e7__aug1_offline.jpg,3,dda2df9797b370e7.jpg,doc
dda2df9797b370e7__aug2_offline.jpg,3,dda2df9797b370e7.jpg,doc
ddecf32796ba59fb__aug0_offline.jpg,2,ddecf32796ba59fb.jpg,non_doc
ddecf32796ba59fb__aug1_offline.jpg,2,ddecf32796ba59fb.jpg,non_doc
ddecf32796ba59fb__aug2_offline.jpg,2,ddecf32796ba59fb.jpg,non_doc
de59e243f720f8e6__aug0_offline.jpg,0,de59e243f720f8e6.jpg,doc
de59e243f720f8e6__aug1_offline.jpg,0,de59e243f720f8e6.jpg,doc
de59e243f720f8e6__aug2_offline.jpg,0,de59e243f720f8e6.jpg,doc
de6debaeedbdabac__aug0_offline.jpg,11,de6debaeedbdabac.jpg,doc
de6debaeedbdabac__aug1_offline.jpg,11,de6debaeedbdabac.jpg,doc
de6debaeedbdabac__aug2_offline.jpg,11,de6debaeedbdabac.jpg,doc
de7d9f54a1bc2676__aug0_offline.jpg,15,de7d9f54a1bc2676.jpg,doc
de7d9f54a1bc2676__aug1_offline.jpg,15,de7d9f54a1bc2676.jpg,doc
de7d9f54a1bc2676__aug2_offline.jpg,15,de7d9f54a1bc2676.jpg,doc
de884241d9d56c7d__aug0_offline.jpg,6,de884241d9d56c7d.jpg,doc
de884241d9d56c7d__aug1_offline.jpg,6,de884241d9d56c7d.jpg,doc
de884241d9d56c7d__aug2_offline.jpg,6,de884241d9d56c7d.jpg,doc
defb0614f6e98814__aug0_offline.jpg,9,defb0614f6e98814.jpg,card_like
defb0614f6e98814__aug1_offline.jpg,9,defb0614f6e98814.jpg,card_like
defb0614f6e98814__aug2_offline.jpg,9,defb0614f6e98814.jpg,card_like
df03f4facff2b3e7__aug0_offline.jpg,3,df03f4facff2b3e7.jpg,doc
df03f4facff2b3e7__aug1_offline.jpg,3,df03f4facff2b3e7.jpg,doc
df03f4facff2b3e7__aug2_offline.jpg,3,df03f4facff2b3e7.jpg,doc
df1caa3d9f344b5a__aug0_offline.jpg,0,df1caa3d9f344b5a.jpg,doc
df1caa3d9f344b5a__aug1_offline.jpg,0,df1caa3d9f344b5a.jpg,doc
df1caa3d9f344b5a__aug2_offline.jpg,0,df1caa3d9f344b5a.jpg,doc
df29ecbe84bcb5af__aug0_offline.jpg,6,df29ecbe84bcb5af.jpg,doc
df29ecbe84bcb5af__aug1_offline.jpg,6,df29ecbe84bcb5af.jpg,doc
df29ecbe84bcb5af__aug2_offline.jpg,6,df29ecbe84bcb5af.jpg,doc
df5de038a077c34a__aug0_offline.jpg,0,df5de038a077c34a.jpg,doc
df5de038a077c34a__aug1_offline.jpg,0,df5de038a077c34a.jpg,doc
df5de038a077c34a__aug2_offline.jpg,0,df5de038a077c34a.jpg,doc
df7d7932966d7e22__aug0_offline.jpg,3,df7d7932966d7e22.jpg,doc
df7d7932966d7e22__aug1_offline.jpg,3,df7d7932966d7e22.jpg,doc
df7d7932966d7e22__aug2_offline.jpg,3,df7d7932966d7e22.jpg,doc
dfa798b40397760b__aug0_offline.jpg,11,dfa798b40397760b.jpg,doc
dfa798b40397760b__aug1_offline.jpg,11,dfa798b40397760b.jpg,doc
dfa798b40397760b__aug2_offline.jpg,11,dfa798b40397760b.jpg,doc
dfbcc39a0cd12380__aug0_offline.jpg,3,dfbcc39a0cd12380.jpg,doc
dfbcc39a0cd12380__aug1_offline.jpg,3,dfbcc39a0cd12380.jpg,doc
dfbcc39a0cd12380__aug2_offline.jpg,3,dfbcc39a0cd12380.jpg,doc
e01f894df0a13db3__aug0_offline.jpg,14,e01f894df0a13db3.jpg,doc
e01f894df0a13db3__aug1_offline.jpg,14,e01f894df0a13db3.jpg,doc
e01f894df0a13db3__aug2_offline.jpg,14,e01f894df0a13db3.jpg,doc
e01f894df0a13db3__aug3_offline.jpg,14,e01f894df0a13db3.jpg,doc
e01f894df0a13db3__aug4_offline.jpg,14,e01f894df0a13db3.jpg,doc
e01f894df0a13db3__aug5_offline.jpg,14,e01f894df0a13db3.jpg,doc
e01f894df0a13db3__aug6_offline.jpg,14,e01f894df0a13db3.jpg,doc
e01f894df0a13db3__aug7_offline.jpg,14,e01f894df0a13db3.jpg,doc
e0309e1e1f05b1fd__aug0_offline.jpg,3,e0309e1e1f05b1fd.jpg,doc
e0309e1e1f05b1fd__aug1_offline.jpg,3,e0309e1e1f05b1fd.jpg,doc
e0309e1e1f05b1fd__aug2_offline.jpg,3,e0309e1e1f05b1fd.jpg,doc
e12e704f6a1fc07d__aug0_offline.jpg,10,e12e704f6a1fc07d.jpg,doc
e12e704f6a1fc07d__aug1_offline.jpg,10,e12e704f6a1fc07d.jpg,doc
e12e704f6a1fc07d__aug2_offline.jpg,10,e12e704f6a1fc07d.jpg,doc
e1d072534e243f52__aug0_offline.jpg,10,e1d072534e243f52.jpg,doc
e1d072534e243f52__aug1_offline.jpg,10,e1d072534e243f52.jpg,doc
e1d072534e243f52__aug2_offline.jpg,10,e1d072534e243f52.jpg,doc
e1df80668c20548f__aug0_offline.jpg,13,e1df80668c20548f.jpg,doc
e1df80668c20548f__aug1_offline.jpg,13,e1df80668c20548f.jpg,doc
e1df80668c20548f__aug2_offline.jpg,13,e1df80668c20548f.jpg,doc
e1df80668c20548f__aug3_offline.jpg,13,e1df80668c20548f.jpg,doc
e1e40eaeb4a377d1__aug0_offline.jpg,1,e1e40eaeb4a377d1.jpg,doc
e1e40eaeb4a377d1__aug1_offline.jpg,1,e1e40eaeb4a377d1.jpg,doc
e1e40eaeb4a377d1__aug2_offline.jpg,1,e1e40eaeb4a377d1.jpg,doc
e1e40eaeb4a377d1__aug3_offline.jpg,1,e1e40eaeb4a377d1.jpg,doc
e1e40eaeb4a377d1__aug4_offline.jpg,1,e1e40eaeb4a377d1.jpg,doc
e1e40eaeb4a377d1__aug5_offline.jpg,1,e1e40eaeb4a377d1.jpg,doc
e1e40eaeb4a377d1__aug6_offline.jpg,1,e1e40eaeb4a377d1.jpg,doc
e1e40eaeb4a377d1__aug7_offline.jpg,1,e1e40eaeb4a377d1.jpg,doc
e1e40eaeb4a377d1__aug8_offline.jpg,1,e1e40eaeb4a377d1.jpg,doc
e1e672f2d5adb64c__aug0_offline.jpg,15,e1e672f2d5adb64c.jpg,doc
e1e672f2d5adb64c__aug1_offline.jpg,15,e1e672f2d5adb64c.jpg,doc
e1e672f2d5adb64c__aug2_offline.jpg,15,e1e672f2d5adb64c.jpg,doc
e301e19ee1a735cd__aug0_offline.jpg,0,e301e19ee1a735cd.jpg,doc
e301e19ee1a735cd__aug1_offline.jpg,0,e301e19ee1a735cd.jpg,doc
e301e19ee1a735cd__aug2_offline.jpg,0,e301e19ee1a735cd.jpg,doc
e30915406d9b20de__aug0_offline.jpg,13,e30915406d9b20de.jpg,doc
e30915406d9b20de__aug1_offline.jpg,13,e30915406d9b20de.jpg,doc
e30915406d9b20de__aug2_offline.jpg,13,e30915406d9b20de.jpg,doc
e30915406d9b20de__aug3_offline.jpg,13,e30915406d9b20de.jpg,doc
e38d037e758fb18b__aug0_offline.jpg,0,e38d037e758fb18b.jpg,doc
e38d037e758fb18b__aug1_offline.jpg,0,e38d037e758fb18b.jpg,doc
e38d037e758fb18b__aug2_offline.jpg,0,e38d037e758fb18b.jpg,doc
e3a0e3c88dd2de8c__aug0_offline.jpg,9,e3a0e3c88dd2de8c.jpg,card_like
e3a0e3c88dd2de8c__aug1_offline.jpg,9,e3a0e3c88dd2de8c.jpg,card_like
e3a0e3c88dd2de8c__aug2_offline.jpg,9,e3a0e3c88dd2de8c.jpg,card_like
e3b44c1a14dba712__aug0_offline.jpg,9,e3b44c1a14dba712.jpg,card_like
e3b44c1a14dba712__aug1_offline.jpg,9,e3b44c1a14dba712.jpg,card_like
e3b44c1a14dba712__aug2_offline.jpg,9,e3b44c1a14dba712.jpg,card_like
e3ea1b4f435379a5__aug0_offline.jpg,11,e3ea1b4f435379a5.jpg,doc
e3ea1b4f435379a5__aug1_offline.jpg,11,e3ea1b4f435379a5.jpg,doc
e3ea1b4f435379a5__aug2_offline.jpg,11,e3ea1b4f435379a5.jpg,doc
e4073ae0f5024903__aug0_offline.jpg,6,e4073ae0f5024903.jpg,doc
e4073ae0f5024903__aug1_offline.jpg,6,e4073ae0f5024903.jpg,doc
e4073ae0f5024903__aug2_offline.jpg,6,e4073ae0f5024903.jpg,doc
e45d30315e6f3991__aug0_offline.jpg,16,e45d30315e6f3991.jpg,non_doc
e45d30315e6f3991__aug1_offline.jpg,16,e45d30315e6f3991.jpg,non_doc
e45d30315e6f3991__aug2_offline.jpg,16,e45d30315e6f3991.jpg,non_doc
e486affcd2c365ff__aug0_offline.jpg,6,e486affcd2c365ff.jpg,doc
e486affcd2c365ff__aug1_offline.jpg,6,e486affcd2c365ff.jpg,doc
e486affcd2c365ff__aug2_offline.jpg,6,e486affcd2c365ff.jpg,doc
e4875d47b263b7eb__aug0_offline.jpg,2,e4875d47b263b7eb.jpg,non_doc
e4875d47b263b7eb__aug1_offline.jpg,2,e4875d47b263b7eb.jpg,non_doc
e4875d47b263b7eb__aug2_offline.jpg,2,e4875d47b263b7eb.jpg,non_doc
e48c0e53c74b01b6__aug0_offline.jpg,5,e48c0e53c74b01b6.jpg,card_like
e48c0e53c74b01b6__aug1_offline.jpg,5,e48c0e53c74b01b6.jpg,card_like
e48c0e53c74b01b6__aug2_offline.jpg,5,e48c0e53c74b01b6.jpg,card_like
e4ab16b5d1f26991__aug0_offline.jpg,15,e4ab16b5d1f26991.jpg,doc
e4ab16b5d1f26991__aug1_offline.jpg,15,e4ab16b5d1f26991.jpg,doc
e4ab16b5d1f26991__aug2_offline.jpg,15,e4ab16b5d1f26991.jpg,doc
e4b25bf0fc41b317__aug0_offline.jpg,16,e4b25bf0fc41b317.jpg,non_doc
e4b25bf0fc41b317__aug1_offline.jpg,16,e4b25bf0fc41b317.jpg,non_doc
e4b25bf0fc41b317__aug2_offline.jpg,16,e4b25bf0fc41b317.jpg,non_doc
e4bf926244810e1b__aug0_offline.jpg,7,e4bf926244810e1b.jpg,doc
e4bf926244810e1b__aug1_offline.jpg,7,e4bf926244810e1b.jpg,doc
e4bf926244810e1b__aug2_offline.jpg,7,e4bf926244810e1b.jpg,doc
e4ed17241d8f43f5__aug0_offline.jpg,14,e4ed17241d8f43f5.jpg,doc
e4ed17241d8f43f5__aug1_offline.jpg,14,e4ed17241d8f43f5.jpg,doc
e4ed17241d8f43f5__aug2_offline.jpg,14,e4ed17241d8f43f5.jpg,doc
e4ed17241d8f43f5__aug3_offline.jpg,14,e4ed17241d8f43f5.jpg,doc
e4ed17241d8f43f5__aug4_offline.jpg,14,e4ed17241d8f43f5.jpg,doc
e4ed17241d8f43f5__aug5_offline.jpg,14,e4ed17241d8f43f5.jpg,doc
e4ed17241d8f43f5__aug6_offline.jpg,14,e4ed17241d8f43f5.jpg,doc
e4ed17241d8f43f5__aug7_offline.jpg,14,e4ed17241d8f43f5.jpg,doc
e525e58288d02d1d__aug0_offline.jpg,12,e525e58288d02d1d.jpg,doc
e525e58288d02d1d__aug1_offline.jpg,12,e525e58288d02d1d.jpg,doc
e525e58288d02d1d__aug2_offline.jpg,12,e525e58288d02d1d.jpg,doc
e55e2da78637ab9a__aug0_offline.jpg,15,e55e2da78637ab9a.jpg,doc
e55e2da78637ab9a__aug1_offline.jpg,15,e55e2da78637ab9a.jpg,doc
e55e2da78637ab9a__aug2_offline.jpg,15,e55e2da78637ab9a.jpg,doc
e5a0d2a785508cfb__aug0_offline.jpg,0,e5a0d2a785508cfb.jpg,doc
e5a0d2a785508cfb__aug1_offline.jpg,0,e5a0d2a785508cfb.jpg,doc
e5a0d2a785508cfb__aug2_offline.jpg,0,e5a0d2a785508cfb.jpg,doc
e5bb1ca65bedae64__aug0_offline.jpg,5,e5bb1ca65bedae64.jpg,card_like
e5bb1ca65bedae64__aug1_offline.jpg,5,e5bb1ca65bedae64.jpg,card_like
e5bb1ca65bedae64__aug2_offline.jpg,5,e5bb1ca65bedae64.jpg,card_like
e5e16f4d12999a48__aug0_offline.jpg,2,e5e16f4d12999a48.jpg,non_doc
e5e16f4d12999a48__aug1_offline.jpg,2,e5e16f4d12999a48.jpg,non_doc
e5e16f4d12999a48__aug2_offline.jpg,2,e5e16f4d12999a48.jpg,non_doc
e5ec5c7ccc335b80__aug0_offline.jpg,2,e5ec5c7ccc335b80.jpg,non_doc
e5ec5c7ccc335b80__aug1_offline.jpg,2,e5ec5c7ccc335b80.jpg,non_doc
e5ec5c7ccc335b80__aug2_offline.jpg,2,e5ec5c7ccc335b80.jpg,non_doc
e61d239495689428__aug0_offline.jpg,1,e61d239495689428.jpg,doc
e61d239495689428__aug1_offline.jpg,1,e61d239495689428.jpg,doc
e61d239495689428__aug2_offline.jpg,1,e61d239495689428.jpg,doc
e61d239495689428__aug3_offline.jpg,1,e61d239495689428.jpg,doc
e61d239495689428__aug4_offline.jpg,1,e61d239495689428.jpg,doc
e61d239495689428__aug5_offline.jpg,1,e61d239495689428.jpg,doc
e61d239495689428__aug6_offline.jpg,1,e61d239495689428.jpg,doc
e61d239495689428__aug7_offline.jpg,1,e61d239495689428.jpg,doc
e61d239495689428__aug8_offline.jpg,1,e61d239495689428.jpg,doc
e65f8e245c0d50b0__aug0_offline.jpg,10,e65f8e245c0d50b0.jpg,doc
e65f8e245c0d50b0__aug1_offline.jpg,10,e65f8e245c0d50b0.jpg,doc
e65f8e245c0d50b0__aug2_offline.jpg,10,e65f8e245c0d50b0.jpg,doc
e681d2d298112992__aug0_offline.jpg,7,e681d2d298112992.jpg,doc
e681d2d298112992__aug1_offline.jpg,7,e681d2d298112992.jpg,doc
e681d2d298112992__aug2_offline.jpg,7,e681d2d298112992.jpg,doc
e6973dbaa30ba7c3__aug0_offline.jpg,11,e6973dbaa30ba7c3.jpg,doc
e6973dbaa30ba7c3__aug1_offline.jpg,11,e6973dbaa30ba7c3.jpg,doc
e6973dbaa30ba7c3__aug2_offline.jpg,11,e6973dbaa30ba7c3.jpg,doc
e69f671605b83b31__aug0_offline.jpg,1,e69f671605b83b31.jpg,doc
e69f671605b83b31__aug1_offline.jpg,1,e69f671605b83b31.jpg,doc
e69f671605b83b31__aug2_offline.jpg,1,e69f671605b83b31.jpg,doc
e69f671605b83b31__aug3_offline.jpg,1,e69f671605b83b31.jpg,doc
e69f671605b83b31__aug4_offline.jpg,1,e69f671605b83b31.jpg,doc
e69f671605b83b31__aug5_offline.jpg,1,e69f671605b83b31.jpg,doc
e69f671605b83b31__aug6_offline.jpg,1,e69f671605b83b31.jpg,doc
e69f671605b83b31__aug7_offline.jpg,1,e69f671605b83b31.jpg,doc
e69f671605b83b31__aug8_offline.jpg,1,e69f671605b83b31.jpg,doc
e6b7972300792a1d__aug0_offline.jpg,5,e6b7972300792a1d.jpg,card_like
e6b7972300792a1d__aug1_offline.jpg,5,e6b7972300792a1d.jpg,card_like
e6b7972300792a1d__aug2_offline.jpg,5,e6b7972300792a1d.jpg,card_like
e6e4186f462c590e__aug0_offline.jpg,16,e6e4186f462c590e.jpg,non_doc
e6e4186f462c590e__aug1_offline.jpg,16,e6e4186f462c590e.jpg,non_doc
e6e4186f462c590e__aug2_offline.jpg,16,e6e4186f462c590e.jpg,non_doc
e73de97b7c6ac109__aug0_offline.jpg,2,e73de97b7c6ac109.jpg,non_doc
e73de97b7c6ac109__aug1_offline.jpg,2,e73de97b7c6ac109.jpg,non_doc
e73de97b7c6ac109__aug2_offline.jpg,2,e73de97b7c6ac109.jpg,non_doc
e77a343897a1b845__aug0_offline.jpg,7,e77a343897a1b845.jpg,doc
e77a343897a1b845__aug1_offline.jpg,7,e77a343897a1b845.jpg,doc
e77a343897a1b845__aug2_offline.jpg,7,e77a343897a1b845.jpg,doc
e7d48e33b1fc4dfb__aug0_offline.jpg,12,e7d48e33b1fc4dfb.jpg,doc
e7d48e33b1fc4dfb__aug1_offline.jpg,12,e7d48e33b1fc4dfb.jpg,doc
e7d48e33b1fc4dfb__aug2_offline.jpg,12,e7d48e33b1fc4dfb.jpg,doc
e83156483c34d2ee__aug0_offline.jpg,8,e83156483c34d2ee.jpg,card_like
e83156483c34d2ee__aug1_offline.jpg,8,e83156483c34d2ee.jpg,card_like
e83156483c34d2ee__aug2_offline.jpg,8,e83156483c34d2ee.jpg,card_like
e837dfbead851488__aug0_offline.jpg,11,e837dfbead851488.jpg,doc
e837dfbead851488__aug1_offline.jpg,11,e837dfbead851488.jpg,doc
e837dfbead851488__aug2_offline.jpg,11,e837dfbead851488.jpg,doc
e887b53c900b4133__aug0_offline.jpg,1,e887b53c900b4133.jpg,doc
e887b53c900b4133__aug1_offline.jpg,1,e887b53c900b4133.jpg,doc
e887b53c900b4133__aug2_offline.jpg,1,e887b53c900b4133.jpg,doc
e887b53c900b4133__aug3_offline.jpg,1,e887b53c900b4133.jpg,doc
e887b53c900b4133__aug4_offline.jpg,1,e887b53c900b4133.jpg,doc
e887b53c900b4133__aug5_offline.jpg,1,e887b53c900b4133.jpg,doc
e887b53c900b4133__aug6_offline.jpg,1,e887b53c900b4133.jpg,doc
e887b53c900b4133__aug7_offline.jpg,1,e887b53c900b4133.jpg,doc
e887b53c900b4133__aug8_offline.jpg,1,e887b53c900b4133.jpg,doc
e894c83f1cb6efac__aug0_offline.jpg,3,e894c83f1cb6efac.jpg,doc
e894c83f1cb6efac__aug1_offline.jpg,3,e894c83f1cb6efac.jpg,doc
e894c83f1cb6efac__aug2_offline.jpg,3,e894c83f1cb6efac.jpg,doc
e8c0c381c02201c9__aug0_offline.jpg,11,e8c0c381c02201c9.jpg,doc
e8c0c381c02201c9__aug1_offline.jpg,11,e8c0c381c02201c9.jpg,doc
e8c0c381c02201c9__aug2_offline.jpg,11,e8c0c381c02201c9.jpg,doc
e8cd3ebad02d1de5__aug0_offline.jpg,8,e8cd3ebad02d1de5.jpg,card_like
e8cd3ebad02d1de5__aug1_offline.jpg,8,e8cd3ebad02d1de5.jpg,card_like
e8cd3ebad02d1de5__aug2_offline.jpg,8,e8cd3ebad02d1de5.jpg,card_like
e8cf8d1415370974__aug0_offline.jpg,14,e8cf8d1415370974.jpg,doc
e8cf8d1415370974__aug1_offline.jpg,14,e8cf8d1415370974.jpg,doc
e8cf8d1415370974__aug2_offline.jpg,14,e8cf8d1415370974.jpg,doc
e8cf8d1415370974__aug3_offline.jpg,14,e8cf8d1415370974.jpg,doc
e8cf8d1415370974__aug4_offline.jpg,14,e8cf8d1415370974.jpg,doc
e8cf8d1415370974__aug5_offline.jpg,14,e8cf8d1415370974.jpg,doc
e8cf8d1415370974__aug6_offline.jpg,14,e8cf8d1415370974.jpg,doc
e8cf8d1415370974__aug7_offline.jpg,14,e8cf8d1415370974.jpg,doc
e8db1707653dc637__aug0_offline.jpg,3,e8db1707653dc637.jpg,doc
e8db1707653dc637__aug1_offline.jpg,3,e8db1707653dc637.jpg,doc
e8db1707653dc637__aug2_offline.jpg,3,e8db1707653dc637.jpg,doc
e8e698529229a72a__aug0_offline.jpg,10,e8e698529229a72a.jpg,doc
e8e698529229a72a__aug1_offline.jpg,10,e8e698529229a72a.jpg,doc
e8e698529229a72a__aug2_offline.jpg,10,e8e698529229a72a.jpg,doc
e8e8dd06a96f2586__aug0_offline.jpg,16,e8e8dd06a96f2586.jpg,non_doc
e8e8dd06a96f2586__aug1_offline.jpg,16,e8e8dd06a96f2586.jpg,non_doc
e8e8dd06a96f2586__aug2_offline.jpg,16,e8e8dd06a96f2586.jpg,non_doc
e8f3120294aca53f__aug0_offline.jpg,5,e8f3120294aca53f.jpg,card_like
e8f3120294aca53f__aug1_offline.jpg,5,e8f3120294aca53f.jpg,card_like
e8f3120294aca53f__aug2_offline.jpg,5,e8f3120294aca53f.jpg,card_like
e94cb361c4d52900__aug0_offline.jpg,8,e94cb361c4d52900.jpg,card_like
e94cb361c4d52900__aug1_offline.jpg,8,e94cb361c4d52900.jpg,card_like
e94cb361c4d52900__aug2_offline.jpg,8,e94cb361c4d52900.jpg,card_like
e985d6cb79c79810__aug0_offline.jpg,4,e985d6cb79c79810.jpg,doc
e985d6cb79c79810__aug1_offline.jpg,4,e985d6cb79c79810.jpg,doc
e985d6cb79c79810__aug2_offline.jpg,4,e985d6cb79c79810.jpg,doc
e9bab9b6d33881eb__aug0_offline.jpg,4,e9bab9b6d33881eb.jpg,doc
e9bab9b6d33881eb__aug1_offline.jpg,4,e9bab9b6d33881eb.jpg,doc
e9bab9b6d33881eb__aug2_offline.jpg,4,e9bab9b6d33881eb.jpg,doc
ea27639c57e9b7d8__aug0_offline.jpg,9,ea27639c57e9b7d8.jpg,card_like
ea27639c57e9b7d8__aug1_offline.jpg,9,ea27639c57e9b7d8.jpg,card_like
ea27639c57e9b7d8__aug2_offline.jpg,9,ea27639c57e9b7d8.jpg,card_like
ea2d8812bee62658__aug0_offline.jpg,5,ea2d8812bee62658.jpg,card_like
ea2d8812bee62658__aug1_offline.jpg,5,ea2d8812bee62658.jpg,card_like
ea2d8812bee62658__aug2_offline.jpg,5,ea2d8812bee62658.jpg,card_like
ea379b41d59cec36__aug0_offline.jpg,9,ea379b41d59cec36.jpg,card_like
ea379b41d59cec36__aug1_offline.jpg,9,ea379b41d59cec36.jpg,card_like
ea379b41d59cec36__aug2_offline.jpg,9,ea379b41d59cec36.jpg,card_like
ea67bd6071524b75__aug0_offline.jpg,11,ea67bd6071524b75.jpg,doc
ea67bd6071524b75__aug1_offline.jpg,11,ea67bd6071524b75.jpg,doc
ea67bd6071524b75__aug2_offline.jpg,11,ea67bd6071524b75.jpg,doc
eab87d51f62cb63e__aug0_offline.jpg,0,eab87d51f62cb63e.jpg,doc
eab87d51f62cb63e__aug1_offline.jpg,0,eab87d51f62cb63e.jpg,doc
eab87d51f62cb63e__aug2_offline.jpg,0,eab87d51f62cb63e.jpg,doc
eaf147f1f7c77fd6__aug0_offline.jpg,4,eaf147f1f7c77fd6.jpg,doc
eaf147f1f7c77fd6__aug1_offline.jpg,4,eaf147f1f7c77fd6.jpg,doc
eaf147f1f7c77fd6__aug2_offline.jpg,4,eaf147f1f7c77fd6.jpg,doc
eb1d69cc1a225f74__aug0_offline.jpg,11,eb1d69cc1a225f74.jpg,doc
eb1d69cc1a225f74__aug1_offline.jpg,11,eb1d69cc1a225f74.jpg,doc
eb1d69cc1a225f74__aug2_offline.jpg,11,eb1d69cc1a225f74.jpg,doc
eb5b733a2cc77155__aug0_offline.jpg,2,eb5b733a2cc77155.jpg,non_doc
eb5b733a2cc77155__aug1_offline.jpg,2,eb5b733a2cc77155.jpg,non_doc
eb5b733a2cc77155__aug2_offline.jpg,2,eb5b733a2cc77155.jpg,non_doc
ebbe01aaff327255__aug0_offline.jpg,14,ebbe01aaff327255.jpg,doc
ebbe01aaff327255__aug1_offline.jpg,14,ebbe01aaff327255.jpg,doc
ebbe01aaff327255__aug2_offline.jpg,14,ebbe01aaff327255.jpg,doc
ebbe01aaff327255__aug3_offline.jpg,14,ebbe01aaff327255.jpg,doc
ebbe01aaff327255__aug4_offline.jpg,14,ebbe01aaff327255.jpg,doc
ebbe01aaff327255__aug5_offline.jpg,14,ebbe01aaff327255.jpg,doc
ebbe01aaff327255__aug6_offline.jpg,14,ebbe01aaff327255.jpg,doc
ebbe01aaff327255__aug7_offline.jpg,14,ebbe01aaff327255.jpg,doc
ebc1b6158a726e1b__aug0_offline.jpg,10,ebc1b6158a726e1b.jpg,doc
ebc1b6158a726e1b__aug1_offline.jpg,10,ebc1b6158a726e1b.jpg,doc
ebc1b6158a726e1b__aug2_offline.jpg,10,ebc1b6158a726e1b.jpg,doc
ebd978302b4de8c5__aug0_offline.jpg,9,ebd978302b4de8c5.jpg,card_like
ebd978302b4de8c5__aug1_offline.jpg,9,ebd978302b4de8c5.jpg,card_like
ebd978302b4de8c5__aug2_offline.jpg,9,ebd978302b4de8c5.jpg,card_like
ebdb6f14d9876caa__aug0_offline.jpg,8,ebdb6f14d9876caa.jpg,card_like
ebdb6f14d9876caa__aug1_offline.jpg,8,ebdb6f14d9876caa.jpg,card_like
ebdb6f14d9876caa__aug2_offline.jpg,8,ebdb6f14d9876caa.jpg,card_like
ec0566c54c4cd5af__aug0_offline.jpg,15,ec0566c54c4cd5af.jpg,doc
ec0566c54c4cd5af__aug1_offline.jpg,15,ec0566c54c4cd5af.jpg,doc
ec0566c54c4cd5af__aug2_offline.jpg,15,ec0566c54c4cd5af.jpg,doc
ec5944aa6f505347__aug0_offline.jpg,11,ec5944aa6f505347.jpg,doc
ec5944aa6f505347__aug1_offline.jpg,11,ec5944aa6f505347.jpg,doc
ec5944aa6f505347__aug2_offline.jpg,11,ec5944aa6f505347.jpg,doc
ecb7bb9b2d758680__aug0_offline.jpg,11,ecb7bb9b2d758680.jpg,doc
ecb7bb9b2d758680__aug1_offline.jpg,11,ecb7bb9b2d758680.jpg,doc
ecb7bb9b2d758680__aug2_offline.jpg,11,ecb7bb9b2d758680.jpg,doc
ecbc01d97196b70a__aug0_offline.jpg,0,ecbc01d97196b70a.jpg,doc
ecbc01d97196b70a__aug1_offline.jpg,0,ecbc01d97196b70a.jpg,doc
ecbc01d97196b70a__aug2_offline.jpg,0,ecbc01d97196b70a.jpg,doc
ed3ef233d552beb3__aug0_offline.jpg,5,ed3ef233d552beb3.jpg,card_like
ed3ef233d552beb3__aug1_offline.jpg,5,ed3ef233d552beb3.jpg,card_like
ed3ef233d552beb3__aug2_offline.jpg,5,ed3ef233d552beb3.jpg,card_like
ed58f4602c2b900f__aug0_offline.jpg,16,ed58f4602c2b900f.jpg,non_doc
ed58f4602c2b900f__aug1_offline.jpg,16,ed58f4602c2b900f.jpg,non_doc
ed58f4602c2b900f__aug2_offline.jpg,16,ed58f4602c2b900f.jpg,non_doc
ed5a4e5d317038eb__aug0_offline.jpg,8,ed5a4e5d317038eb.jpg,card_like
ed5a4e5d317038eb__aug1_offline.jpg,8,ed5a4e5d317038eb.jpg,card_like
ed5a4e5d317038eb__aug2_offline.jpg,8,ed5a4e5d317038eb.jpg,card_like
ed6965390c27e093__aug0_offline.jpg,9,ed6965390c27e093.jpg,card_like
ed6965390c27e093__aug1_offline.jpg,9,ed6965390c27e093.jpg,card_like
ed6965390c27e093__aug2_offline.jpg,9,ed6965390c27e093.jpg,card_like
edabe0ee29af0f71__aug0_offline.jpg,10,edabe0ee29af0f71.jpg,doc
edabe0ee29af0f71__aug1_offline.jpg,10,edabe0ee29af0f71.jpg,doc
edabe0ee29af0f71__aug2_offline.jpg,10,edabe0ee29af0f71.jpg,doc
edbce4c482ef0ca5__aug0_offline.jpg,8,edbce4c482ef0ca5.jpg,card_like
edbce4c482ef0ca5__aug1_offline.jpg,8,edbce4c482ef0ca5.jpg,card_like
edbce4c482ef0ca5__aug2_offline.jpg,8,edbce4c482ef0ca5.jpg,card_like
edbf627d7217a4af__aug0_offline.jpg,9,edbf627d7217a4af.jpg,card_like
edbf627d7217a4af__aug1_offline.jpg,9,edbf627d7217a4af.jpg,card_like
edbf627d7217a4af__aug2_offline.jpg,9,edbf627d7217a4af.jpg,card_like
edd68ccff7032f5e__aug0_offline.jpg,8,edd68ccff7032f5e.jpg,card_like
edd68ccff7032f5e__aug1_offline.jpg,8,edd68ccff7032f5e.jpg,card_like
edd68ccff7032f5e__aug2_offline.jpg,8,edd68ccff7032f5e.jpg,card_like
ede6635db719d5b7__aug0_offline.jpg,3,ede6635db719d5b7.jpg,doc
ede6635db719d5b7__aug1_offline.jpg,3,ede6635db719d5b7.jpg,doc
ede6635db719d5b7__aug2_offline.jpg,3,ede6635db719d5b7.jpg,doc
ee28c456f43bff84__aug0_offline.jpg,4,ee28c456f43bff84.jpg,doc
ee28c456f43bff84__aug1_offline.jpg,4,ee28c456f43bff84.jpg,doc
ee28c456f43bff84__aug2_offline.jpg,4,ee28c456f43bff84.jpg,doc
ee44ae70132a1882__aug0_offline.jpg,0,ee44ae70132a1882.jpg,doc
ee44ae70132a1882__aug1_offline.jpg,0,ee44ae70132a1882.jpg,doc
ee44ae70132a1882__aug2_offline.jpg,0,ee44ae70132a1882.jpg,doc
ee459b37af794ed7__aug0_offline.jpg,0,ee459b37af794ed7.jpg,doc
ee459b37af794ed7__aug1_offline.jpg,0,ee459b37af794ed7.jpg,doc
ee459b37af794ed7__aug2_offline.jpg,0,ee459b37af794ed7.jpg,doc
ee4a18281036112e__aug0_offline.jpg,15,ee4a18281036112e.jpg,doc
ee4a18281036112e__aug1_offline.jpg,15,ee4a18281036112e.jpg,doc
ee4a18281036112e__aug2_offline.jpg,15,ee4a18281036112e.jpg,doc
ee655aa579958dab__aug0_offline.jpg,15,ee655aa579958dab.jpg,doc
ee655aa579958dab__aug1_offline.jpg,15,ee655aa579958dab.jpg,doc
ee655aa579958dab__aug2_offline.jpg,15,ee655aa579958dab.jpg,doc
ee943015dc2fda3b__aug0_offline.jpg,0,ee943015dc2fda3b.jpg,doc
ee943015dc2fda3b__aug1_offline.jpg,0,ee943015dc2fda3b.jpg,doc
ee943015dc2fda3b__aug2_offline.jpg,0,ee943015dc2fda3b.jpg,doc
ef1e64cf23af5029__aug0_offline.jpg,2,ef1e64cf23af5029.jpg,non_doc
ef1e64cf23af5029__aug1_offline.jpg,2,ef1e64cf23af5029.jpg,non_doc
ef1e64cf23af5029__aug2_offline.jpg,2,ef1e64cf23af5029.jpg,non_doc
ef20ff8f143bfafc__aug0_offline.jpg,5,ef20ff8f143bfafc.jpg,card_like
ef20ff8f143bfafc__aug1_offline.jpg,5,ef20ff8f143bfafc.jpg,card_like
ef20ff8f143bfafc__aug2_offline.jpg,5,ef20ff8f143bfafc.jpg,card_like
ef2bf2a6aa6f525d__aug0_offline.jpg,14,ef2bf2a6aa6f525d.jpg,doc
ef2bf2a6aa6f525d__aug1_offline.jpg,14,ef2bf2a6aa6f525d.jpg,doc
ef2bf2a6aa6f525d__aug2_offline.jpg,14,ef2bf2a6aa6f525d.jpg,doc
ef2bf2a6aa6f525d__aug3_offline.jpg,14,ef2bf2a6aa6f525d.jpg,doc
ef2bf2a6aa6f525d__aug4_offline.jpg,14,ef2bf2a6aa6f525d.jpg,doc
ef2bf2a6aa6f525d__aug5_offline.jpg,14,ef2bf2a6aa6f525d.jpg,doc
ef2bf2a6aa6f525d__aug6_offline.jpg,14,ef2bf2a6aa6f525d.jpg,doc
ef2bf2a6aa6f525d__aug7_offline.jpg,14,ef2bf2a6aa6f525d.jpg,doc
ef48d12d2e4ff667__aug0_offline.jpg,15,ef48d12d2e4ff667.jpg,doc
ef48d12d2e4ff667__aug1_offline.jpg,15,ef48d12d2e4ff667.jpg,doc
ef48d12d2e4ff667__aug2_offline.jpg,15,ef48d12d2e4ff667.jpg,doc
ef58942d1d7307fa__aug0_offline.jpg,6,ef58942d1d7307fa.jpg,doc
ef58942d1d7307fa__aug1_offline.jpg,6,ef58942d1d7307fa.jpg,doc
ef58942d1d7307fa__aug2_offline.jpg,6,ef58942d1d7307fa.jpg,doc
efb9805cc6106c48__aug0_offline.jpg,6,efb9805cc6106c48.jpg,doc
efb9805cc6106c48__aug1_offline.jpg,6,efb9805cc6106c48.jpg,doc
efb9805cc6106c48__aug2_offline.jpg,6,efb9805cc6106c48.jpg,doc
efd4eca4cf555c9c__aug0_offline.jpg,8,efd4eca4cf555c9c.jpg,card_like
efd4eca4cf555c9c__aug1_offline.jpg,8,efd4eca4cf555c9c.jpg,card_like
efd4eca4cf555c9c__aug2_offline.jpg,8,efd4eca4cf555c9c.jpg,card_like
efe9e1842d56c038__aug0_offline.jpg,9,efe9e1842d56c038.jpg,card_like
efe9e1842d56c038__aug1_offline.jpg,9,efe9e1842d56c038.jpg,card_like
efe9e1842d56c038__aug2_offline.jpg,9,efe9e1842d56c038.jpg,card_like
f061a4d1f9a12a9d__aug0_offline.jpg,3,f061a4d1f9a12a9d.jpg,doc
f061a4d1f9a12a9d__aug1_offline.jpg,3,f061a4d1f9a12a9d.jpg,doc
f061a4d1f9a12a9d__aug2_offline.jpg,3,f061a4d1f9a12a9d.jpg,doc
f0c0ce213221e4c1__aug0_offline.jpg,3,f0c0ce213221e4c1.jpg,doc
f0c0ce213221e4c1__aug1_offline.jpg,3,f0c0ce213221e4c1.jpg,doc
f0c0ce213221e4c1__aug2_offline.jpg,3,f0c0ce213221e4c1.jpg,doc
f0d11155d48758de__aug0_offline.jpg,1,f0d11155d48758de.jpg,doc
f0d11155d48758de__aug1_offline.jpg,1,f0d11155d48758de.jpg,doc
f0d11155d48758de__aug2_offline.jpg,1,f0d11155d48758de.jpg,doc
f0d11155d48758de__aug3_offline.jpg,1,f0d11155d48758de.jpg,doc
f0d11155d48758de__aug4_offline.jpg,1,f0d11155d48758de.jpg,doc
f0d11155d48758de__aug5_offline.jpg,1,f0d11155d48758de.jpg,doc
f0d11155d48758de__aug6_offline.jpg,1,f0d11155d48758de.jpg,doc
f0d11155d48758de__aug7_offline.jpg,1,f0d11155d48758de.jpg,doc
f0d11155d48758de__aug8_offline.jpg,1,f0d11155d48758de.jpg,doc
f111c0504fbd9b4a__aug0_offline.jpg,9,f111c0504fbd9b4a.jpg,card_like
f111c0504fbd9b4a__aug1_offline.jpg,9,f111c0504fbd9b4a.jpg,card_like
f111c0504fbd9b4a__aug2_offline.jpg,9,f111c0504fbd9b4a.jpg,card_like
f15534042b2fe647__aug0_offline.jpg,2,f15534042b2fe647.jpg,non_doc
f15534042b2fe647__aug1_offline.jpg,2,f15534042b2fe647.jpg,non_doc
f15534042b2fe647__aug2_offline.jpg,2,f15534042b2fe647.jpg,non_doc
f185764e6c371e7b__aug0_offline.jpg,2,f185764e6c371e7b.jpg,non_doc
f185764e6c371e7b__aug1_offline.jpg,2,f185764e6c371e7b.jpg,non_doc
f185764e6c371e7b__aug2_offline.jpg,2,f185764e6c371e7b.jpg,non_doc
f2079413e6c49f35__aug0_offline.jpg,8,f2079413e6c49f35.jpg,card_like
f2079413e6c49f35__aug1_offline.jpg,8,f2079413e6c49f35.jpg,card_like
f2079413e6c49f35__aug2_offline.jpg,8,f2079413e6c49f35.jpg,card_like
f21a8b486a1c8077__aug0_offline.jpg,16,f21a8b486a1c8077.jpg,non_doc
f21a8b486a1c8077__aug1_offline.jpg,16,f21a8b486a1c8077.jpg,non_doc
f21a8b486a1c8077__aug2_offline.jpg,16,f21a8b486a1c8077.jpg,non_doc
f21d717d6df9c74d__aug0_offline.jpg,16,f21d717d6df9c74d.jpg,non_doc
f21d717d6df9c74d__aug1_offline.jpg,16,f21d717d6df9c74d.jpg,non_doc
f21d717d6df9c74d__aug2_offline.jpg,16,f21d717d6df9c74d.jpg,non_doc
f22ee2bc97dfaacb__aug0_offline.jpg,2,f22ee2bc97dfaacb.jpg,non_doc
f22ee2bc97dfaacb__aug1_offline.jpg,2,f22ee2bc97dfaacb.jpg,non_doc
f22ee2bc97dfaacb__aug2_offline.jpg,2,f22ee2bc97dfaacb.jpg,non_doc
f230a7ad534c49a6__aug0_offline.jpg,6,f230a7ad534c49a6.jpg,doc
f230a7ad534c49a6__aug1_offline.jpg,6,f230a7ad534c49a6.jpg,doc
f230a7ad534c49a6__aug2_offline.jpg,6,f230a7ad534c49a6.jpg,doc
f23244d093034a7e__aug0_offline.jpg,4,f23244d093034a7e.jpg,doc
f23244d093034a7e__aug1_offline.jpg,4,f23244d093034a7e.jpg,doc
f23244d093034a7e__aug2_offline.jpg,4,f23244d093034a7e.jpg,doc
f240b7e2b3f64ba0__aug0_offline.jpg,0,f240b7e2b3f64ba0.jpg,doc
f240b7e2b3f64ba0__aug1_offline.jpg,0,f240b7e2b3f64ba0.jpg,doc
f240b7e2b3f64ba0__aug2_offline.jpg,0,f240b7e2b3f64ba0.jpg,doc
f26f68c2c5db8b9b__aug0_offline.jpg,8,f26f68c2c5db8b9b.jpg,card_like
f26f68c2c5db8b9b__aug1_offline.jpg,8,f26f68c2c5db8b9b.jpg,card_like
f26f68c2c5db8b9b__aug2_offline.jpg,8,f26f68c2c5db8b9b.jpg,card_like
f271e8aa74800bae__aug0_offline.jpg,9,f271e8aa74800bae.jpg,card_like
f271e8aa74800bae__aug1_offline.jpg,9,f271e8aa74800bae.jpg,card_like
f271e8aa74800bae__aug2_offline.jpg,9,f271e8aa74800bae.jpg,card_like
f2d8a196eade5657__aug0_offline.jpg,11,f2d8a196eade5657.jpg,doc
f2d8a196eade5657__aug1_offline.jpg,11,f2d8a196eade5657.jpg,doc
f2d8a196eade5657__aug2_offline.jpg,11,f2d8a196eade5657.jpg,doc
f3288f19fb0f2b75__aug0_offline.jpg,14,f3288f19fb0f2b75.jpg,doc
f3288f19fb0f2b75__aug1_offline.jpg,14,f3288f19fb0f2b75.jpg,doc
f3288f19fb0f2b75__aug2_offline.jpg,14,f3288f19fb0f2b75.jpg,doc
f3288f19fb0f2b75__aug3_offline.jpg,14,f3288f19fb0f2b75.jpg,doc
f3288f19fb0f2b75__aug4_offline.jpg,14,f3288f19fb0f2b75.jpg,doc
f3288f19fb0f2b75__aug5_offline.jpg,14,f3288f19fb0f2b75.jpg,doc
f3288f19fb0f2b75__aug6_offline.jpg,14,f3288f19fb0f2b75.jpg,doc
f3288f19fb0f2b75__aug7_offline.jpg,14,f3288f19fb0f2b75.jpg,doc
f3451b2510437eba__aug0_offline.jpg,14,f3451b2510437eba.jpg,doc
f3451b2510437eba__aug1_offline.jpg,14,f3451b2510437eba.jpg,doc
f3451b2510437eba__aug2_offline.jpg,14,f3451b2510437eba.jpg,doc
f3451b2510437eba__aug3_offline.jpg,14,f3451b2510437eba.jpg,doc
f3451b2510437eba__aug4_offline.jpg,14,f3451b2510437eba.jpg,doc
f3451b2510437eba__aug5_offline.jpg,14,f3451b2510437eba.jpg,doc
f3451b2510437eba__aug6_offline.jpg,14,f3451b2510437eba.jpg,doc
f3451b2510437eba__aug7_offline.jpg,14,f3451b2510437eba.jpg,doc
f35b36871c75494a__aug0_offline.jpg,4,f35b36871c75494a.jpg,doc
f35b36871c75494a__aug1_offline.jpg,4,f35b36871c75494a.jpg,doc
f35b36871c75494a__aug2_offline.jpg,4,f35b36871c75494a.jpg,doc
f3d4cabc480bfc06__aug0_offline.jpg,14,f3d4cabc480bfc06.jpg,doc
f3d4cabc480bfc06__aug1_offline.jpg,14,f3d4cabc480bfc06.jpg,doc
f3d4cabc480bfc06__aug2_offline.jpg,14,f3d4cabc480bfc06.jpg,doc
f3d4cabc480bfc06__aug3_offline.jpg,14,f3d4cabc480bfc06.jpg,doc
f3d4cabc480bfc06__aug4_offline.jpg,14,f3d4cabc480bfc06.jpg,doc
f3d4cabc480bfc06__aug5_offline.jpg,14,f3d4cabc480bfc06.jpg,doc
f3d4cabc480bfc06__aug6_offline.jpg,14,f3d4cabc480bfc06.jpg,doc
f3d4cabc480bfc06__aug7_offline.jpg,14,f3d4cabc480bfc06.jpg,doc
f3d71b46eaba052c__aug0_offline.jpg,8,f3d71b46eaba052c.jpg,card_like
f3d71b46eaba052c__aug1_offline.jpg,8,f3d71b46eaba052c.jpg,card_like
f3d71b46eaba052c__aug2_offline.jpg,8,f3d71b46eaba052c.jpg,card_like
f45f490c82c43c39__aug0_offline.jpg,5,f45f490c82c43c39.jpg,card_like
f45f490c82c43c39__aug1_offline.jpg,5,f45f490c82c43c39.jpg,card_like
f45f490c82c43c39__aug2_offline.jpg,5,f45f490c82c43c39.jpg,card_like
f4775a882a619874__aug0_offline.jpg,2,f4775a882a619874.jpg,non_doc
f4775a882a619874__aug1_offline.jpg,2,f4775a882a619874.jpg,non_doc
f4775a882a619874__aug2_offline.jpg,2,f4775a882a619874.jpg,non_doc
f48bfe5c8b9948b4__aug0_offline.jpg,9,f48bfe5c8b9948b4.jpg,card_like
f48bfe5c8b9948b4__aug1_offline.jpg,9,f48bfe5c8b9948b4.jpg,card_like
f48bfe5c8b9948b4__aug2_offline.jpg,9,f48bfe5c8b9948b4.jpg,card_like
f4d4c7510f579845__aug0_offline.jpg,16,f4d4c7510f579845.jpg,non_doc
f4d4c7510f579845__aug1_offline.jpg,16,f4d4c7510f579845.jpg,non_doc
f4d4c7510f579845__aug2_offline.jpg,16,f4d4c7510f579845.jpg,non_doc
f4ed57b980215e6d__aug0_offline.jpg,16,f4ed57b980215e6d.jpg,non_doc
f4ed57b980215e6d__aug1_offline.jpg,16,f4ed57b980215e6d.jpg,non_doc
f4ed57b980215e6d__aug2_offline.jpg,16,f4ed57b980215e6d.jpg,non_doc
f4fa7f3070cf4203__aug0_offline.jpg,13,f4fa7f3070cf4203.jpg,doc
f4fa7f3070cf4203__aug1_offline.jpg,13,f4fa7f3070cf4203.jpg,doc
f4fa7f3070cf4203__aug2_offline.jpg,13,f4fa7f3070cf4203.jpg,doc
f4fa7f3070cf4203__aug3_offline.jpg,13,f4fa7f3070cf4203.jpg,doc
f5ea433b1cf5757d__aug0_offline.jpg,13,f5ea433b1cf5757d.jpg,doc
f5ea433b1cf5757d__aug1_offline.jpg,13,f5ea433b1cf5757d.jpg,doc
f5ea433b1cf5757d__aug2_offline.jpg,13,f5ea433b1cf5757d.jpg,doc
f5ea433b1cf5757d__aug3_offline.jpg,13,f5ea433b1cf5757d.jpg,doc
f600c9bd27ad3bcf__aug0_offline.jpg,10,f600c9bd27ad3bcf.jpg,doc
f600c9bd27ad3bcf__aug1_offline.jpg,10,f600c9bd27ad3bcf.jpg,doc
f600c9bd27ad3bcf__aug2_offline.jpg,10,f600c9bd27ad3bcf.jpg,doc
f639384a02c71efd__aug0_offline.jpg,7,f639384a02c71efd.jpg,doc
f639384a02c71efd__aug1_offline.jpg,7,f639384a02c71efd.jpg,doc
f639384a02c71efd__aug2_offline.jpg,7,f639384a02c71efd.jpg,doc
f658d910990982f7__aug0_offline.jpg,4,f658d910990982f7.jpg,doc
f658d910990982f7__aug1_offline.jpg,4,f658d910990982f7.jpg,doc
f658d910990982f7__aug2_offline.jpg,4,f658d910990982f7.jpg,doc
f66cc08a628bc668__aug0_offline.jpg,7,f66cc08a628bc668.jpg,doc
f66cc08a628bc668__aug1_offline.jpg,7,f66cc08a628bc668.jpg,doc
f66cc08a628bc668__aug2_offline.jpg,7,f66cc08a628bc668.jpg,doc
f695cf40f51a910c__aug0_offline.jpg,0,f695cf40f51a910c.jpg,doc
f695cf40f51a910c__aug1_offline.jpg,0,f695cf40f51a910c.jpg,doc
f695cf40f51a910c__aug2_offline.jpg,0,f695cf40f51a910c.jpg,doc
f6a6192b791a65a1__aug0_offline.jpg,0,f6a6192b791a65a1.jpg,doc
f6a6192b791a65a1__aug1_offline.jpg,0,f6a6192b791a65a1.jpg,doc
f6a6192b791a65a1__aug2_offline.jpg,0,f6a6192b791a65a1.jpg,doc
f759a6c7482b66b0__aug0_offline.jpg,15,f759a6c7482b66b0.jpg,doc
f759a6c7482b66b0__aug1_offline.jpg,15,f759a6c7482b66b0.jpg,doc
f759a6c7482b66b0__aug2_offline.jpg,15,f759a6c7482b66b0.jpg,doc
f788a023a71dd962__aug0_offline.jpg,15,f788a023a71dd962.jpg,doc
f788a023a71dd962__aug1_offline.jpg,15,f788a023a71dd962.jpg,doc
f788a023a71dd962__aug2_offline.jpg,15,f788a023a71dd962.jpg,doc
f7a8b8730ac4a993__aug0_offline.jpg,15,f7a8b8730ac4a993.jpg,doc
f7a8b8730ac4a993__aug1_offline.jpg,15,f7a8b8730ac4a993.jpg,doc
f7a8b8730ac4a993__aug2_offline.jpg,15,f7a8b8730ac4a993.jpg,doc
f7adaf5535c0ba79__aug0_offline.jpg,12,f7adaf5535c0ba79.jpg,doc
f7adaf5535c0ba79__aug1_offline.jpg,12,f7adaf5535c0ba79.jpg,doc
f7adaf5535c0ba79__aug2_offline.jpg,12,f7adaf5535c0ba79.jpg,doc
f7b8a56acc3d85c7__aug0_offline.jpg,12,f7b8a56acc3d85c7.jpg,doc
f7b8a56acc3d85c7__aug1_offline.jpg,12,f7b8a56acc3d85c7.jpg,doc
f7b8a56acc3d85c7__aug2_offline.jpg,12,f7b8a56acc3d85c7.jpg,doc
f82b35c533b6fa81__aug0_offline.jpg,8,f82b35c533b6fa81.jpg,card_like
f82b35c533b6fa81__aug1_offline.jpg,8,f82b35c533b6fa81.jpg,card_like
f82b35c533b6fa81__aug2_offline.jpg,8,f82b35c533b6fa81.jpg,card_like
f8a6ddf714baa3ec__aug0_offline.jpg,10,f8a6ddf714baa3ec.jpg,doc
f8a6ddf714baa3ec__aug1_offline.jpg,10,f8a6ddf714baa3ec.jpg,doc
f8a6ddf714baa3ec__aug2_offline.jpg,10,f8a6ddf714baa3ec.jpg,doc
f8e30abea6d91d16__aug0_offline.jpg,12,f8e30abea6d91d16.jpg,doc
f8e30abea6d91d16__aug1_offline.jpg,12,f8e30abea6d91d16.jpg,doc
f8e30abea6d91d16__aug2_offline.jpg,12,f8e30abea6d91d16.jpg,doc
f91e11f9cf1fd712__aug0_offline.jpg,15,f91e11f9cf1fd712.jpg,doc
f91e11f9cf1fd712__aug1_offline.jpg,15,f91e11f9cf1fd712.jpg,doc
f91e11f9cf1fd712__aug2_offline.jpg,15,f91e11f9cf1fd712.jpg,doc
f9b5addf7a5b4407__aug0_offline.jpg,4,f9b5addf7a5b4407.jpg,doc
f9b5addf7a5b4407__aug1_offline.jpg,4,f9b5addf7a5b4407.jpg,doc
f9b5addf7a5b4407__aug2_offline.jpg,4,f9b5addf7a5b4407.jpg,doc
f9bfe5eae7d723ce__aug0_offline.jpg,7,f9bfe5eae7d723ce.jpg,doc
f9bfe5eae7d723ce__aug1_offline.jpg,7,f9bfe5eae7d723ce.jpg,doc
f9bfe5eae7d723ce__aug2_offline.jpg,7,f9bfe5eae7d723ce.jpg,doc
f9da59df0d43b302__aug0_offline.jpg,16,f9da59df0d43b302.jpg,non_doc
f9da59df0d43b302__aug1_offline.jpg,16,f9da59df0d43b302.jpg,non_doc
f9da59df0d43b302__aug2_offline.jpg,16,f9da59df0d43b302.jpg,non_doc
f9e939c205cea5c6__aug0_offline.jpg,7,f9e939c205cea5c6.jpg,doc
f9e939c205cea5c6__aug1_offline.jpg,7,f9e939c205cea5c6.jpg,doc
f9e939c205cea5c6__aug2_offline.jpg,7,f9e939c205cea5c6.jpg,doc
f9ebb85e2929b388__aug0_offline.jpg,16,f9ebb85e2929b388.jpg,non_doc
f9ebb85e2929b388__aug1_offline.jpg,16,f9ebb85e2929b388.jpg,non_doc
f9ebb85e2929b388__aug2_offline.jpg,16,f9ebb85e2929b388.jpg,non_doc
fa3d55efc42982a7__aug0_offline.jpg,5,fa3d55efc42982a7.jpg,card_like
fa3d55efc42982a7__aug1_offline.jpg,5,fa3d55efc42982a7.jpg,card_like
fa3d55efc42982a7__aug2_offline.jpg,5,fa3d55efc42982a7.jpg,card_like
fa6d6811b624d725__aug0_offline.jpg,6,fa6d6811b624d725.jpg,doc
fa6d6811b624d725__aug1_offline.jpg,6,fa6d6811b624d725.jpg,doc
fa6d6811b624d725__aug2_offline.jpg,6,fa6d6811b624d725.jpg,doc
fa794d60fc55156e__aug0_offline.jpg,4,fa794d60fc55156e.jpg,doc
fa794d60fc55156e__aug1_offline.jpg,4,fa794d60fc55156e.jpg,doc
fa794d60fc55156e__aug2_offline.jpg,4,fa794d60fc55156e.jpg,doc
fa8945c106e8e610__aug0_offline.jpg,7,fa8945c106e8e610.jpg,doc
fa8945c106e8e610__aug1_offline.jpg,7,fa8945c106e8e610.jpg,doc
fa8945c106e8e610__aug2_offline.jpg,7,fa8945c106e8e610.jpg,doc
fae8d5c25f02d86a__aug0_offline.jpg,16,fae8d5c25f02d86a.jpg,non_doc
fae8d5c25f02d86a__aug1_offline.jpg,16,fae8d5c25f02d86a.jpg,non_doc
fae8d5c25f02d86a__aug2_offline.jpg,16,fae8d5c25f02d86a.jpg,non_doc
fb366e8a1290169b__aug0_offline.jpg,2,fb366e8a1290169b.jpg,non_doc
fb366e8a1290169b__aug1_offline.jpg,2,fb366e8a1290169b.jpg,non_doc
fb366e8a1290169b__aug2_offline.jpg,2,fb366e8a1290169b.jpg,non_doc
fb70357d03187bf2__aug0_offline.jpg,14,fb70357d03187bf2.jpg,doc
fb70357d03187bf2__aug1_offline.jpg,14,fb70357d03187bf2.jpg,doc
fb70357d03187bf2__aug2_offline.jpg,14,fb70357d03187bf2.jpg,doc
fb70357d03187bf2__aug3_offline.jpg,14,fb70357d03187bf2.jpg,doc
fb70357d03187bf2__aug4_offline.jpg,14,fb70357d03187bf2.jpg,doc
fb70357d03187bf2__aug5_offline.jpg,14,fb70357d03187bf2.jpg,doc
fb70357d03187bf2__aug6_offline.jpg,14,fb70357d03187bf2.jpg,doc
fb70357d03187bf2__aug7_offline.jpg,14,fb70357d03187bf2.jpg,doc
fba49012c202152d__aug0_offline.jpg,0,fba49012c202152d.jpg,doc
fba49012c202152d__aug1_offline.jpg,0,fba49012c202152d.jpg,doc
fba49012c202152d__aug2_offline.jpg,0,fba49012c202152d.jpg,doc
fbb4583f64729d01__aug0_offline.jpg,9,fbb4583f64729d01.jpg,card_like
fbb4583f64729d01__aug1_offline.jpg,9,fbb4583f64729d01.jpg,card_like
fbb4583f64729d01__aug2_offline.jpg,9,fbb4583f64729d01.jpg,card_like
fc222cca276469b7__aug0_offline.jpg,10,fc222cca276469b7.jpg,doc
fc222cca276469b7__aug1_offline.jpg,10,fc222cca276469b7.jpg,doc
fc222cca276469b7__aug2_offline.jpg,10,fc222cca276469b7.jpg,doc
fc85f507537c9300__aug0_offline.jpg,4,fc85f507537c9300.jpg,doc
fc85f507537c9300__aug1_offline.jpg,4,fc85f507537c9300.jpg,doc
fc85f507537c9300__aug2_offline.jpg,4,fc85f507537c9300.jpg,doc
fc86eb71611c9854__aug0_offline.jpg,6,fc86eb71611c9854.jpg,doc
fc86eb71611c9854__aug1_offline.jpg,6,fc86eb71611c9854.jpg,doc
fc86eb71611c9854__aug2_offline.jpg,6,fc86eb71611c9854.jpg,doc
fcc6d937960351e3__aug0_offline.jpg,11,fcc6d937960351e3.jpg,doc
fcc6d937960351e3__aug1_offline.jpg,11,fcc6d937960351e3.jpg,doc
fcc6d937960351e3__aug2_offline.jpg,11,fcc6d937960351e3.jpg,doc
fcd1212f7d0a474e__aug0_offline.jpg,1,fcd1212f7d0a474e.jpg,doc
fcd1212f7d0a474e__aug1_offline.jpg,1,fcd1212f7d0a474e.jpg,doc
fcd1212f7d0a474e__aug2_offline.jpg,1,fcd1212f7d0a474e.jpg,doc
fcd1212f7d0a474e__aug3_offline.jpg,1,fcd1212f7d0a474e.jpg,doc
fcd1212f7d0a474e__aug4_offline.jpg,1,fcd1212f7d0a474e.jpg,doc
fcd1212f7d0a474e__aug5_offline.jpg,1,fcd1212f7d0a474e.jpg,doc
fcd1212f7d0a474e__aug6_offline.jpg,1,fcd1212f7d0a474e.jpg,doc
fcd1212f7d0a474e__aug7_offline.jpg,1,fcd1212f7d0a474e.jpg,doc
fcd1212f7d0a474e__aug8_offline.jpg,1,fcd1212f7d0a474e.jpg,doc
fd0e37a8306b5905__aug0_offline.jpg,10,fd0e37a8306b5905.jpg,doc
fd0e37a8306b5905__aug1_offline.jpg,10,fd0e37a8306b5905.jpg,doc
fd0e37a8306b5905__aug2_offline.jpg,10,fd0e37a8306b5905.jpg,doc
fd344db80a9a9708__aug0_offline.jpg,2,fd344db80a9a9708.jpg,non_doc
fd344db80a9a9708__aug1_offline.jpg,2,fd344db80a9a9708.jpg,non_doc
fd344db80a9a9708__aug2_offline.jpg,2,fd344db80a9a9708.jpg,non_doc
fd3cfa9a0566549e__aug0_offline.jpg,5,fd3cfa9a0566549e.jpg,card_like
fd3cfa9a0566549e__aug1_offline.jpg,5,fd3cfa9a0566549e.jpg,card_like
fd3cfa9a0566549e__aug2_offline.jpg,5,fd3cfa9a0566549e.jpg,card_like
fd4b76606f445882__aug0_offline.jpg,5,fd4b76606f445882.jpg,card_like
fd4b76606f445882__aug1_offline.jpg,5,fd4b76606f445882.jpg,card_like
fd4b76606f445882__aug2_offline.jpg,5,fd4b76606f445882.jpg,card_like
fda9f9b14d231899__aug0_offline.jpg,12,fda9f9b14d231899.jpg,doc
fda9f9b14d231899__aug1_offline.jpg,12,fda9f9b14d231899.jpg,doc
fda9f9b14d231899__aug2_offline.jpg,12,fda9f9b14d231899.jpg,doc
fe30845b79d1d42f__aug0_offline.jpg,7,fe30845b79d1d42f.jpg,doc
fe30845b79d1d42f__aug1_offline.jpg,7,fe30845b79d1d42f.jpg,doc
fe30845b79d1d42f__aug2_offline.jpg,7,fe30845b79d1d42f.jpg,doc
fe73481aadfbec34__aug0_offline.jpg,3,fe73481aadfbec34.jpg,doc
fe73481aadfbec34__aug1_offline.jpg,3,fe73481aadfbec34.jpg,doc
fe73481aadfbec34__aug2_offline.jpg,3,fe73481aadfbec34.jpg,doc
fe8093a9eab697de__aug0_offline.jpg,16,fe8093a9eab697de.jpg,non_doc
fe8093a9eab697de__aug1_offline.jpg,16,fe8093a9eab697de.jpg,non_doc
fe8093a9eab697de__aug2_offline.jpg,16,fe8093a9eab697de.jpg,non_doc
fe89027e179546dc__aug0_offline.jpg,6,fe89027e179546dc.jpg,doc
fe89027e179546dc__aug1_offline.jpg,6,fe89027e179546dc.jpg,doc
fe89027e179546dc__aug2_offline.jpg,6,fe89027e179546dc.jpg,doc
fe9683317086dbab__aug0_offline.jpg,3,fe9683317086dbab.jpg,doc
fe9683317086dbab__aug1_offline.jpg,3,fe9683317086dbab.jpg,doc
fe9683317086dbab__aug2_offline.jpg,3,fe9683317086dbab.jpg,doc
fea6ad156a141a37__aug0_offline.jpg,8,fea6ad156a141a37.jpg,card_like
fea6ad156a141a37__aug1_offline.jpg,8,fea6ad156a141a37.jpg,card_like
fea6ad156a141a37__aug2_offline.jpg,8,fea6ad156a141a37.jpg,card_like
fed9e9ec4a77bc06__aug0_offline.jpg,4,fed9e9ec4a77bc06.jpg,doc
fed9e9ec4a77bc06__aug1_offline.jpg,4,fed9e9ec4a77bc06.jpg,doc
fed9e9ec4a77bc06__aug2_offline.jpg,4,fed9e9ec4a77bc06.jpg,doc
feeade617aa68c45__aug0_offline.jpg,7,feeade617aa68c45.jpg,doc
feeade617aa68c45__aug1_offline.jpg,7,feeade617aa68c45.jpg,doc
feeade617aa68c45__aug2_offline.jpg,7,feeade617aa68c45.jpg,doc
ff51dd281a8423f1__aug0_offline.jpg,11,ff51dd281a8423f1.jpg,doc
ff51dd281a8423f1__aug1_offline.jpg,11,ff51dd281a8423f1.jpg,doc
ff51dd281a8423f1__aug2_offline.jpg,11,ff51dd281a8423f1.jpg,doc
ff8a6a251ce51c95__aug0_offline.jpg,5,ff8a6a251ce51c95.jpg,card_like
ff8a6a251ce51c95__aug1_offline.jpg,5,ff8a6a251ce51c95.jpg,card_like
ff8a6a251ce51c95__aug2_offline.jpg,5,ff8a6a251ce51c95.jpg,card_like
ffc22136f958deb1__aug0_offline.jpg,9,ffc22136f958deb1.jpg,card_like
ffc22136f958deb1__aug1_offline.jpg,9,ffc22136f958deb1.jpg,card_like
ffc22136f958deb1__aug2_offline.jpg,9,ffc22136f958deb1.jpg,card_like
be53872196b3ae1d__aug0_offline.jpg,3,be53872196b3ae1d.jpg,doc
be53872196b3ae1d__aug1_offline.jpg,3,be53872196b3ae1d.jpg,doc
be53872196b3ae1d__aug2_offline.jpg,3,be53872196b3ae1d.jpg,doc
be53872196b3ae1d_aug_clahe__aug0_offline.jpg,3,be53872196b3ae1d_aug_clahe.jpg,doc
be53872196b3ae1d_aug_clahe__aug1_offline.jpg,3,be53872196b3ae1d_aug_clahe.jpg,doc
be53872196b3ae1d_aug_clahe__aug2_offline.jpg,3,be53872196b3ae1d_aug_clahe.jpg,doc
be53872196b3ae1d_aug_motion_blur__aug0_offline.jpg,3,be53872196b3ae1d_aug_motion_blur.jpg,doc
be53872196b3ae1d_aug_motion_blur__aug1_offline.jpg,3,be53872196b3ae1d_aug_motion_blur.jpg,doc
be53872196b3ae1d_aug_motion_blur__aug2_offline.jpg,3,be53872196b3ae1d_aug_motion_blur.jpg,doc
be53872196b3ae1d_aug_iso_noise__aug0_offline.jpg,3,be53872196b3ae1d_aug_iso_noise.jpg,doc
be53872196b3ae1d_aug_iso_noise__aug1_offline.jpg,3,be53872196b3ae1d_aug_iso_noise.jpg,doc
be53872196b3ae1d_aug_iso_noise__aug2_offline.jpg,3,be53872196b3ae1d_aug_iso_noise.jpg,doc
be53872196b3ae1d_aug_perspective__aug0_offline.jpg,3,be53872196b3ae1d_aug_perspective.jpg,doc
be53872196b3ae1d_aug_perspective__aug1_offline.jpg,3,be53872196b3ae1d_aug_perspective.jpg,doc
be53872196b3ae1d_aug_perspective__aug2_offline.jpg,3,be53872196b3ae1d_aug_perspective.jpg,doc
f0fc4e2f239e236b__aug0_offline.jpg,13,f0fc4e2f239e236b.jpg,doc
f0fc4e2f239e236b__aug1_offline.jpg,13,f0fc4e2f239e236b.jpg,doc
f0fc4e2f239e236b__aug2_offline.jpg,13,f0fc4e2f239e236b.jpg,doc
f0fc4e2f239e236b__aug3_offline.jpg,13,f0fc4e2f239e236b.jpg,doc
f0fc4e2f239e236b_aug_clahe__aug0_offline.jpg,13,f0fc4e2f239e236b_aug_clahe.jpg,doc
f0fc4e2f239e236b_aug_clahe__aug1_offline.jpg,13,f0fc4e2f239e236b_aug_clahe.jpg,doc
f0fc4e2f239e236b_aug_clahe__aug2_offline.jpg,13,f0fc4e2f239e236b_aug_clahe.jpg,doc
f0fc4e2f239e236b_aug_clahe__aug3_offline.jpg,13,f0fc4e2f239e236b_aug_clahe.jpg,doc
f0fc4e2f239e236b_aug_motion_blur__aug0_offline.jpg,13,f0fc4e2f239e236b_aug_motion_blur.jpg,doc
f0fc4e2f239e236b_aug_motion_blur__aug1_offline.jpg,13,f0fc4e2f239e236b_aug_motion_blur.jpg,doc
f0fc4e2f239e236b_aug_motion_blur__aug2_offline.jpg,13,f0fc4e2f239e236b_aug_motion_blur.jpg,doc
f0fc4e2f239e236b_aug_motion_blur__aug3_offline.jpg,13,f0fc4e2f239e236b_aug_motion_blur.jpg,doc
f0fc4e2f239e236b_aug_iso_noise__aug0_offline.jpg,13,f0fc4e2f239e236b_aug_iso_noise.jpg,doc
f0fc4e2f239e236b_aug_iso_noise__aug1_offline.jpg,13,f0fc4e2f239e236b_aug_iso_noise.jpg,doc
f0fc4e2f239e236b_aug_iso_noise__aug2_offline.jpg,13,f0fc4e2f239e236b_aug_iso_noise.jpg,doc
f0fc4e2f239e236b_aug_iso_noise__aug3_offline.jpg,13,f0fc4e2f239e236b_aug_iso_noise.jpg,doc
f0fc4e2f239e236b_aug_perspective__aug0_offline.jpg,13,f0fc4e2f239e236b_aug_perspective.jpg,doc
f0fc4e2f239e236b_aug_perspective__aug1_offline.jpg,13,f0fc4e2f239e236b_aug_perspective.jpg,doc
f0fc4e2f239e236b_aug_perspective__aug2_offline.jpg,13,f0fc4e2f239e236b_aug_perspective.jpg,doc
f0fc4e2f239e236b_aug_perspective__aug3_offline.jpg,13,f0fc4e2f239e236b_aug_perspective.jpg,doc
f176f6c25b7bd8ae__aug0_offline.jpg,13,f176f6c25b7bd8ae.jpg,doc
f176f6c25b7bd8ae__aug1_offline.jpg,13,f176f6c25b7bd8ae.jpg,doc
f176f6c25b7bd8ae__aug2_offline.jpg,13,f176f6c25b7bd8ae.jpg,doc
f176f6c25b7bd8ae__aug3_offline.jpg,13,f176f6c25b7bd8ae.jpg,doc
f176f6c25b7bd8ae_aug_clahe__aug0_offline.jpg,13,f176f6c25b7bd8ae_aug_clahe.jpg,doc
f176f6c25b7bd8ae_aug_clahe__aug1_offline.jpg,13,f176f6c25b7bd8ae_aug_clahe.jpg,doc
f176f6c25b7bd8ae_aug_clahe__aug2_offline.jpg,13,f176f6c25b7bd8ae_aug_clahe.jpg,doc
f176f6c25b7bd8ae_aug_clahe__aug3_offline.jpg,13,f176f6c25b7bd8ae_aug_clahe.jpg,doc
f176f6c25b7bd8ae_aug_motion_blur__aug0_offline.jpg,13,f176f6c25b7bd8ae_aug_motion_blur.jpg,doc
f176f6c25b7bd8ae_aug_motion_blur__aug1_offline.jpg,13,f176f6c25b7bd8ae_aug_motion_blur.jpg,doc
f176f6c25b7bd8ae_aug_motion_blur__aug2_offline.jpg,13,f176f6c25b7bd8ae_aug_motion_blur.jpg,doc
f176f6c25b7bd8ae_aug_motion_blur__aug3_offline.jpg,13,f176f6c25b7bd8ae_aug_motion_blur.jpg,doc
f176f6c25b7bd8ae_aug_iso_noise__aug0_offline.jpg,13,f176f6c25b7bd8ae_aug_iso_noise.jpg,doc
f176f6c25b7bd8ae_aug_iso_noise__aug1_offline.jpg,13,f176f6c25b7bd8ae_aug_iso_noise.jpg,doc
f176f6c25b7bd8ae_aug_iso_noise__aug2_offline.jpg,13,f176f6c25b7bd8ae_aug_iso_noise.jpg,doc
f176f6c25b7bd8ae_aug_iso_noise__aug3_offline.jpg,13,f176f6c25b7bd8ae_aug_iso_noise.jpg,doc
f176f6c25b7bd8ae_aug_perspective__aug0_offline.jpg,13,f176f6c25b7bd8ae_aug_perspective.jpg,doc
f176f6c25b7bd8ae_aug_perspective__aug1_offline.jpg,13,f176f6c25b7bd8ae_aug_perspective.jpg,doc
f176f6c25b7bd8ae_aug_perspective__aug2_offline.jpg,13,f176f6c25b7bd8ae_aug_perspective.jpg,doc
f176f6c25b7bd8ae_aug_perspective__aug3_offline.jpg,13,f176f6c25b7bd8ae_aug_perspective.jpg,doc
be53872196b3ae1d_aug_clahe_1__aug0_offline.jpg,3,be53872196b3ae1d_aug_clahe_1.jpg,doc
be53872196b3ae1d_aug_clahe_1__aug1_offline.jpg,3,be53872196b3ae1d_aug_clahe_1.jpg,doc
be53872196b3ae1d_aug_clahe_1__aug2_offline.jpg,3,be53872196b3ae1d_aug_clahe_1.jpg,doc
be53872196b3ae1d_aug_motion_blur_1__aug0_offline.jpg,3,be53872196b3ae1d_aug_motion_blur_1.jpg,doc
be53872196b3ae1d_aug_motion_blur_1__aug1_offline.jpg,3,be53872196b3ae1d_aug_motion_blur_1.jpg,doc
be53872196b3ae1d_aug_motion_blur_1__aug2_offline.jpg,3,be53872196b3ae1d_aug_motion_blur_1.jpg,doc
be53872196b3ae1d_aug_iso_noise_1__aug0_offline.jpg,3,be53872196b3ae1d_aug_iso_noise_1.jpg,doc
be53872196b3ae1d_aug_iso_noise_1__aug1_offline.jpg,3,be53872196b3ae1d_aug_iso_noise_1.jpg,doc
be53872196b3ae1d_aug_iso_noise_1__aug2_offline.jpg,3,be53872196b3ae1d_aug_iso_noise_1.jpg,doc
be53872196b3ae1d_aug_perspective_1__aug0_offline.jpg,3,be53872196b3ae1d_aug_perspective_1.jpg,doc
be53872196b3ae1d_aug_perspective_1__aug1_offline.jpg,3,be53872196b3ae1d_aug_perspective_1.jpg,doc
be53872196b3ae1d_aug_perspective_1__aug2_offline.jpg,3,be53872196b3ae1d_aug_perspective_1.jpg,doc
f0fc4e2f239e236b_aug_clahe_1__aug0_offline.jpg,13,f0fc4e2f239e236b_aug_clahe_1.jpg,doc
f0fc4e2f239e236b_aug_clahe_1__aug1_offline.jpg,13,f0fc4e2f239e236b_aug_clahe_1.jpg,doc
f0fc4e2f239e236b_aug_clahe_1__aug2_offline.jpg,13,f0fc4e2f239e236b_aug_clahe_1.jpg,doc
f0fc4e2f239e236b_aug_clahe_1__aug3_offline.jpg,13,f0fc4e2f239e236b_aug_clahe_1.jpg,doc
f0fc4e2f239e236b_aug_motion_blur_1__aug0_offline.jpg,13,f0fc4e2f239e236b_aug_motion_blur_1.jpg,doc
f0fc4e2f239e236b_aug_motion_blur_1__aug1_offline.jpg,13,f0fc4e2f239e236b_aug_motion_blur_1.jpg,doc
f0fc4e2f239e236b_aug_motion_blur_1__aug2_offline.jpg,13,f0fc4e2f239e236b_aug_motion_blur_1.jpg,doc
f0fc4e2f239e236b_aug_motion_blur_1__aug3_offline.jpg,13,f0fc4e2f239e236b_aug_motion_blur_1.jpg,doc
f0fc4e2f239e236b_aug_iso_noise_1__aug0_offline.jpg,13,f0fc4e2f239e236b_aug_iso_noise_1.jpg,doc
f0fc4e2f239e236b_aug_iso_noise_1__aug1_offline.jpg,13,f0fc4e2f239e236b_aug_iso_noise_1.jpg,doc
f0fc4e2f239e236b_aug_iso_noise_1__aug2_offline.jpg,13,f0fc4e2f239e236b_aug_iso_noise_1.jpg,doc
f0fc4e2f239e236b_aug_iso_noise_1__aug3_offline.jpg,13,f0fc4e2f239e236b_aug_iso_noise_1.jpg,doc
f0fc4e2f239e236b_aug_perspective_1__aug0_offline.jpg,13,f0fc4e2f239e236b_aug_perspective_1.jpg,doc
f0fc4e2f239e236b_aug_perspective_1__aug1_offline.jpg,13,f0fc4e2f239e236b_aug_perspective_1.jpg,doc
f0fc4e2f239e236b_aug_perspective_1__aug2_offline.jpg,13,f0fc4e2f239e236b_aug_perspective_1.jpg,doc
f0fc4e2f239e236b_aug_perspective_1__aug3_offline.jpg,13,f0fc4e2f239e236b_aug_perspective_1.jpg,doc
f176f6c25b7bd8ae_aug_clahe_1__aug0_offline.jpg,13,f176f6c25b7bd8ae_aug_clahe_1.jpg,doc
f176f6c25b7bd8ae_aug_clahe_1__aug1_offline.jpg,13,f176f6c25b7bd8ae_aug_clahe_1.jpg,doc
f176f6c25b7bd8ae_aug_clahe_1__aug2_offline.jpg,13,f176f6c25b7bd8ae_aug_clahe_1.jpg,doc
f176f6c25b7bd8ae_aug_clahe_1__aug3_offline.jpg,13,f176f6c25b7bd8ae_aug_clahe_1.jpg,doc
f176f6c25b7bd8ae_aug_motion_blur_1__aug0_offline.jpg,13,f176f6c25b7bd8ae_aug_motion_blur_1.jpg,doc
f176f6c25b7bd8ae_aug_motion_blur_1__aug1_offline.jpg,13,f176f6c25b7bd8ae_aug_motion_blur_1.jpg,doc
f176f6c25b7bd8ae_aug_motion_blur_1__aug2_offline.jpg,13,f176f6c25b7bd8ae_aug_motion_blur_1.jpg,doc
f176f6c25b7bd8ae_aug_motion_blur_1__aug3_offline.jpg,13,f176f6c25b7bd8ae_aug_motion_blur_1.jpg,doc
f176f6c25b7bd8ae_aug_iso_noise_1__aug0_offline.jpg,13,f176f6c25b7bd8ae_aug_iso_noise_1.jpg,doc
f176f6c25b7bd8ae_aug_iso_noise_1__aug1_offline.jpg,13,f176f6c25b7bd8ae_aug_iso_noise_1.jpg,doc
f176f6c25b7bd8ae_aug_iso_noise_1__aug2_offline.jpg,13,f176f6c25b7bd8ae_aug_iso_noise_1.jpg,doc
f176f6c25b7bd8ae_aug_iso_noise_1__aug3_offline.jpg,13,f176f6c25b7bd8ae_aug_iso_noise_1.jpg,doc
f176f6c25b7bd8ae_aug_perspective_1__aug0_offline.jpg,13,f176f6c25b7bd8ae_aug_perspective_1.jpg,doc
f176f6c25b7bd8ae_aug_perspective_1__aug1_offline.jpg,13,f176f6c25b7bd8ae_aug_perspective_1.jpg,doc
f176f6c25b7bd8ae_aug_perspective_1__aug2_offline.jpg,13,f176f6c25b7bd8ae_aug_perspective_1.jpg,doc
f176f6c25b7bd8ae_aug_perspective_1__aug3_offline.jpg,13,f176f6c25b7bd8ae_aug_perspective_1.jpg,doc
